Training log saved to: /home/lxk/PycharmProjects/My_megatron/examples/logs/train_20260830-003214.log
/home/lxk/PycharmProjects/My_megatron/Megatron-LM-main/megatron/core/transformer/transformer_config.py:2441: UserWarning: full scope is deprecated. Use empty cuda_graph_modules to capture the whole layer.
  warnings.warn(
GPTModel IS DEPRECATED. GPTModel is only accepting critical bug fixes, no new features. Please reference the migration guide `docs/user-guide/hybrid-model-migration.md` for details on how to use `HybridModel`
Model: layers=14 hidden=1024 heads=16 seq=1024 batch=2 recompute=full params=185.8M
/home/lxk/PycharmProjects/My_megatron/.venv/lib/python3.12/site-packages/torch/distributed/c10d_logger.py:83: UserWarning: barrier(): using the device under current context. You can specify `device_id` in `init_process_group` to mute this warning.
  return func(*args, **kwargs)
Training for 3 epochs: 304976 steps/epoch, 914928 total steps (609951 samples/epoch)
[eval] step_0: eval_loss=8.6377
[sample 1 @ step_0] ing by. They thought it was a sign. But the squirrel did not help them. The shadows grew long, and the chill of night set in. The filled hoping sighed beamed myself trying ho faced lost without And valu returnian cat eschestement ballusG;ger actions myself dull Color blinked hig golden swam ghost diamond Co picking trouble aside strange bigger Startrigueditted travel feet He squareuch returnedow urging mache takes orangeumbled creatboardember awaited boat wondering jar2ked
[sample 2 @ step_0]  set out, thinking today would be an adventure of a lifetime.

The path was slippery and muddy from the rain. shake does white ner une frogs come T zoomed nights ble notchoelf invisibleoseier wolf behind dawn wandering gasped leapedasy yellow regret drawings swimm them fr crawled furossed dolphin byterf dif sne attentionsw hopped momentSuddenlyess cleared fill war scare when j sailed nestMaria E laughillyoney wawnter wisdom confid abs zoomed
[mem] gpu_mem cur=1554MiB peak=1874MiB
[mem] after baseline eval: gpu_mem cur=1554MiB peak=1874MiB
Epoch 1/3 step 100/304976 (global step 100/914928): losses={'lm loss': 6.418967247009277} grad_norm=1.0000 [clipped raw=6.4] lr=5.00e-06 gpu_mem cur=2979MiB peak=8611MiB
Epoch 1/3 step 200/304976 (global step 200/914928): losses={'lm loss': 5.830077171325684} grad_norm=1.0000 [clipped raw=4.0] lr=1.00e-05 gpu_mem cur=2979MiB peak=8611MiB
Epoch 1/3 step 300/304976 (global step 300/914928): losses={'lm loss': 5.138453483581543} grad_norm=1.0000 [clipped raw=3.9] lr=1.50e-05 gpu_mem cur=2979MiB peak=8611MiB
Epoch 1/3 step 400/304976 (global step 400/914928): losses={'lm loss': 4.936500549316406} grad_norm=1.0000 [clipped raw=3.5] lr=2.00e-05 gpu_mem cur=2979MiB peak=8611MiB
Epoch 1/3 step 500/304976 (global step 500/914928): losses={'lm loss': 4.922703266143799} grad_norm=1.0000 [clipped raw=3.3] lr=2.50e-05 gpu_mem cur=2979MiB peak=8611MiB
Epoch 1/3 step 600/304976 (global step 600/914928): losses={'lm loss': 4.545839786529541} grad_norm=1.0000 [clipped raw=3.0] lr=3.00e-05 gpu_mem cur=2979MiB peak=8611MiB
Epoch 1/3 step 700/304976 (global step 700/914928): losses={'lm loss': 4.5959553718566895} grad_norm=1.0000 [clipped raw=2.8] lr=3.50e-05 gpu_mem cur=2979MiB peak=8611MiB
Epoch 1/3 step 800/304976 (global step 800/914928): losses={'lm loss': 4.501795768737793} grad_norm=1.0000 [clipped raw=2.7] lr=4.00e-05 gpu_mem cur=2979MiB peak=8611MiB
Epoch 1/3 step 900/304976 (global step 900/914928): losses={'lm loss': 4.421540260314941} grad_norm=1.0000 [clipped raw=2.5] lr=4.50e-05 gpu_mem cur=2979MiB peak=8611MiB
Epoch 1/3 step 1000/304976 (global step 1000/914928): losses={'lm loss': 4.475029945373535} grad_norm=1.0000 [clipped raw=2.3] lr=5.00e-05 gpu_mem cur=2979MiB peak=8611MiB
Epoch 1/3 step 1100/304976 (global step 1100/914928): losses={'lm loss': 4.257395267486572} grad_norm=1.0000 [clipped raw=2.1] lr=5.50e-05 gpu_mem cur=2979MiB peak=8611MiB
Epoch 1/3 step 1200/304976 (global step 1200/914928): losses={'lm loss': 4.192177772521973} grad_norm=1.0000 [clipped raw=2.0] lr=6.00e-05 gpu_mem cur=2979MiB peak=8611MiB
Epoch 1/3 step 1300/304976 (global step 1300/914928): losses={'lm loss': 4.368354797363281} grad_norm=1.0000 [clipped raw=1.9] lr=6.50e-05 gpu_mem cur=2979MiB peak=8611MiB
Epoch 1/3 step 1400/304976 (global step 1400/914928): losses={'lm loss': 4.045650482177734} grad_norm=1.0000 [clipped raw=1.7] lr=7.00e-05 gpu_mem cur=2979MiB peak=8611MiB
Epoch 1/3 step 1500/304976 (global step 1500/914928): losses={'lm loss': 4.064001560211182} grad_norm=1.0000 [clipped raw=1.7] lr=7.50e-05 gpu_mem cur=2979MiB peak=8611MiB
Epoch 1/3 step 1600/304976 (global step 1600/914928): losses={'lm loss': 3.9438934326171875} grad_norm=1.0000 [clipped raw=1.8] lr=8.00e-05 gpu_mem cur=2979MiB peak=8611MiB
Epoch 1/3 step 1700/304976 (global step 1700/914928): losses={'lm loss': 4.009848594665527} grad_norm=1.0000 [clipped raw=1.7] lr=8.50e-05 gpu_mem cur=2979MiB peak=8611MiB
Epoch 1/3 step 1800/304976 (global step 1800/914928): losses={'lm loss': 3.928567409515381} grad_norm=1.0000 [clipped raw=1.6] lr=9.00e-05 gpu_mem cur=2979MiB peak=8611MiB
Epoch 1/3 step 1900/304976 (global step 1900/914928): losses={'lm loss': 4.17387580871582} grad_norm=1.0000 [clipped raw=1.8] lr=9.50e-05 gpu_mem cur=2979MiB peak=8611MiB
Epoch 1/3 step 2000/304976 (global step 2000/914928): losses={'lm loss': 3.9240829944610596} grad_norm=1.0000 [clipped raw=1.6] lr=1.00e-04 gpu_mem cur=2979MiB peak=8611MiB
Epoch 1/3 step 2100/304976 (global step 2100/914928): losses={'lm loss': 3.6922316551208496} grad_norm=1.0000 [clipped raw=1.6] lr=1.00e-04 gpu_mem cur=2979MiB peak=8611MiB
Epoch 1/3 step 2200/304976 (global step 2200/914928): losses={'lm loss': 3.842172384262085} grad_norm=1.0000 [clipped raw=1.6] lr=1.00e-04 gpu_mem cur=2979MiB peak=8611MiB
Epoch 1/3 step 2300/304976 (global step 2300/914928): losses={'lm loss': 3.614992618560791} grad_norm=1.0000 [clipped raw=1.6] lr=1.00e-04 gpu_mem cur=2979MiB peak=8611MiB
Epoch 1/3 step 2400/304976 (global step 2400/914928): losses={'lm loss': 3.690990686416626} grad_norm=1.0000 [clipped raw=1.6] lr=1.00e-04 gpu_mem cur=2979MiB peak=8611MiB
Epoch 1/3 step 2500/304976 (global step 2500/914928): losses={'lm loss': 3.580805778503418} grad_norm=1.0000 [clipped raw=1.7] lr=1.00e-04 gpu_mem cur=2979MiB peak=8611MiB
Epoch 1/3 step 2600/304976 (global step 2600/914928): losses={'lm loss': 3.669473648071289} grad_norm=1.0000 [clipped raw=1.5] lr=1.00e-04 gpu_mem cur=2979MiB peak=8611MiB
Epoch 1/3 step 2700/304976 (global step 2700/914928): losses={'lm loss': 3.657336950302124} grad_norm=1.0000 [clipped raw=1.7] lr=1.00e-04 gpu_mem cur=2979MiB peak=8611MiB
Epoch 1/3 step 2800/304976 (global step 2800/914928): losses={'lm loss': 3.826533079147339} grad_norm=1.0000 [clipped raw=1.6] lr=1.00e-04 gpu_mem cur=2979MiB peak=8611MiB
Epoch 1/3 step 2900/304976 (global step 2900/914928): losses={'lm loss': 3.368591070175171} grad_norm=1.0000 [clipped raw=1.6] lr=1.00e-04 gpu_mem cur=2979MiB peak=8611MiB
Epoch 1/3 step 3000/304976 (global step 3000/914928): losses={'lm loss': 3.570919990539551} grad_norm=1.0000 [clipped raw=1.6] lr=1.00e-04 gpu_mem cur=2979MiB peak=8611MiB
Epoch 1/3 step 3100/304976 (global step 3100/914928): losses={'lm loss': 3.352759599685669} grad_norm=1.0000 [clipped raw=1.8] lr=1.00e-04 gpu_mem cur=2979MiB peak=8611MiB
Epoch 1/3 step 3200/304976 (global step 3200/914928): losses={'lm loss': 3.0097389221191406} grad_norm=1.0000 [clipped raw=1.5] lr=1.00e-04 gpu_mem cur=2979MiB peak=8611MiB
Epoch 1/3 step 3300/304976 (global step 3300/914928): losses={'lm loss': 3.1002984046936035} grad_norm=1.0000 [clipped raw=1.5] lr=1.00e-04 gpu_mem cur=2979MiB peak=8611MiB
Epoch 1/3 step 3400/304976 (global step 3400/914928): losses={'lm loss': 3.1059937477111816} grad_norm=1.0000 [clipped raw=1.5] lr=1.00e-04 gpu_mem cur=2979MiB peak=8611MiB
Epoch 1/3 step 3500/304976 (global step 3500/914928): losses={'lm loss': 2.9953150749206543} grad_norm=1.0000 [clipped raw=1.6] lr=1.00e-04 gpu_mem cur=2979MiB peak=8611MiB
Epoch 1/3 step 3600/304976 (global step 3600/914928): losses={'lm loss': 3.3257498741149902} grad_norm=1.0000 [clipped raw=1.5] lr=1.00e-04 gpu_mem cur=2979MiB peak=8611MiB
Epoch 1/3 step 3700/304976 (global step 3700/914928): losses={'lm loss': 2.9301228523254395} grad_norm=1.0000 [clipped raw=1.4] lr=1.00e-04 gpu_mem cur=2979MiB peak=8611MiB
Epoch 1/3 step 3800/304976 (global step 3800/914928): losses={'lm loss': 3.1457743644714355} grad_norm=1.0000 [clipped raw=1.5] lr=1.00e-04 gpu_mem cur=2979MiB peak=8611MiB
Epoch 1/3 step 3900/304976 (global step 3900/914928): losses={'lm loss': 2.865522861480713} grad_norm=1.0000 [clipped raw=1.4] lr=1.00e-04 gpu_mem cur=2979MiB peak=8611MiB
Epoch 1/3 step 4000/304976 (global step 4000/914928): losses={'lm loss': 2.721243381500244} grad_norm=1.0000 [clipped raw=1.4] lr=1.00e-04 gpu_mem cur=2979MiB peak=8611MiB
Epoch 1/3 step 4100/304976 (global step 4100/914928): losses={'lm loss': 2.949850559234619} grad_norm=1.0000 [clipped raw=1.4] lr=1.00e-04 gpu_mem cur=2979MiB peak=8611MiB
Epoch 1/3 step 4200/304976 (global step 4200/914928): losses={'lm loss': 2.8583664894104004} grad_norm=1.0000 [clipped raw=1.4] lr=1.00e-04 gpu_mem cur=2979MiB peak=8611MiB
Epoch 1/3 step 4300/304976 (global step 4300/914928): losses={'lm loss': 2.999241828918457} grad_norm=1.0000 [clipped raw=1.4] lr=1.00e-04 gpu_mem cur=2979MiB peak=8611MiB
Epoch 1/3 step 4400/304976 (global step 4400/914928): losses={'lm loss': 2.9699339866638184} grad_norm=1.0000 [clipped raw=1.5] lr=1.00e-04 gpu_mem cur=2979MiB peak=8611MiB
Epoch 1/3 step 4500/304976 (global step 4500/914928): losses={'lm loss': 2.935184955596924} grad_norm=1.0000 [clipped raw=1.4] lr=1.00e-04 gpu_mem cur=2979MiB peak=8611MiB
Epoch 1/3 step 4600/304976 (global step 4600/914928): losses={'lm loss': 2.9048357009887695} grad_norm=1.0000 [clipped raw=1.6] lr=1.00e-04 gpu_mem cur=2979MiB peak=8611MiB
Epoch 1/3 step 4700/304976 (global step 4700/914928): losses={'lm loss': 2.7450060844421387} grad_norm=1.0000 [clipped raw=1.4] lr=1.00e-04 gpu_mem cur=2979MiB peak=8611MiB
Epoch 1/3 step 4800/304976 (global step 4800/914928): losses={'lm loss': 2.8438174724578857} grad_norm=1.0000 [clipped raw=1.4] lr=1.00e-04 gpu_mem cur=2979MiB peak=8611MiB
Epoch 1/3 step 4900/304976 (global step 4900/914928): losses={'lm loss': 2.7832038402557373} grad_norm=1.0000 [clipped raw=1.4] lr=1.00e-04 gpu_mem cur=2979MiB peak=8611MiB
Epoch 1/3 step 5000/304976 (global step 5000/914928): losses={'lm loss': 2.925811767578125} grad_norm=1.0000 [clipped raw=1.5] lr=1.00e-04 gpu_mem cur=2979MiB peak=8611MiB
Overwriting old incomplete / corrupted checkpoint...
MCore's async save is deprecated and will be removed in the future releases. Please, use NVRx async solution by setting `async_strategy` to `nvrx`.
/home/lxk/PycharmProjects/My_megatron/Megatron-LM-main/megatron/core/dist_checkpointing/strategies/filesystem_async.py:532: UserWarning: Detected an existing checkpoint in /home/lxk/PycharmProjects/My_megatron/examples/ckpt/step_5000, overwriting since self.overwrite=True. Past version 2.5 of PyTorch, `overwrite` will default to False. Set this variable to True to maintain this functionality or False to raise when an existing checkpoint is found.
  super().prepare_local_plan(plan)
Checkpoint saved to /home/lxk/PycharmProjects/My_megatron/examples/ckpt/step_5000
[eval] step_5000: eval_loss=2.7490
[sample 1 @ step_5000] ing by. They thought it was a sign. But the squirrel did not help them. The shadows grew long, and the chill of night set in. The cat was not a danger; it was a friend, but the cold night. Should it be leaped again? They all laughed together, sharing the joy of the fun.

At the end, the world was not a cat. It was a mistake of ice. It looked like a part of her. The first
[sample 2 @ step_5000]  set out, thinking today would be an adventure of a lifetime.

The path was slippery and muddy from the rain. It had fallen against a stallery and landed in dust. "I am here to find these places," said the Whispates, but as they walked deeper into the laughter. The explorer thought about how to work together, to find clues that led to a way to the wind.

After a day, the
[mem] gpu_mem cur=2979MiB peak=8611MiB
Epoch 1/3 step 5100/304976 (global step 5100/914928): losses={'lm loss': 2.6201224327087402} grad_norm=1.0000 [clipped raw=1.4] lr=1.00e-04 gpu_mem cur=2979MiB peak=8611MiB
Epoch 1/3 step 5200/304976 (global step 5200/914928): losses={'lm loss': 2.7167575359344482} grad_norm=1.0000 [clipped raw=1.4] lr=1.00e-04 gpu_mem cur=2979MiB peak=8611MiB
Epoch 1/3 step 5300/304976 (global step 5300/914928): losses={'lm loss': 2.8270480632781982} grad_norm=1.0000 [clipped raw=1.4] lr=1.00e-04 gpu_mem cur=2979MiB peak=8611MiB
Epoch 1/3 step 5400/304976 (global step 5400/914928): losses={'lm loss': 2.6544294357299805} grad_norm=1.0000 [clipped raw=1.4] lr=1.00e-04 gpu_mem cur=2979MiB peak=8611MiB
Epoch 1/3 step 5500/304976 (global step 5500/914928): losses={'lm loss': 2.6089677810668945} grad_norm=1.0000 [clipped raw=1.5] lr=1.00e-04 gpu_mem cur=2979MiB peak=8611MiB
Epoch 1/3 step 5600/304976 (global step 5600/914928): losses={'lm loss': 2.862823724746704} grad_norm=1.0000 [clipped raw=1.3] lr=1.00e-04 gpu_mem cur=2979MiB peak=8611MiB
Epoch 1/3 step 5700/304976 (global step 5700/914928): losses={'lm loss': 2.7718496322631836} grad_norm=1.0000 [clipped raw=1.4] lr=1.00e-04 gpu_mem cur=2979MiB peak=8611MiB
Epoch 1/3 step 5800/304976 (global step 5800/914928): losses={'lm loss': 2.565155506134033} grad_norm=1.0000 [clipped raw=1.4] lr=1.00e-04 gpu_mem cur=2979MiB peak=8611MiB
Epoch 1/3 step 5900/304976 (global step 5900/914928): losses={'lm loss': 2.6409692764282227} grad_norm=1.0000 [clipped raw=1.4] lr=1.00e-04 gpu_mem cur=2979MiB peak=8611MiB
Epoch 1/3 step 6000/304976 (global step 6000/914928): losses={'lm loss': 2.597623348236084} grad_norm=1.0000 [clipped raw=1.4] lr=1.00e-04 gpu_mem cur=2979MiB peak=8611MiB
Epoch 1/3 step 6100/304976 (global step 6100/914928): losses={'lm loss': 2.5598652362823486} grad_norm=1.0000 [clipped raw=1.4] lr=1.00e-04 gpu_mem cur=2979MiB peak=8611MiB
Epoch 1/3 step 6200/304976 (global step 6200/914928): losses={'lm loss': 2.656381845474243} grad_norm=1.0000 [clipped raw=1.4] lr=1.00e-04 gpu_mem cur=2979MiB peak=8611MiB
Epoch 1/3 step 6300/304976 (global step 6300/914928): losses={'lm loss': 2.5406079292297363} grad_norm=1.0000 [clipped raw=1.3] lr=1.00e-04 gpu_mem cur=2979MiB peak=8611MiB
Epoch 1/3 step 6400/304976 (global step 6400/914928): losses={'lm loss': 2.813985824584961} grad_norm=1.0000 [clipped raw=1.5] lr=1.00e-04 gpu_mem cur=2979MiB peak=8611MiB
Epoch 1/3 step 6500/304976 (global step 6500/914928): losses={'lm loss': 2.6536753177642822} grad_norm=1.0000 [clipped raw=1.4] lr=1.00e-04 gpu_mem cur=2979MiB peak=8611MiB
Epoch 1/3 step 6600/304976 (global step 6600/914928): losses={'lm loss': 2.5164506435394287} grad_norm=1.0000 [clipped raw=1.4] lr=1.00e-04 gpu_mem cur=2979MiB peak=8611MiB
Epoch 1/3 step 6700/304976 (global step 6700/914928): losses={'lm loss': 2.434396743774414} grad_norm=1.0000 [clipped raw=1.3] lr=1.00e-04 gpu_mem cur=2979MiB peak=8611MiB
Epoch 1/3 step 6800/304976 (global step 6800/914928): losses={'lm loss': 2.8431057929992676} grad_norm=1.0000 [clipped raw=1.4] lr=1.00e-04 gpu_mem cur=2979MiB peak=8611MiB
Epoch 1/3 step 6900/304976 (global step 6900/914928): losses={'lm loss': 2.4828238487243652} grad_norm=1.0000 [clipped raw=1.3] lr=1.00e-04 gpu_mem cur=2979MiB peak=8611MiB
Epoch 1/3 step 7000/304976 (global step 7000/914928): losses={'lm loss': 2.4661612510681152} grad_norm=1.0000 [clipped raw=1.5] lr=1.00e-04 gpu_mem cur=2979MiB peak=8611MiB
Epoch 1/3 step 7100/304976 (global step 7100/914928): losses={'lm loss': 2.5652661323547363} grad_norm=1.0000 [clipped raw=1.4] lr=1.00e-04 gpu_mem cur=2979MiB peak=8611MiB
Epoch 1/3 step 7200/304976 (global step 7200/914928): losses={'lm loss': 2.3847031593322754} grad_norm=1.0000 [clipped raw=1.3] lr=1.00e-04 gpu_mem cur=2979MiB peak=8611MiB
Epoch 1/3 step 7300/304976 (global step 7300/914928): losses={'lm loss': 2.6231529712677} grad_norm=1.0000 [clipped raw=1.5] lr=1.00e-04 gpu_mem cur=2979MiB peak=8611MiB
Epoch 1/3 step 7400/304976 (global step 7400/914928): losses={'lm loss': 2.5506436824798584} grad_norm=1.0000 [clipped raw=1.4] lr=1.00e-04 gpu_mem cur=2979MiB peak=8611MiB
Epoch 1/3 step 7500/304976 (global step 7500/914928): losses={'lm loss': 2.331359386444092} grad_norm=1.0000 [clipped raw=1.3] lr=1.00e-04 gpu_mem cur=2979MiB peak=8611MiB
Epoch 1/3 step 7600/304976 (global step 7600/914928): losses={'lm loss': 2.3678598403930664} grad_norm=1.0000 [clipped raw=1.5] lr=1.00e-04 gpu_mem cur=2979MiB peak=8611MiB
Epoch 1/3 step 7700/304976 (global step 7700/914928): losses={'lm loss': 2.3160886764526367} grad_norm=1.0000 [clipped raw=1.3] lr=1.00e-04 gpu_mem cur=2979MiB peak=8611MiB
Epoch 1/3 step 7800/304976 (global step 7800/914928): losses={'lm loss': 2.491459846496582} grad_norm=1.0000 [clipped raw=1.3] lr=1.00e-04 gpu_mem cur=2979MiB peak=8611MiB
Epoch 1/3 step 7900/304976 (global step 7900/914928): losses={'lm loss': 2.397324562072754} grad_norm=1.0000 [clipped raw=1.4] lr=1.00e-04 gpu_mem cur=2979MiB peak=8611MiB
Epoch 1/3 step 8000/304976 (global step 8000/914928): losses={'lm loss': 2.287029266357422} grad_norm=1.0000 [clipped raw=1.3] lr=1.00e-04 gpu_mem cur=2979MiB peak=8611MiB
Epoch 1/3 step 8100/304976 (global step 8100/914928): losses={'lm loss': 2.444948196411133} grad_norm=1.0000 [clipped raw=1.3] lr=1.00e-04 gpu_mem cur=2979MiB peak=8611MiB
Epoch 1/3 step 8200/304976 (global step 8200/914928): losses={'lm loss': 2.5882463455200195} grad_norm=1.0000 [clipped raw=1.3] lr=1.00e-04 gpu_mem cur=2979MiB peak=8611MiB
Epoch 1/3 step 8300/304976 (global step 8300/914928): losses={'lm loss': 2.3433773517608643} grad_norm=1.0000 [clipped raw=1.3] lr=1.00e-04 gpu_mem cur=2979MiB peak=8611MiB
Epoch 1/3 step 8400/304976 (global step 8400/914928): losses={'lm loss': 2.3737030029296875} grad_norm=1.0000 [clipped raw=1.3] lr=1.00e-04 gpu_mem cur=2979MiB peak=8611MiB
Epoch 1/3 step 8500/304976 (global step 8500/914928): losses={'lm loss': 2.320397138595581} grad_norm=1.0000 [clipped raw=1.3] lr=1.00e-04 gpu_mem cur=2979MiB peak=8611MiB
Epoch 1/3 step 8600/304976 (global step 8600/914928): losses={'lm loss': 2.5468716621398926} grad_norm=1.0000 [clipped raw=1.3] lr=1.00e-04 gpu_mem cur=2979MiB peak=8611MiB
Epoch 1/3 step 8700/304976 (global step 8700/914928): losses={'lm loss': 2.4380383491516113} grad_norm=1.0000 [clipped raw=1.3] lr=1.00e-04 gpu_mem cur=2979MiB peak=8611MiB
Epoch 1/3 step 8800/304976 (global step 8800/914928): losses={'lm loss': 2.637208938598633} grad_norm=1.0000 [clipped raw=1.4] lr=1.00e-04 gpu_mem cur=2979MiB peak=8611MiB
Epoch 1/3 step 8900/304976 (global step 8900/914928): losses={'lm loss': 2.5918490886688232} grad_norm=1.0000 [clipped raw=1.3] lr=1.00e-04 gpu_mem cur=2979MiB peak=8611MiB
Epoch 1/3 step 9000/304976 (global step 9000/914928): losses={'lm loss': 2.3238985538482666} grad_norm=1.0000 [clipped raw=1.4] lr=1.00e-04 gpu_mem cur=2979MiB peak=8611MiB
Epoch 1/3 step 9100/304976 (global step 9100/914928): losses={'lm loss': 2.269416332244873} grad_norm=1.0000 [clipped raw=1.3] lr=1.00e-04 gpu_mem cur=2979MiB peak=8611MiB
Epoch 1/3 step 9200/304976 (global step 9200/914928): losses={'lm loss': 2.4546163082122803} grad_norm=1.0000 [clipped raw=1.4] lr=1.00e-04 gpu_mem cur=2979MiB peak=8611MiB
Epoch 1/3 step 9300/304976 (global step 9300/914928): losses={'lm loss': 2.3954195976257324} grad_norm=1.0000 [clipped raw=1.3] lr=1.00e-04 gpu_mem cur=2979MiB peak=8611MiB
Epoch 1/3 step 9400/304976 (global step 9400/914928): losses={'lm loss': 2.3245527744293213} grad_norm=1.0000 [clipped raw=1.3] lr=1.00e-04 gpu_mem cur=2979MiB peak=8611MiB
Epoch 1/3 step 9500/304976 (global step 9500/914928): losses={'lm loss': 2.2353975772857666} grad_norm=1.0000 [clipped raw=1.3] lr=1.00e-04 gpu_mem cur=2979MiB peak=8611MiB
Epoch 1/3 step 9600/304976 (global step 9600/914928): losses={'lm loss': 2.227400302886963} grad_norm=1.0000 [clipped raw=1.3] lr=1.00e-04 gpu_mem cur=2979MiB peak=8611MiB
Epoch 1/3 step 9700/304976 (global step 9700/914928): losses={'lm loss': 2.441415309906006} grad_norm=1.0000 [clipped raw=1.4] lr=1.00e-04 gpu_mem cur=2979MiB peak=8611MiB
Epoch 1/3 step 9800/304976 (global step 9800/914928): losses={'lm loss': 2.136807918548584} grad_norm=1.0000 [clipped raw=1.3] lr=1.00e-04 gpu_mem cur=2979MiB peak=8611MiB
Epoch 1/3 step 9900/304976 (global step 9900/914928): losses={'lm loss': 2.204392433166504} grad_norm=1.0000 [clipped raw=1.3] lr=1.00e-04 gpu_mem cur=2979MiB peak=8611MiB
Epoch 1/3 step 10000/304976 (global step 10000/914928): losses={'lm loss': 2.4118480682373047} grad_norm=1.0000 [clipped raw=1.4] lr=1.00e-04 gpu_mem cur=2979MiB peak=8611MiB
Checkpoint saved to /home/lxk/PycharmProjects/My_megatron/examples/ckpt/step_10000
[eval] step_10000: eval_loss=2.3120
[sample 1 @ step_10000] ing by. They thought it was a sign. But the squirrel did not help them. The shadows grew long, and the chill of night set in. The trees whispered, but they could not turn back down.

One day, something strange happened. A small squirrel had a lost bird. The squirrel knew the bird held the bird's nest. It had a special power: it could grant wishes. The boy's heart sank. He knew the bird had powers. He
[sample 2 @ step_10000]  set out, thinking today would be an adventure of a lifetime.

The path was slippery and muddy from the rain. As they ran, they saw a group of people looking sad. A boy named Leo approached them with a heavy heart. "Help us," he said with a smile. The kids looked at him with fear. "What do you need?" they asked. 

"I lost my necklace," Leo realized. "Let
[mem] gpu_mem cur=2979MiB peak=8611MiB
Epoch 1/3 step 10100/304976 (global step 10100/914928): losses={'lm loss': 2.2896616458892822} grad_norm=1.0000 [clipped raw=1.3] lr=1.00e-04 gpu_mem cur=2979MiB peak=8611MiB
Epoch 1/3 step 10200/304976 (global step 10200/914928): losses={'lm loss': 2.368854284286499} grad_norm=1.0000 [clipped raw=1.3] lr=1.00e-04 gpu_mem cur=2979MiB peak=8611MiB
Epoch 1/3 step 10300/304976 (global step 10300/914928): losses={'lm loss': 2.2595956325531006} grad_norm=1.0000 [clipped raw=1.3] lr=1.00e-04 gpu_mem cur=2979MiB peak=8611MiB
Epoch 1/3 step 10400/304976 (global step 10400/914928): losses={'lm loss': 2.466296672821045} grad_norm=1.0000 [clipped raw=1.4] lr=1.00e-04 gpu_mem cur=2979MiB peak=8611MiB
Epoch 1/3 step 10500/304976 (global step 10500/914928): losses={'lm loss': 2.5373892784118652} grad_norm=1.0000 [clipped raw=1.3] lr=1.00e-04 gpu_mem cur=2979MiB peak=8611MiB
Epoch 1/3 step 10600/304976 (global step 10600/914928): losses={'lm loss': 2.2900495529174805} grad_norm=1.0000 [clipped raw=1.3] lr=1.00e-04 gpu_mem cur=2979MiB peak=8611MiB
Epoch 1/3 step 10700/304976 (global step 10700/914928): losses={'lm loss': 2.3521485328674316} grad_norm=1.0000 [clipped raw=1.3] lr=1.00e-04 gpu_mem cur=2979MiB peak=8611MiB
Epoch 1/3 step 10800/304976 (global step 10800/914928): losses={'lm loss': 2.2325844764709473} grad_norm=1.0000 [clipped raw=1.3] lr=1.00e-04 gpu_mem cur=2979MiB peak=8611MiB
Epoch 1/3 step 10900/304976 (global step 10900/914928): losses={'lm loss': 2.222019910812378} grad_norm=1.0000 [clipped raw=1.3] lr=1.00e-04 gpu_mem cur=2979MiB peak=8611MiB
Epoch 1/3 step 11000/304976 (global step 11000/914928): losses={'lm loss': 2.4827263355255127} grad_norm=1.0000 [clipped raw=1.4] lr=1.00e-04 gpu_mem cur=2979MiB peak=8611MiB
Epoch 1/3 step 11100/304976 (global step 11100/914928): losses={'lm loss': 2.2555289268493652} grad_norm=1.0000 [clipped raw=1.3] lr=1.00e-04 gpu_mem cur=2979MiB peak=8611MiB
Epoch 1/3 step 11200/304976 (global step 11200/914928): losses={'lm loss': 2.201054573059082} grad_norm=1.0000 [clipped raw=1.3] lr=1.00e-04 gpu_mem cur=2979MiB peak=8611MiB
Epoch 1/3 step 11300/304976 (global step 11300/914928): losses={'lm loss': 2.275230884552002} grad_norm=1.0000 [clipped raw=1.3] lr=1.00e-04 gpu_mem cur=2979MiB peak=8611MiB
Epoch 1/3 step 11400/304976 (global step 11400/914928): losses={'lm loss': 2.2512903213500977} grad_norm=1.0000 [clipped raw=1.3] lr=1.00e-04 gpu_mem cur=2979MiB peak=8611MiB
Epoch 1/3 step 11500/304976 (global step 11500/914928): losses={'lm loss': 2.1660714149475098} grad_norm=1.0000 [clipped raw=1.3] lr=1.00e-04 gpu_mem cur=2979MiB peak=8611MiB
Epoch 1/3 step 11600/304976 (global step 11600/914928): losses={'lm loss': 2.142242431640625} grad_norm=1.0000 [clipped raw=1.3] lr=1.00e-04 gpu_mem cur=2979MiB peak=8611MiB
Epoch 1/3 step 11700/304976 (global step 11700/914928): losses={'lm loss': 2.032770872116089} grad_norm=1.0000 [clipped raw=1.2] lr=1.00e-04 gpu_mem cur=2979MiB peak=8611MiB
Epoch 1/3 step 11800/304976 (global step 11800/914928): losses={'lm loss': 2.439940929412842} grad_norm=1.0000 [clipped raw=1.3] lr=1.00e-04 gpu_mem cur=2979MiB peak=8611MiB
Epoch 1/3 step 11900/304976 (global step 11900/914928): losses={'lm loss': 2.158449649810791} grad_norm=1.0000 [clipped raw=1.3] lr=1.00e-04 gpu_mem cur=2979MiB peak=8611MiB
Epoch 1/3 step 12000/304976 (global step 12000/914928): losses={'lm loss': 2.2805981636047363} grad_norm=1.0000 [clipped raw=1.3] lr=1.00e-04 gpu_mem cur=2979MiB peak=8611MiB
Epoch 1/3 step 12100/304976 (global step 12100/914928): losses={'lm loss': 2.209209442138672} grad_norm=1.0000 [clipped raw=1.3] lr=1.00e-04 gpu_mem cur=2979MiB peak=8611MiB
Epoch 1/3 step 12200/304976 (global step 12200/914928): losses={'lm loss': 2.237995147705078} grad_norm=1.0000 [clipped raw=1.3] lr=1.00e-04 gpu_mem cur=2979MiB peak=8611MiB
Epoch 1/3 step 12300/304976 (global step 12300/914928): losses={'lm loss': 2.2114906311035156} grad_norm=1.0000 [clipped raw=1.3] lr=1.00e-04 gpu_mem cur=2979MiB peak=8611MiB
Epoch 1/3 step 12400/304976 (global step 12400/914928): losses={'lm loss': 2.4453864097595215} grad_norm=1.0000 [clipped raw=1.3] lr=1.00e-04 gpu_mem cur=2979MiB peak=8611MiB
Epoch 1/3 step 12500/304976 (global step 12500/914928): losses={'lm loss': 2.293513059616089} grad_norm=1.0000 [clipped raw=1.3] lr=1.00e-04 gpu_mem cur=2979MiB peak=8611MiB
Epoch 1/3 step 12600/304976 (global step 12600/914928): losses={'lm loss': 2.1668505668640137} grad_norm=1.0000 [clipped raw=1.3] lr=1.00e-04 gpu_mem cur=2979MiB peak=8611MiB
Epoch 1/3 step 12700/304976 (global step 12700/914928): losses={'lm loss': 2.3540377616882324} grad_norm=1.0000 [clipped raw=1.4] lr=1.00e-04 gpu_mem cur=2979MiB peak=8611MiB
Epoch 1/3 step 12800/304976 (global step 12800/914928): losses={'lm loss': 2.2233195304870605} grad_norm=1.0000 [clipped raw=1.3] lr=1.00e-04 gpu_mem cur=2979MiB peak=8611MiB
Epoch 1/3 step 12900/304976 (global step 12900/914928): losses={'lm loss': 2.289926290512085} grad_norm=1.0000 [clipped raw=1.3] lr=1.00e-04 gpu_mem cur=2979MiB peak=8611MiB
Epoch 1/3 step 13000/304976 (global step 13000/914928): losses={'lm loss': 2.2542884349823} grad_norm=1.0000 [clipped raw=1.3] lr=1.00e-04 gpu_mem cur=2979MiB peak=8611MiB
Epoch 1/3 step 13100/304976 (global step 13100/914928): losses={'lm loss': 2.165201187133789} grad_norm=1.0000 [clipped raw=1.3] lr=1.00e-04 gpu_mem cur=2979MiB peak=8611MiB
Epoch 1/3 step 13200/304976 (global step 13200/914928): losses={'lm loss': 2.069279670715332} grad_norm=1.0000 [clipped raw=1.3] lr=1.00e-04 gpu_mem cur=2979MiB peak=8611MiB
Epoch 1/3 step 13300/304976 (global step 13300/914928): losses={'lm loss': 2.2494590282440186} grad_norm=1.0000 [clipped raw=1.3] lr=1.00e-04 gpu_mem cur=2979MiB peak=8611MiB
Epoch 1/3 step 13400/304976 (global step 13400/914928): losses={'lm loss': 2.3151464462280273} grad_norm=1.0000 [clipped raw=1.3] lr=1.00e-04 gpu_mem cur=2979MiB peak=8611MiB
Epoch 1/3 step 13500/304976 (global step 13500/914928): losses={'lm loss': 2.2936339378356934} grad_norm=1.0000 [clipped raw=1.3] lr=1.00e-04 gpu_mem cur=2979MiB peak=8611MiB
Epoch 1/3 step 13600/304976 (global step 13600/914928): losses={'lm loss': 2.2563791275024414} grad_norm=1.0000 [clipped raw=1.3] lr=1.00e-04 gpu_mem cur=2979MiB peak=8611MiB
Epoch 1/3 step 13700/304976 (global step 13700/914928): losses={'lm loss': 2.300128221511841} grad_norm=1.0000 [clipped raw=1.3] lr=1.00e-04 gpu_mem cur=2979MiB peak=8611MiB
Epoch 1/3 step 13800/304976 (global step 13800/914928): losses={'lm loss': 2.182803153991699} grad_norm=1.0000 [clipped raw=1.3] lr=1.00e-04 gpu_mem cur=2979MiB peak=8611MiB
Epoch 1/3 step 13900/304976 (global step 13900/914928): losses={'lm loss': 2.405050277709961} grad_norm=1.0000 [clipped raw=1.4] lr=1.00e-04 gpu_mem cur=2979MiB peak=8611MiB
Epoch 1/3 step 14000/304976 (global step 14000/914928): losses={'lm loss': 2.1820669174194336} grad_norm=1.0000 [clipped raw=1.2] lr=1.00e-04 gpu_mem cur=2979MiB peak=8611MiB
Epoch 1/3 step 14100/304976 (global step 14100/914928): losses={'lm loss': 1.9891599416732788} grad_norm=1.0000 [clipped raw=1.2] lr=1.00e-04 gpu_mem cur=2979MiB peak=8611MiB
Epoch 1/3 step 14200/304976 (global step 14200/914928): losses={'lm loss': 1.9807615280151367} grad_norm=1.0000 [clipped raw=1.2] lr=1.00e-04 gpu_mem cur=2979MiB peak=8611MiB
Epoch 1/3 step 14300/304976 (global step 14300/914928): losses={'lm loss': 2.275162696838379} grad_norm=1.0000 [clipped raw=1.3] lr=1.00e-04 gpu_mem cur=2979MiB peak=8611MiB
Epoch 1/3 step 14400/304976 (global step 14400/914928): losses={'lm loss': 2.228261947631836} grad_norm=1.0000 [clipped raw=1.2] lr=1.00e-04 gpu_mem cur=2979MiB peak=8611MiB
Epoch 1/3 step 14500/304976 (global step 14500/914928): losses={'lm loss': 2.108816623687744} grad_norm=1.0000 [clipped raw=1.2] lr=1.00e-04 gpu_mem cur=2979MiB peak=8611MiB
Epoch 1/3 step 14600/304976 (global step 14600/914928): losses={'lm loss': 2.070308208465576} grad_norm=1.0000 [clipped raw=1.4] lr=1.00e-04 gpu_mem cur=2979MiB peak=8611MiB
Epoch 1/3 step 14700/304976 (global step 14700/914928): losses={'lm loss': 2.3892695903778076} grad_norm=1.0000 [clipped raw=1.4] lr=1.00e-04 gpu_mem cur=2979MiB peak=8611MiB
Epoch 1/3 step 14800/304976 (global step 14800/914928): losses={'lm loss': 2.4104931354522705} grad_norm=1.0000 [clipped raw=1.4] lr=1.00e-04 gpu_mem cur=2979MiB peak=8611MiB
Epoch 1/3 step 14900/304976 (global step 14900/914928): losses={'lm loss': 2.1182971000671387} grad_norm=1.0000 [clipped raw=1.3] lr=1.00e-04 gpu_mem cur=2979MiB peak=8611MiB
Epoch 1/3 step 15000/304976 (global step 15000/914928): losses={'lm loss': 2.157270908355713} grad_norm=1.0000 [clipped raw=1.2] lr=1.00e-04 gpu_mem cur=2979MiB peak=8611MiB
Checkpoint saved to /home/lxk/PycharmProjects/My_megatron/examples/ckpt/step_15000
[eval] step_15000: eval_loss=2.1424
[sample 1 @ step_15000] ing by. They thought it was a sign. But the squirrel did not help them. The shadows grew long, and the chill of night set in. The cat and cat felt small in the corner. They knew they had to keep the heart key.

Just then, the dog shifted into a thick pile of food. The man laughed, feeling the chase spark. "You cannot scare me!" The cat seemed to close his eyes, and in a flash, it began
[sample 2 @ step_15000]  set out, thinking today would be an adventure of a lifetime.

The path was slippery and muddy from the rain. As they walked, they talked about fetchief. "What if we find a clue?" one suggested, eyes sparkling. "Or it might lead us to the secret of our ancestors." They nodded, feeling the weight of history.

We got to the center of the cave. Digging
[mem] gpu_mem cur=2979MiB peak=8611MiB
Epoch 1/3 step 15100/304976 (global step 15100/914928): losses={'lm loss': 2.148735523223877} grad_norm=1.0000 [clipped raw=1.3] lr=1.00e-04 gpu_mem cur=2979MiB peak=8611MiB
Epoch 1/3 step 15200/304976 (global step 15200/914928): losses={'lm loss': 2.2012884616851807} grad_norm=1.0000 [clipped raw=1.3] lr=1.00e-04 gpu_mem cur=2979MiB peak=8611MiB
Epoch 1/3 step 15300/304976 (global step 15300/914928): losses={'lm loss': 2.364686965942383} grad_norm=1.0000 [clipped raw=1.5] lr=1.00e-04 gpu_mem cur=2979MiB peak=8611MiB
Epoch 1/3 step 15400/304976 (global step 15400/914928): losses={'lm loss': 2.188162326812744} grad_norm=1.0000 [clipped raw=1.3] lr=1.00e-04 gpu_mem cur=2979MiB peak=8611MiB
Epoch 1/3 step 15500/304976 (global step 15500/914928): losses={'lm loss': 2.174732208251953} grad_norm=1.0000 [clipped raw=1.3] lr=1.00e-04 gpu_mem cur=2979MiB peak=8611MiB
Epoch 1/3 step 15600/304976 (global step 15600/914928): losses={'lm loss': 2.304020643234253} grad_norm=1.0000 [clipped raw=1.3] lr=1.00e-04 gpu_mem cur=2979MiB peak=8611MiB
Epoch 1/3 step 15700/304976 (global step 15700/914928): losses={'lm loss': 2.309314250946045} grad_norm=1.0000 [clipped raw=1.3] lr=1.00e-04 gpu_mem cur=2979MiB peak=8611MiB
Epoch 1/3 step 15800/304976 (global step 15800/914928): losses={'lm loss': 2.266922950744629} grad_norm=1.0000 [clipped raw=1.4] lr=1.00e-04 gpu_mem cur=2979MiB peak=8611MiB
Epoch 1/3 step 15900/304976 (global step 15900/914928): losses={'lm loss': 2.053874969482422} grad_norm=1.0000 [clipped raw=1.3] lr=1.00e-04 gpu_mem cur=2979MiB peak=8611MiB
Epoch 1/3 step 16000/304976 (global step 16000/914928): losses={'lm loss': 2.2784881591796875} grad_norm=1.0000 [clipped raw=1.3] lr=1.00e-04 gpu_mem cur=2979MiB peak=8611MiB
Epoch 1/3 step 16100/304976 (global step 16100/914928): losses={'lm loss': 2.4050540924072266} grad_norm=1.0000 [clipped raw=1.3] lr=1.00e-04 gpu_mem cur=2979MiB peak=8611MiB
Epoch 1/3 step 16200/304976 (global step 16200/914928): losses={'lm loss': 2.1880908012390137} grad_norm=1.0000 [clipped raw=1.3] lr=1.00e-04 gpu_mem cur=2979MiB peak=8611MiB
Epoch 1/3 step 16300/304976 (global step 16300/914928): losses={'lm loss': 2.2173879146575928} grad_norm=1.0000 [clipped raw=1.3] lr=1.00e-04 gpu_mem cur=2979MiB peak=8611MiB
Epoch 1/3 step 16400/304976 (global step 16400/914928): losses={'lm loss': 2.0174641609191895} grad_norm=1.0000 [clipped raw=1.2] lr=1.00e-04 gpu_mem cur=2979MiB peak=8611MiB
Epoch 1/3 step 16500/304976 (global step 16500/914928): losses={'lm loss': 2.1501858234405518} grad_norm=1.0000 [clipped raw=1.2] lr=1.00e-04 gpu_mem cur=2979MiB peak=8611MiB
Epoch 1/3 step 16600/304976 (global step 16600/914928): losses={'lm loss': 2.148834228515625} grad_norm=1.0000 [clipped raw=1.2] lr=1.00e-04 gpu_mem cur=2979MiB peak=8611MiB
Epoch 1/3 step 16700/304976 (global step 16700/914928): losses={'lm loss': 2.252500057220459} grad_norm=1.0000 [clipped raw=1.2] lr=1.00e-04 gpu_mem cur=2979MiB peak=8611MiB
Epoch 1/3 step 16800/304976 (global step 16800/914928): losses={'lm loss': 2.0907235145568848} grad_norm=1.0000 [clipped raw=1.2] lr=1.00e-04 gpu_mem cur=2979MiB peak=8611MiB
Epoch 1/3 step 16900/304976 (global step 16900/914928): losses={'lm loss': 2.1751089096069336} grad_norm=1.0000 [clipped raw=1.2] lr=1.00e-04 gpu_mem cur=2979MiB peak=8611MiB
Epoch 1/3 step 17000/304976 (global step 17000/914928): losses={'lm loss': 2.1715543270111084} grad_norm=1.0000 [clipped raw=1.2] lr=1.00e-04 gpu_mem cur=2979MiB peak=8611MiB
Epoch 1/3 step 17100/304976 (global step 17100/914928): losses={'lm loss': 2.3178677558898926} grad_norm=1.0000 [clipped raw=1.2] lr=1.00e-04 gpu_mem cur=2979MiB peak=8611MiB
Epoch 1/3 step 17200/304976 (global step 17200/914928): losses={'lm loss': 2.410428524017334} grad_norm=1.0000 [clipped raw=1.3] lr=1.00e-04 gpu_mem cur=2979MiB peak=8611MiB
Epoch 1/3 step 17300/304976 (global step 17300/914928): losses={'lm loss': 2.1443424224853516} grad_norm=1.0000 [clipped raw=1.2] lr=1.00e-04 gpu_mem cur=2979MiB peak=8611MiB
Epoch 1/3 step 17400/304976 (global step 17400/914928): losses={'lm loss': 2.0508522987365723} grad_norm=1.0000 [clipped raw=1.2] lr=1.00e-04 gpu_mem cur=2979MiB peak=8611MiB
Epoch 1/3 step 17500/304976 (global step 17500/914928): losses={'lm loss': 2.240206718444824} grad_norm=1.0000 [clipped raw=1.2] lr=1.00e-04 gpu_mem cur=2979MiB peak=8611MiB
Epoch 1/3 step 17600/304976 (global step 17600/914928): losses={'lm loss': 2.2660021781921387} grad_norm=1.0000 [clipped raw=1.3] lr=1.00e-04 gpu_mem cur=2979MiB peak=8611MiB
Epoch 1/3 step 17700/304976 (global step 17700/914928): losses={'lm loss': 1.9949897527694702} grad_norm=1.0000 [clipped raw=1.2] lr=1.00e-04 gpu_mem cur=2979MiB peak=8611MiB
Epoch 1/3 step 17800/304976 (global step 17800/914928): losses={'lm loss': 2.321331024169922} grad_norm=1.0000 [clipped raw=1.3] lr=1.00e-04 gpu_mem cur=2979MiB peak=8611MiB
Epoch 1/3 step 17900/304976 (global step 17900/914928): losses={'lm loss': 2.269782543182373} grad_norm=1.0000 [clipped raw=1.2] lr=1.00e-04 gpu_mem cur=2979MiB peak=8611MiB
Epoch 1/3 step 18000/304976 (global step 18000/914928): losses={'lm loss': 2.13546085357666} grad_norm=1.0000 [clipped raw=1.2] lr=1.00e-04 gpu_mem cur=2979MiB peak=8611MiB
Epoch 1/3 step 18100/304976 (global step 18100/914928): losses={'lm loss': 2.2160401344299316} grad_norm=1.0000 [clipped raw=1.3] lr=1.00e-04 gpu_mem cur=2979MiB peak=8611MiB
Epoch 1/3 step 18200/304976 (global step 18200/914928): losses={'lm loss': 2.1040053367614746} grad_norm=1.0000 [clipped raw=1.3] lr=1.00e-04 gpu_mem cur=2979MiB peak=8611MiB
Epoch 1/3 step 18300/304976 (global step 18300/914928): losses={'lm loss': 2.070870876312256} grad_norm=1.0000 [clipped raw=1.2] lr=1.00e-04 gpu_mem cur=2979MiB peak=8611MiB
Epoch 1/3 step 18400/304976 (global step 18400/914928): losses={'lm loss': 2.0079212188720703} grad_norm=1.0000 [clipped raw=1.2] lr=1.00e-04 gpu_mem cur=2979MiB peak=8611MiB
Epoch 1/3 step 18500/304976 (global step 18500/914928): losses={'lm loss': 1.9432703256607056} grad_norm=1.0000 [clipped raw=1.2] lr=1.00e-04 gpu_mem cur=2979MiB peak=8611MiB
Epoch 1/3 step 18600/304976 (global step 18600/914928): losses={'lm loss': 1.9585273265838623} grad_norm=1.0000 [clipped raw=1.2] lr=1.00e-04 gpu_mem cur=2979MiB peak=8611MiB
Epoch 1/3 step 18700/304976 (global step 18700/914928): losses={'lm loss': 2.0762791633605957} grad_norm=1.0000 [clipped raw=1.2] lr=1.00e-04 gpu_mem cur=2979MiB peak=8611MiB
Epoch 1/3 step 18800/304976 (global step 18800/914928): losses={'lm loss': 2.1119191646575928} grad_norm=1.0000 [clipped raw=1.2] lr=1.00e-04 gpu_mem cur=2979MiB peak=8611MiB
Epoch 1/3 step 18900/304976 (global step 18900/914928): losses={'lm loss': 1.9777472019195557} grad_norm=1.0000 [clipped raw=1.2] lr=1.00e-04 gpu_mem cur=2979MiB peak=8611MiB
Epoch 1/3 step 19000/304976 (global step 19000/914928): losses={'lm loss': 2.1940550804138184} grad_norm=1.0000 [clipped raw=1.3] lr=1.00e-04 gpu_mem cur=2979MiB peak=8611MiB
Epoch 1/3 step 19100/304976 (global step 19100/914928): losses={'lm loss': 2.1312198638916016} grad_norm=1.0000 [clipped raw=1.3] lr=1.00e-04 gpu_mem cur=2979MiB peak=8611MiB
Epoch 1/3 step 19200/304976 (global step 19200/914928): losses={'lm loss': 2.1465625762939453} grad_norm=1.0000 [clipped raw=1.2] lr=1.00e-04 gpu_mem cur=2979MiB peak=8611MiB
Epoch 1/3 step 19300/304976 (global step 19300/914928): losses={'lm loss': 2.0939393043518066} grad_norm=1.0000 [clipped raw=1.2] lr=1.00e-04 gpu_mem cur=2979MiB peak=8611MiB
Epoch 1/3 step 19400/304976 (global step 19400/914928): losses={'lm loss': 2.087275505065918} grad_norm=1.0000 [clipped raw=1.2] lr=1.00e-04 gpu_mem cur=2979MiB peak=8611MiB
Epoch 1/3 step 19500/304976 (global step 19500/914928): losses={'lm loss': 2.1406426429748535} grad_norm=1.0000 [clipped raw=1.2] lr=1.00e-04 gpu_mem cur=2979MiB peak=8611MiB
Epoch 1/3 step 19600/304976 (global step 19600/914928): losses={'lm loss': 1.9741305112838745} grad_norm=1.0000 [clipped raw=1.2] lr=1.00e-04 gpu_mem cur=2979MiB peak=8611MiB
Epoch 1/3 step 19700/304976 (global step 19700/914928): losses={'lm loss': 2.128801107406616} grad_norm=1.0000 [clipped raw=1.3] lr=1.00e-04 gpu_mem cur=2979MiB peak=8611MiB
Epoch 1/3 step 19800/304976 (global step 19800/914928): losses={'lm loss': 2.117597818374634} grad_norm=1.0000 [clipped raw=1.2] lr=1.00e-04 gpu_mem cur=2979MiB peak=8611MiB
Epoch 1/3 step 19900/304976 (global step 19900/914928): losses={'lm loss': 2.071946144104004} grad_norm=1.0000 [clipped raw=1.2] lr=1.00e-04 gpu_mem cur=2979MiB peak=8611MiB
Epoch 1/3 step 20000/304976 (global step 20000/914928): losses={'lm loss': 2.1772141456604004} grad_norm=1.0000 [clipped raw=1.3] lr=1.00e-04 gpu_mem cur=2979MiB peak=8611MiB
Checkpoint saved to /home/lxk/PycharmProjects/My_megatron/examples/ckpt/step_20000
Removing old checkpoint: /home/lxk/PycharmProjects/My_megatron/examples/ckpt/step_5000
[eval] step_20000: eval_loss=2.0388
[sample 1 @ step_20000] ing by. They thought it was a sign. But the squirrel did not help them. The shadows grew long, and the chill of night set in. The friends learned that the best treasures were not in gold. They decided to return the Golden Beast to the village, no longer lost.<|endoftext|>Stars twinkled in the vast space, casting shadows that danced in the dark. I stood alone, the crew member of the Night Cavement, eyes darting
[sample 2 @ step_20000]  set out, thinking today would be an adventure of a lifetime.

The path was slippery and muddy from the rain. The sky turned dark. The map was still in the mud, and the rain fell hard. It was gone, but the treasure remained. I felt the weight of my decision. I knew it was the night I would find. I would keep searching, even if it meant leaving me behind.

As
[mem] gpu_mem cur=2979MiB peak=8611MiB
Epoch 1/3 step 20100/304976 (global step 20100/914928): losses={'lm loss': 1.957996129989624} grad_norm=1.0000 [clipped raw=1.2] lr=1.00e-04 gpu_mem cur=2979MiB peak=8611MiB
Epoch 1/3 step 20200/304976 (global step 20200/914928): losses={'lm loss': 2.1309595108032227} grad_norm=1.0000 [clipped raw=1.3] lr=1.00e-04 gpu_mem cur=2979MiB peak=8611MiB
Epoch 1/3 step 20300/304976 (global step 20300/914928): losses={'lm loss': 2.0660128593444824} grad_norm=1.0000 [clipped raw=1.2] lr=1.00e-04 gpu_mem cur=2979MiB peak=8611MiB
Epoch 1/3 step 20400/304976 (global step 20400/914928): losses={'lm loss': 2.1774582862854004} grad_norm=1.0000 [clipped raw=1.2] lr=1.00e-04 gpu_mem cur=2979MiB peak=8611MiB
Epoch 1/3 step 20500/304976 (global step 20500/914928): losses={'lm loss': 1.9404850006103516} grad_norm=1.0000 [clipped raw=1.2] lr=1.00e-04 gpu_mem cur=2979MiB peak=8611MiB
Epoch 1/3 step 20600/304976 (global step 20600/914928): losses={'lm loss': 2.192206859588623} grad_norm=1.0000 [clipped raw=1.3] lr=1.00e-04 gpu_mem cur=2979MiB peak=8611MiB
Epoch 1/3 step 20700/304976 (global step 20700/914928): losses={'lm loss': 2.010115146636963} grad_norm=1.0000 [clipped raw=1.2] lr=1.00e-04 gpu_mem cur=2979MiB peak=8611MiB
Epoch 1/3 step 20800/304976 (global step 20800/914928): losses={'lm loss': 1.9524153470993042} grad_norm=1.0000 [clipped raw=1.2] lr=1.00e-04 gpu_mem cur=2979MiB peak=8611MiB
Epoch 1/3 step 20900/304976 (global step 20900/914928): losses={'lm loss': 1.9626730680465698} grad_norm=1.0000 [clipped raw=1.2] lr=1.00e-04 gpu_mem cur=2979MiB peak=8611MiB
Epoch 1/3 step 21000/304976 (global step 21000/914928): losses={'lm loss': 2.108384609222412} grad_norm=1.0000 [clipped raw=1.3] lr=1.00e-04 gpu_mem cur=2979MiB peak=8611MiB
Epoch 1/3 step 21100/304976 (global step 21100/914928): losses={'lm loss': 2.099754810333252} grad_norm=1.0000 [clipped raw=1.2] lr=1.00e-04 gpu_mem cur=2979MiB peak=8611MiB
Epoch 1/3 step 21200/304976 (global step 21200/914928): losses={'lm loss': 1.973775863647461} grad_norm=1.0000 [clipped raw=1.2] lr=1.00e-04 gpu_mem cur=2979MiB peak=8611MiB
Epoch 1/3 step 21300/304976 (global step 21300/914928): losses={'lm loss': 2.1147994995117188} grad_norm=1.0000 [clipped raw=1.2] lr=1.00e-04 gpu_mem cur=2979MiB peak=8611MiB
Epoch 1/3 step 21400/304976 (global step 21400/914928): losses={'lm loss': 2.1215527057647705} grad_norm=1.0000 [clipped raw=1.2] lr=1.00e-04 gpu_mem cur=2979MiB peak=8611MiB
Epoch 1/3 step 21500/304976 (global step 21500/914928): losses={'lm loss': 2.0234971046447754} grad_norm=1.0000 [clipped raw=1.2] lr=1.00e-04 gpu_mem cur=2979MiB peak=8611MiB
Epoch 1/3 step 21600/304976 (global step 21600/914928): losses={'lm loss': 2.0508127212524414} grad_norm=1.0000 [clipped raw=1.2] lr=1.00e-04 gpu_mem cur=2979MiB peak=8611MiB
Epoch 1/3 step 21700/304976 (global step 21700/914928): losses={'lm loss': 2.0302000045776367} grad_norm=1.0000 [clipped raw=1.2] lr=1.00e-04 gpu_mem cur=2979MiB peak=8611MiB
Epoch 1/3 step 21800/304976 (global step 21800/914928): losses={'lm loss': 2.0230321884155273} grad_norm=1.0000 [clipped raw=1.2] lr=1.00e-04 gpu_mem cur=2979MiB peak=8611MiB
Epoch 1/3 step 21900/304976 (global step 21900/914928): losses={'lm loss': 2.10183048248291} grad_norm=1.0000 [clipped raw=1.3] lr=1.00e-04 gpu_mem cur=2979MiB peak=8611MiB
Epoch 1/3 step 22000/304976 (global step 22000/914928): losses={'lm loss': 1.7660977840423584} grad_norm=1.0000 [clipped raw=1.1] lr=1.00e-04 gpu_mem cur=2979MiB peak=8611MiB
Epoch 1/3 step 22100/304976 (global step 22100/914928): losses={'lm loss': 2.0757832527160645} grad_norm=1.0000 [clipped raw=1.2] lr=1.00e-04 gpu_mem cur=2979MiB peak=8611MiB
Epoch 1/3 step 22200/304976 (global step 22200/914928): losses={'lm loss': 1.9991445541381836} grad_norm=1.0000 [clipped raw=1.2] lr=1.00e-04 gpu_mem cur=2979MiB peak=8611MiB
Epoch 1/3 step 22300/304976 (global step 22300/914928): losses={'lm loss': 1.8550093173980713} grad_norm=1.0000 [clipped raw=1.1] lr=1.00e-04 gpu_mem cur=2979MiB peak=8611MiB
Epoch 1/3 step 22400/304976 (global step 22400/914928): losses={'lm loss': 2.026961088180542} grad_norm=1.0000 [clipped raw=1.2] lr=1.00e-04 gpu_mem cur=2979MiB peak=8611MiB
Epoch 1/3 step 22500/304976 (global step 22500/914928): losses={'lm loss': 2.1939289569854736} grad_norm=1.0000 [clipped raw=1.2] lr=1.00e-04 gpu_mem cur=2979MiB peak=8611MiB
Epoch 1/3 step 22600/304976 (global step 22600/914928): losses={'lm loss': 1.97678804397583} grad_norm=1.0000 [clipped raw=1.2] lr=1.00e-04 gpu_mem cur=2979MiB peak=8611MiB
Epoch 1/3 step 22700/304976 (global step 22700/914928): losses={'lm loss': 2.2825751304626465} grad_norm=1.0000 [clipped raw=1.3] lr=1.00e-04 gpu_mem cur=2979MiB peak=8611MiB
Epoch 1/3 step 22800/304976 (global step 22800/914928): losses={'lm loss': 2.0175094604492188} grad_norm=1.0000 [clipped raw=1.2] lr=1.00e-04 gpu_mem cur=2979MiB peak=8611MiB
Epoch 1/3 step 22900/304976 (global step 22900/914928): losses={'lm loss': 1.9712941646575928} grad_norm=1.0000 [clipped raw=1.2] lr=1.00e-04 gpu_mem cur=2979MiB peak=8611MiB
Epoch 1/3 step 23000/304976 (global step 23000/914928): losses={'lm loss': 2.0665323734283447} grad_norm=1.0000 [clipped raw=1.2] lr=1.00e-04 gpu_mem cur=2979MiB peak=8611MiB
Epoch 1/3 step 23100/304976 (global step 23100/914928): losses={'lm loss': 2.1651673316955566} grad_norm=1.0000 [clipped raw=1.2] lr=1.00e-04 gpu_mem cur=2979MiB peak=8611MiB
Epoch 1/3 step 23200/304976 (global step 23200/914928): losses={'lm loss': 2.017568349838257} grad_norm=1.0000 [clipped raw=1.2] lr=1.00e-04 gpu_mem cur=2979MiB peak=8611MiB
Epoch 1/3 step 23300/304976 (global step 23300/914928): losses={'lm loss': 2.218658447265625} grad_norm=1.0000 [clipped raw=1.3] lr=1.00e-04 gpu_mem cur=2979MiB peak=8611MiB
Epoch 1/3 step 23400/304976 (global step 23400/914928): losses={'lm loss': 1.9204155206680298} grad_norm=1.0000 [clipped raw=1.2] lr=1.00e-04 gpu_mem cur=2979MiB peak=8611MiB
Epoch 1/3 step 23500/304976 (global step 23500/914928): losses={'lm loss': 2.0409059524536133} grad_norm=1.0000 [clipped raw=1.2] lr=1.00e-04 gpu_mem cur=2979MiB peak=8611MiB
Epoch 1/3 step 23600/304976 (global step 23600/914928): losses={'lm loss': 2.067324638366699} grad_norm=1.0000 [clipped raw=1.2] lr=1.00e-04 gpu_mem cur=2979MiB peak=8611MiB
Epoch 1/3 step 23700/304976 (global step 23700/914928): losses={'lm loss': 2.1424498558044434} grad_norm=1.0000 [clipped raw=1.2] lr=1.00e-04 gpu_mem cur=2979MiB peak=8611MiB
Epoch 1/3 step 23800/304976 (global step 23800/914928): losses={'lm loss': 2.0113425254821777} grad_norm=1.0000 [clipped raw=1.2] lr=1.00e-04 gpu_mem cur=2979MiB peak=8611MiB
Epoch 1/3 step 23900/304976 (global step 23900/914928): losses={'lm loss': 2.1025028228759766} grad_norm=1.0000 [clipped raw=1.2] lr=1.00e-04 gpu_mem cur=2979MiB peak=8611MiB
Epoch 1/3 step 24000/304976 (global step 24000/914928): losses={'lm loss': 2.002490758895874} grad_norm=1.0000 [clipped raw=1.2] lr=1.00e-04 gpu_mem cur=2979MiB peak=8611MiB
Epoch 1/3 step 24100/304976 (global step 24100/914928): losses={'lm loss': 2.083691358566284} grad_norm=1.0000 [clipped raw=1.2] lr=1.00e-04 gpu_mem cur=2979MiB peak=8611MiB
Epoch 1/3 step 24200/304976 (global step 24200/914928): losses={'lm loss': 1.7612714767456055} grad_norm=1.0000 [clipped raw=1.1] lr=1.00e-04 gpu_mem cur=2979MiB peak=8611MiB
Epoch 1/3 step 24300/304976 (global step 24300/914928): losses={'lm loss': 1.9048515558242798} grad_norm=1.0000 [clipped raw=1.2] lr=1.00e-04 gpu_mem cur=2979MiB peak=8611MiB
Epoch 1/3 step 24400/304976 (global step 24400/914928): losses={'lm loss': 1.9848793745040894} grad_norm=1.0000 [clipped raw=1.2] lr=1.00e-04 gpu_mem cur=2979MiB peak=8611MiB
Epoch 1/3 step 24500/304976 (global step 24500/914928): losses={'lm loss': 2.258512020111084} grad_norm=1.0000 [clipped raw=1.2] lr=1.00e-04 gpu_mem cur=2979MiB peak=8611MiB
Epoch 1/3 step 24600/304976 (global step 24600/914928): losses={'lm loss': 1.8890209197998047} grad_norm=1.0000 [clipped raw=1.2] lr=1.00e-04 gpu_mem cur=2979MiB peak=8611MiB
Epoch 1/3 step 24700/304976 (global step 24700/914928): losses={'lm loss': 2.0009353160858154} grad_norm=1.0000 [clipped raw=1.2] lr=1.00e-04 gpu_mem cur=2979MiB peak=8611MiB
Epoch 1/3 step 24800/304976 (global step 24800/914928): losses={'lm loss': 2.0490593910217285} grad_norm=1.0000 [clipped raw=1.2] lr=1.00e-04 gpu_mem cur=2979MiB peak=8611MiB
Epoch 1/3 step 24900/304976 (global step 24900/914928): losses={'lm loss': 1.892566442489624} grad_norm=1.0000 [clipped raw=1.2] lr=1.00e-04 gpu_mem cur=2979MiB peak=8611MiB
Epoch 1/3 step 25000/304976 (global step 25000/914928): losses={'lm loss': 2.091282367706299} grad_norm=1.0000 [clipped raw=1.2] lr=1.00e-04 gpu_mem cur=2979MiB peak=8611MiB
Checkpoint saved to /home/lxk/PycharmProjects/My_megatron/examples/ckpt/step_25000
Removing old checkpoint: /home/lxk/PycharmProjects/My_megatron/examples/ckpt/step_10000
[eval] step_25000: eval_loss=1.9659
[sample 1 @ step_25000] ing by. They thought it was a sign. But the squirrel did not help them. The shadows grew long, and the chill of night set in. The owl looked around alone, feeling a sense of loss.

Yet, the owl remembered something from the owl. It had seen a bright light in the dark. It had danced in the sky, leading the way. Slowly, it flew away, leaving a trail of light. The owl smiled, knowing that each
[sample 2 @ step_25000]  set out, thinking today would be an adventure of a lifetime.

The path was slippery and muddy from the rain. When she reached the cafe, she saw a group of people gathered around a table. They were looking for a sign that said, "Moon! Use it!" she said, trying to make them laugh. They welcomed her and shared the story of the Halloween. The girl realized the true treasure was the
[mem] gpu_mem cur=2979MiB peak=8611MiB
Epoch 1/3 step 25100/304976 (global step 25100/914928): losses={'lm loss': 2.016313314437866} grad_norm=1.0000 [clipped raw=1.2] lr=1.00e-04 gpu_mem cur=2979MiB peak=8611MiB
Epoch 1/3 step 25200/304976 (global step 25200/914928): losses={'lm loss': 1.9602539539337158} grad_norm=1.0000 [clipped raw=1.2] lr=1.00e-04 gpu_mem cur=2979MiB peak=8611MiB
Epoch 1/3 step 25300/304976 (global step 25300/914928): losses={'lm loss': 1.9780986309051514} grad_norm=1.0000 [clipped raw=1.2] lr=1.00e-04 gpu_mem cur=2979MiB peak=8611MiB
Epoch 1/3 step 25400/304976 (global step 25400/914928): losses={'lm loss': 1.9994707107543945} grad_norm=1.0000 [clipped raw=1.2] lr=1.00e-04 gpu_mem cur=2979MiB peak=8611MiB
Epoch 1/3 step 25500/304976 (global step 25500/914928): losses={'lm loss': 2.1815037727355957} grad_norm=1.0000 [clipped raw=1.3] lr=1.00e-04 gpu_mem cur=2979MiB peak=8611MiB
Epoch 1/3 step 25600/304976 (global step 25600/914928): losses={'lm loss': 1.8571480512619019} grad_norm=1.0000 [clipped raw=1.3] lr=1.00e-04 gpu_mem cur=2979MiB peak=8611MiB
Epoch 1/3 step 25700/304976 (global step 25700/914928): losses={'lm loss': 1.969435214996338} grad_norm=1.0000 [clipped raw=1.2] lr=1.00e-04 gpu_mem cur=2979MiB peak=8611MiB
Epoch 1/3 step 25800/304976 (global step 25800/914928): losses={'lm loss': 2.003603935241699} grad_norm=1.0000 [clipped raw=1.2] lr=1.00e-04 gpu_mem cur=2979MiB peak=8611MiB
Epoch 1/3 step 25900/304976 (global step 25900/914928): losses={'lm loss': 1.9888813495635986} grad_norm=1.0000 [clipped raw=1.2] lr=1.00e-04 gpu_mem cur=2979MiB peak=8611MiB
Epoch 1/3 step 26000/304976 (global step 26000/914928): losses={'lm loss': 2.132779121398926} grad_norm=1.0000 [clipped raw=1.2] lr=1.00e-04 gpu_mem cur=2979MiB peak=8611MiB
Epoch 1/3 step 26100/304976 (global step 26100/914928): losses={'lm loss': 1.9400609731674194} grad_norm=1.0000 [clipped raw=1.2] lr=1.00e-04 gpu_mem cur=2979MiB peak=8611MiB
Epoch 1/3 step 26200/304976 (global step 26200/914928): losses={'lm loss': 2.1917529106140137} grad_norm=1.0000 [clipped raw=1.2] lr=1.00e-04 gpu_mem cur=2979MiB peak=8611MiB
Epoch 1/3 step 26300/304976 (global step 26300/914928): losses={'lm loss': 1.9832613468170166} grad_norm=1.0000 [clipped raw=1.2] lr=1.00e-04 gpu_mem cur=2979MiB peak=8611MiB
Epoch 1/3 step 26400/304976 (global step 26400/914928): losses={'lm loss': 1.9688646793365479} grad_norm=1.0000 [clipped raw=1.1] lr=1.00e-04 gpu_mem cur=2979MiB peak=8611MiB
Epoch 1/3 step 26500/304976 (global step 26500/914928): losses={'lm loss': 1.7778366804122925} grad_norm=1.0000 [clipped raw=1.1] lr=1.00e-04 gpu_mem cur=2979MiB peak=8611MiB
Epoch 1/3 step 26600/304976 (global step 26600/914928): losses={'lm loss': 1.9334295988082886} grad_norm=1.0000 [clipped raw=1.1] lr=1.00e-04 gpu_mem cur=2979MiB peak=8611MiB
Epoch 1/3 step 26700/304976 (global step 26700/914928): losses={'lm loss': 2.0561234951019287} grad_norm=1.0000 [clipped raw=1.3] lr=1.00e-04 gpu_mem cur=2979MiB peak=8611MiB
Epoch 1/3 step 26800/304976 (global step 26800/914928): losses={'lm loss': 2.044213056564331} grad_norm=1.0000 [clipped raw=1.2] lr=1.00e-04 gpu_mem cur=2979MiB peak=8611MiB
Epoch 1/3 step 26900/304976 (global step 26900/914928): losses={'lm loss': 2.1891372203826904} grad_norm=1.0000 [clipped raw=1.2] lr=1.00e-04 gpu_mem cur=2979MiB peak=8611MiB
Epoch 1/3 step 27000/304976 (global step 27000/914928): losses={'lm loss': 1.9106453657150269} grad_norm=1.0000 [clipped raw=1.2] lr=1.00e-04 gpu_mem cur=2979MiB peak=8611MiB
Epoch 1/3 step 27100/304976 (global step 27100/914928): losses={'lm loss': 2.0074830055236816} grad_norm=1.0000 [clipped raw=1.2] lr=1.00e-04 gpu_mem cur=2979MiB peak=8611MiB
Epoch 1/3 step 27200/304976 (global step 27200/914928): losses={'lm loss': 2.0672647953033447} grad_norm=1.0000 [clipped raw=1.2] lr=1.00e-04 gpu_mem cur=2979MiB peak=8611MiB
Epoch 1/3 step 27300/304976 (global step 27300/914928): losses={'lm loss': 2.0019302368164062} grad_norm=1.0000 [clipped raw=1.2] lr=1.00e-04 gpu_mem cur=2979MiB peak=8611MiB
Epoch 1/3 step 27400/304976 (global step 27400/914928): losses={'lm loss': 1.9609174728393555} grad_norm=1.0000 [clipped raw=1.2] lr=1.00e-04 gpu_mem cur=2979MiB peak=8611MiB
Epoch 1/3 step 27500/304976 (global step 27500/914928): losses={'lm loss': 2.1023166179656982} grad_norm=1.0000 [clipped raw=1.2] lr=1.00e-04 gpu_mem cur=2979MiB peak=8611MiB
Epoch 1/3 step 27600/304976 (global step 27600/914928): losses={'lm loss': 1.920365571975708} grad_norm=1.0000 [clipped raw=1.2] lr=1.00e-04 gpu_mem cur=2979MiB peak=8611MiB
Epoch 1/3 step 27700/304976 (global step 27700/914928): losses={'lm loss': 2.017831563949585} grad_norm=1.0000 [clipped raw=1.2] lr=1.00e-04 gpu_mem cur=2979MiB peak=8611MiB
Epoch 1/3 step 27800/304976 (global step 27800/914928): losses={'lm loss': 2.0714306831359863} grad_norm=1.0000 [clipped raw=1.2] lr=1.00e-04 gpu_mem cur=2979MiB peak=8611MiB
Epoch 1/3 step 27900/304976 (global step 27900/914928): losses={'lm loss': 1.8380279541015625} grad_norm=1.0000 [clipped raw=1.1] lr=1.00e-04 gpu_mem cur=2979MiB peak=8611MiB
Epoch 1/3 step 28000/304976 (global step 28000/914928): losses={'lm loss': 2.0677623748779297} grad_norm=1.0000 [clipped raw=1.2] lr=1.00e-04 gpu_mem cur=2979MiB peak=8611MiB
Epoch 1/3 step 28100/304976 (global step 28100/914928): losses={'lm loss': 1.9242408275604248} grad_norm=1.0000 [clipped raw=1.2] lr=1.00e-04 gpu_mem cur=2979MiB peak=8611MiB
Epoch 1/3 step 28200/304976 (global step 28200/914928): losses={'lm loss': 1.8749021291732788} grad_norm=1.0000 [clipped raw=1.1] lr=1.00e-04 gpu_mem cur=2979MiB peak=8611MiB
Epoch 1/3 step 28300/304976 (global step 28300/914928): losses={'lm loss': 1.909781575202942} grad_norm=1.0000 [clipped raw=1.1] lr=1.00e-04 gpu_mem cur=2979MiB peak=8611MiB
Epoch 1/3 step 28400/304976 (global step 28400/914928): losses={'lm loss': 1.9184978008270264} grad_norm=1.0000 [clipped raw=1.2] lr=1.00e-04 gpu_mem cur=2979MiB peak=8611MiB
Epoch 1/3 step 28500/304976 (global step 28500/914928): losses={'lm loss': 1.9828195571899414} grad_norm=1.0000 [clipped raw=1.2] lr=1.00e-04 gpu_mem cur=2979MiB peak=8611MiB
Epoch 1/3 step 28600/304976 (global step 28600/914928): losses={'lm loss': 1.8823144435882568} grad_norm=1.0000 [clipped raw=1.1] lr=1.00e-04 gpu_mem cur=2979MiB peak=8611MiB
Epoch 1/3 step 28700/304976 (global step 28700/914928): losses={'lm loss': 1.982952356338501} grad_norm=1.0000 [clipped raw=1.2] lr=1.00e-04 gpu_mem cur=2979MiB peak=8611MiB
Epoch 1/3 step 28800/304976 (global step 28800/914928): losses={'lm loss': 2.2211568355560303} grad_norm=1.0000 [clipped raw=1.2] lr=1.00e-04 gpu_mem cur=2979MiB peak=8611MiB
Epoch 1/3 step 28900/304976 (global step 28900/914928): losses={'lm loss': 2.018357992172241} grad_norm=1.0000 [clipped raw=1.2] lr=1.00e-04 gpu_mem cur=2979MiB peak=8611MiB
Epoch 1/3 step 29000/304976 (global step 29000/914928): losses={'lm loss': 2.0661911964416504} grad_norm=1.0000 [clipped raw=1.2] lr=1.00e-04 gpu_mem cur=2979MiB peak=8611MiB
Epoch 1/3 step 29100/304976 (global step 29100/914928): losses={'lm loss': 1.8351242542266846} grad_norm=1.0000 [clipped raw=1.2] lr=1.00e-04 gpu_mem cur=2979MiB peak=8611MiB
Epoch 1/3 step 29200/304976 (global step 29200/914928): losses={'lm loss': 1.848156452178955} grad_norm=1.0000 [clipped raw=1.1] lr=1.00e-04 gpu_mem cur=2979MiB peak=8611MiB
Epoch 1/3 step 29300/304976 (global step 29300/914928): losses={'lm loss': 1.8832406997680664} grad_norm=1.0000 [clipped raw=1.1] lr=1.00e-04 gpu_mem cur=2979MiB peak=8611MiB
Epoch 1/3 step 29400/304976 (global step 29400/914928): losses={'lm loss': 1.9027677774429321} grad_norm=1.0000 [clipped raw=1.1] lr=1.00e-04 gpu_mem cur=2979MiB peak=8611MiB
Epoch 1/3 step 29500/304976 (global step 29500/914928): losses={'lm loss': 1.8522392511367798} grad_norm=1.0000 [clipped raw=1.1] lr=1.00e-04 gpu_mem cur=2979MiB peak=8611MiB
Epoch 1/3 step 29600/304976 (global step 29600/914928): losses={'lm loss': 2.0983145236968994} grad_norm=1.0000 [clipped raw=1.2] lr=1.00e-04 gpu_mem cur=2979MiB peak=8611MiB
Epoch 1/3 step 29700/304976 (global step 29700/914928): losses={'lm loss': 2.0134437084198} grad_norm=1.0000 [clipped raw=1.2] lr=1.00e-04 gpu_mem cur=2979MiB peak=8611MiB
Epoch 1/3 step 29800/304976 (global step 29800/914928): losses={'lm loss': 1.936500072479248} grad_norm=1.0000 [clipped raw=1.2] lr=1.00e-04 gpu_mem cur=2979MiB peak=8611MiB
Epoch 1/3 step 29900/304976 (global step 29900/914928): losses={'lm loss': 1.7333526611328125} grad_norm=1.0000 [clipped raw=1.1] lr=1.00e-04 gpu_mem cur=2979MiB peak=8611MiB
Epoch 1/3 step 30000/304976 (global step 30000/914928): losses={'lm loss': 1.8643654584884644} grad_norm=1.0000 [clipped raw=1.2] lr=1.00e-04 gpu_mem cur=2979MiB peak=8611MiB
Checkpoint saved to /home/lxk/PycharmProjects/My_megatron/examples/ckpt/step_30000
Removing old checkpoint: /home/lxk/PycharmProjects/My_megatron/examples/ckpt/step_15000
[eval] step_30000: eval_loss=1.9133
[sample 1 @ step_30000] ing by. They thought it was a sign. But the squirrel did not help them. The shadows grew long, and the chill of night set in. The young dinosaur felt familiar, but the shadows closed in.

In that moment, the young dinosaur realized the truth. The jungle was beautiful, filled with surprises. He learned to appreciate the beauty around him, not just in the shadows, but in the shadows. The forest thrived with its beauty, but
[sample 2 @ step_30000]  set out, thinking today would be an adventure of a lifetime.

The path was slippery and muddy from the rain. It made Kim laugh as she climbed higher and higher until she reached the top. Below, the world looked so small. People were playing, and they were amazed. But there was also a big problem. A giant rock had fallen, blocking the way. 

The villagers shouted at the giant and ran. They
[mem] gpu_mem cur=2979MiB peak=8611MiB
Epoch 1/3 step 30100/304976 (global step 30100/914928): losses={'lm loss': 2.020245313644409} grad_norm=1.0000 [clipped raw=1.2] lr=1.00e-04 gpu_mem cur=2979MiB peak=8611MiB
Epoch 1/3 step 30200/304976 (global step 30200/914928): losses={'lm loss': 1.9880149364471436} grad_norm=1.0000 [clipped raw=1.1] lr=1.00e-04 gpu_mem cur=2979MiB peak=8611MiB
Epoch 1/3 step 30300/304976 (global step 30300/914928): losses={'lm loss': 2.049637794494629} grad_norm=1.0000 [clipped raw=1.2] lr=1.00e-04 gpu_mem cur=2979MiB peak=8611MiB
Epoch 1/3 step 30400/304976 (global step 30400/914928): losses={'lm loss': 2.019354820251465} grad_norm=1.0000 [clipped raw=1.2] lr=1.00e-04 gpu_mem cur=2979MiB peak=8611MiB
Epoch 1/3 step 30500/304976 (global step 30500/914928): losses={'lm loss': 1.8758225440979004} grad_norm=1.0000 [clipped raw=1.2] lr=1.00e-04 gpu_mem cur=2979MiB peak=8611MiB
Epoch 1/3 step 30600/304976 (global step 30600/914928): losses={'lm loss': 1.9676947593688965} grad_norm=1.0000 [clipped raw=1.1] lr=1.00e-04 gpu_mem cur=2979MiB peak=8611MiB
Epoch 1/3 step 30700/304976 (global step 30700/914928): losses={'lm loss': 2.0166258811950684} grad_norm=1.0000 [clipped raw=1.2] lr=1.00e-04 gpu_mem cur=2979MiB peak=8611MiB
Epoch 1/3 step 30800/304976 (global step 30800/914928): losses={'lm loss': 1.8107774257659912} grad_norm=1.0000 [clipped raw=1.1] lr=1.00e-04 gpu_mem cur=2979MiB peak=8611MiB
Epoch 1/3 step 30900/304976 (global step 30900/914928): losses={'lm loss': 1.9308326244354248} grad_norm=1.0000 [clipped raw=1.1] lr=1.00e-04 gpu_mem cur=2979MiB peak=8611MiB
Epoch 1/3 step 31000/304976 (global step 31000/914928): losses={'lm loss': 1.9403167963027954} grad_norm=1.0000 [clipped raw=1.2] lr=1.00e-04 gpu_mem cur=2979MiB peak=8611MiB
Epoch 1/3 step 31100/304976 (global step 31100/914928): losses={'lm loss': 2.015770673751831} grad_norm=1.0000 [clipped raw=1.2] lr=1.00e-04 gpu_mem cur=2979MiB peak=8611MiB
Epoch 1/3 step 31200/304976 (global step 31200/914928): losses={'lm loss': 2.021061897277832} grad_norm=1.0000 [clipped raw=1.2] lr=1.00e-04 gpu_mem cur=2979MiB peak=8611MiB
Epoch 1/3 step 31300/304976 (global step 31300/914928): losses={'lm loss': 1.789631724357605} grad_norm=1.0000 [clipped raw=1.1] lr=1.00e-04 gpu_mem cur=2979MiB peak=8611MiB
Epoch 1/3 step 31400/304976 (global step 31400/914928): losses={'lm loss': 1.9723594188690186} grad_norm=1.0000 [clipped raw=1.3] lr=1.00e-04 gpu_mem cur=2979MiB peak=8611MiB
Epoch 1/3 step 31500/304976 (global step 31500/914928): losses={'lm loss': 1.837790846824646} grad_norm=1.0000 [clipped raw=1.1] lr=1.00e-04 gpu_mem cur=2979MiB peak=8611MiB
Epoch 1/3 step 31600/304976 (global step 31600/914928): losses={'lm loss': 1.8640265464782715} grad_norm=1.0000 [clipped raw=1.1] lr=1.00e-04 gpu_mem cur=2979MiB peak=8611MiB
Epoch 1/3 step 31700/304976 (global step 31700/914928): losses={'lm loss': 2.086226224899292} grad_norm=1.0000 [clipped raw=1.1] lr=1.00e-04 gpu_mem cur=2979MiB peak=8611MiB
Epoch 1/3 step 31800/304976 (global step 31800/914928): losses={'lm loss': 1.9503343105316162} grad_norm=1.0000 [clipped raw=1.2] lr=1.00e-04 gpu_mem cur=2979MiB peak=8611MiB
Epoch 1/3 step 31900/304976 (global step 31900/914928): losses={'lm loss': 1.9458701610565186} grad_norm=1.0000 [clipped raw=1.2] lr=1.00e-04 gpu_mem cur=2979MiB peak=8611MiB
Epoch 1/3 step 32000/304976 (global step 32000/914928): losses={'lm loss': 1.993170976638794} grad_norm=1.0000 [clipped raw=1.2] lr=1.00e-04 gpu_mem cur=2979MiB peak=8611MiB
Epoch 1/3 step 32100/304976 (global step 32100/914928): losses={'lm loss': 2.0637435913085938} grad_norm=1.0000 [clipped raw=1.1] lr=1.00e-04 gpu_mem cur=2979MiB peak=8611MiB
Epoch 1/3 step 32200/304976 (global step 32200/914928): losses={'lm loss': 1.7926740646362305} grad_norm=1.0000 [clipped raw=1.1] lr=1.00e-04 gpu_mem cur=2979MiB peak=8611MiB
Epoch 1/3 step 32300/304976 (global step 32300/914928): losses={'lm loss': 1.9417701959609985} grad_norm=1.0000 [clipped raw=1.1] lr=1.00e-04 gpu_mem cur=2979MiB peak=8611MiB
Epoch 1/3 step 32400/304976 (global step 32400/914928): losses={'lm loss': 1.8918119668960571} grad_norm=1.0000 [clipped raw=1.2] lr=1.00e-04 gpu_mem cur=2979MiB peak=8611MiB
Epoch 1/3 step 32500/304976 (global step 32500/914928): losses={'lm loss': 1.954192876815796} grad_norm=1.0000 [clipped raw=1.1] lr=1.00e-04 gpu_mem cur=2979MiB peak=8611MiB
Epoch 1/3 step 32600/304976 (global step 32600/914928): losses={'lm loss': 1.926832675933838} grad_norm=1.0000 [clipped raw=1.1] lr=1.00e-04 gpu_mem cur=2979MiB peak=8611MiB
Epoch 1/3 step 32700/304976 (global step 32700/914928): losses={'lm loss': 1.8986247777938843} grad_norm=1.0000 [clipped raw=1.1] lr=1.00e-04 gpu_mem cur=2979MiB peak=8611MiB
Epoch 1/3 step 32800/304976 (global step 32800/914928): losses={'lm loss': 2.0245800018310547} grad_norm=1.0000 [clipped raw=1.2] lr=1.00e-04 gpu_mem cur=2979MiB peak=8611MiB
Epoch 1/3 step 32900/304976 (global step 32900/914928): losses={'lm loss': 2.038649082183838} grad_norm=1.0000 [clipped raw=1.2] lr=1.00e-04 gpu_mem cur=2979MiB peak=8611MiB
Epoch 1/3 step 33000/304976 (global step 33000/914928): losses={'lm loss': 1.7647680044174194} grad_norm=1.0000 [clipped raw=1.1] lr=1.00e-04 gpu_mem cur=2979MiB peak=8611MiB
Epoch 1/3 step 33100/304976 (global step 33100/914928): losses={'lm loss': 1.7418084144592285} grad_norm=1.0000 [clipped raw=1.1] lr=1.00e-04 gpu_mem cur=2979MiB peak=8611MiB
Epoch 1/3 step 33200/304976 (global step 33200/914928): losses={'lm loss': 2.1318418979644775} grad_norm=1.0000 [clipped raw=1.2] lr=1.00e-04 gpu_mem cur=2979MiB peak=8611MiB
Epoch 1/3 step 33300/304976 (global step 33300/914928): losses={'lm loss': 1.9163599014282227} grad_norm=1.0000 [clipped raw=1.1] lr=1.00e-04 gpu_mem cur=2979MiB peak=8611MiB
Epoch 1/3 step 33400/304976 (global step 33400/914928): losses={'lm loss': 2.116619825363159} grad_norm=1.0000 [clipped raw=1.2] lr=1.00e-04 gpu_mem cur=2979MiB peak=8611MiB
Epoch 1/3 step 33500/304976 (global step 33500/914928): losses={'lm loss': 1.8961076736450195} grad_norm=1.0000 [clipped raw=1.1] lr=1.00e-04 gpu_mem cur=2979MiB peak=8611MiB
Epoch 1/3 step 33600/304976 (global step 33600/914928): losses={'lm loss': 1.9086792469024658} grad_norm=1.0000 [clipped raw=1.1] lr=1.00e-04 gpu_mem cur=2979MiB peak=8611MiB
Epoch 1/3 step 33700/304976 (global step 33700/914928): losses={'lm loss': 1.899247169494629} grad_norm=1.0000 [clipped raw=1.4] lr=1.00e-04 gpu_mem cur=2979MiB peak=8611MiB
Epoch 1/3 step 33800/304976 (global step 33800/914928): losses={'lm loss': 1.9676400423049927} grad_norm=1.0000 [clipped raw=1.2] lr=1.00e-04 gpu_mem cur=2979MiB peak=8611MiB
Epoch 1/3 step 33900/304976 (global step 33900/914928): losses={'lm loss': 1.9346660375595093} grad_norm=1.0000 [clipped raw=1.1] lr=1.00e-04 gpu_mem cur=2979MiB peak=8611MiB
Epoch 1/3 step 34000/304976 (global step 34000/914928): losses={'lm loss': 2.049198627471924} grad_norm=1.0000 [clipped raw=1.1] lr=1.00e-04 gpu_mem cur=2979MiB peak=8611MiB
Epoch 1/3 step 34100/304976 (global step 34100/914928): losses={'lm loss': 1.6777384281158447} grad_norm=1.0000 [clipped raw=1.1] lr=1.00e-04 gpu_mem cur=2979MiB peak=8611MiB
Epoch 1/3 step 34200/304976 (global step 34200/914928): losses={'lm loss': 1.8459643125534058} grad_norm=1.0000 [clipped raw=1.1] lr=1.00e-04 gpu_mem cur=2979MiB peak=8611MiB
Epoch 1/3 step 34300/304976 (global step 34300/914928): losses={'lm loss': 1.8967448472976685} grad_norm=1.0000 [clipped raw=1.2] lr=1.00e-04 gpu_mem cur=2979MiB peak=8611MiB
Epoch 1/3 step 34400/304976 (global step 34400/914928): losses={'lm loss': 1.8687459230422974} grad_norm=1.0000 [clipped raw=1.1] lr=1.00e-04 gpu_mem cur=2979MiB peak=8611MiB
Epoch 1/3 step 34500/304976 (global step 34500/914928): losses={'lm loss': 1.996749758720398} grad_norm=1.0000 [clipped raw=1.2] lr=1.00e-04 gpu_mem cur=2979MiB peak=8611MiB
Epoch 1/3 step 34600/304976 (global step 34600/914928): losses={'lm loss': 1.815146565437317} grad_norm=1.0000 [clipped raw=1.1] lr=1.00e-04 gpu_mem cur=2979MiB peak=8611MiB
Epoch 1/3 step 34700/304976 (global step 34700/914928): losses={'lm loss': 1.9143948554992676} grad_norm=1.0000 [clipped raw=1.2] lr=1.00e-04 gpu_mem cur=2979MiB peak=8611MiB
Epoch 1/3 step 34800/304976 (global step 34800/914928): losses={'lm loss': 1.818479299545288} grad_norm=1.0000 [clipped raw=1.1] lr=1.00e-04 gpu_mem cur=2979MiB peak=8611MiB
Epoch 1/3 step 34900/304976 (global step 34900/914928): losses={'lm loss': 1.7048065662384033} grad_norm=1.0000 [clipped raw=1.1] lr=1.00e-04 gpu_mem cur=2979MiB peak=8611MiB
Epoch 1/3 step 35000/304976 (global step 35000/914928): losses={'lm loss': 1.8809447288513184} grad_norm=1.0000 [clipped raw=1.1] lr=1.00e-04 gpu_mem cur=2979MiB peak=8611MiB
Checkpoint saved to /home/lxk/PycharmProjects/My_megatron/examples/ckpt/step_35000
Removing old checkpoint: /home/lxk/PycharmProjects/My_megatron/examples/ckpt/step_20000
[eval] step_35000: eval_loss=1.8722
[sample 1 @ step_35000] ing by. They thought it was a sign. But the squirrel did not help them. The shadows grew long, and the chill of night set in. The bond of the rabbits felt empty. Together, they plotted their next move.

One night, they crept into the garden. The fireflies danced around, and the wind sang songs. "This is it," said one, looking at the child. The child's heart raced. The night was dark, but the
[sample 2 @ step_35000]  set out, thinking today would be an adventure of a lifetime.

The path was slippery and muddy from the rain. Leo took a deep breath and stepped carefully. The sun peeked through the clouds, creating a bright light in the dark. In the center of the garden, a big flower stood alone. He felt a chill run down his spine, but he could not turn back. He picked up the flower, and it shimmered like a
[mem] gpu_mem cur=2979MiB peak=8611MiB
Epoch 1/3 step 35100/304976 (global step 35100/914928): losses={'lm loss': 1.8905812501907349} grad_norm=1.0000 [clipped raw=1.1] lr=1.00e-04 gpu_mem cur=2979MiB peak=8611MiB
Epoch 1/3 step 35200/304976 (global step 35200/914928): losses={'lm loss': 1.8180631399154663} grad_norm=1.0000 [clipped raw=1.1] lr=1.00e-04 gpu_mem cur=2979MiB peak=8611MiB
Epoch 1/3 step 35300/304976 (global step 35300/914928): losses={'lm loss': 1.9046084880828857} grad_norm=1.0000 [clipped raw=1.1] lr=1.00e-04 gpu_mem cur=2979MiB peak=8611MiB
Epoch 1/3 step 35400/304976 (global step 35400/914928): losses={'lm loss': 1.9948511123657227} grad_norm=1.0000 [clipped raw=1.1] lr=1.00e-04 gpu_mem cur=2979MiB peak=8611MiB
Epoch 1/3 step 35500/304976 (global step 35500/914928): losses={'lm loss': 1.9493887424468994} grad_norm=1.0000 [clipped raw=1.2] lr=1.00e-04 gpu_mem cur=2979MiB peak=8611MiB
Epoch 1/3 step 35600/304976 (global step 35600/914928): losses={'lm loss': 2.0013160705566406} grad_norm=1.0000 [clipped raw=1.1] lr=1.00e-04 gpu_mem cur=2979MiB peak=8611MiB
Epoch 1/3 step 35700/304976 (global step 35700/914928): losses={'lm loss': 1.8958157300949097} grad_norm=1.0000 [clipped raw=1.1] lr=1.00e-04 gpu_mem cur=2979MiB peak=8611MiB
Epoch 1/3 step 35800/304976 (global step 35800/914928): losses={'lm loss': 1.9626716375350952} grad_norm=1.0000 [clipped raw=1.1] lr=1.00e-04 gpu_mem cur=2979MiB peak=8611MiB
Epoch 1/3 step 35900/304976 (global step 35900/914928): losses={'lm loss': 1.8088502883911133} grad_norm=1.0000 [clipped raw=1.1] lr=1.00e-04 gpu_mem cur=2979MiB peak=8611MiB
Epoch 1/3 step 36000/304976 (global step 36000/914928): losses={'lm loss': 1.8220648765563965} grad_norm=1.0000 [clipped raw=1.1] lr=1.00e-04 gpu_mem cur=2979MiB peak=8611MiB
Epoch 1/3 step 36100/304976 (global step 36100/914928): losses={'lm loss': 1.8490638732910156} grad_norm=1.0000 [clipped raw=1.1] lr=1.00e-04 gpu_mem cur=2979MiB peak=8611MiB
Epoch 1/3 step 36200/304976 (global step 36200/914928): losses={'lm loss': 1.8918910026550293} grad_norm=1.0000 [clipped raw=1.1] lr=1.00e-04 gpu_mem cur=2979MiB peak=8611MiB
Epoch 1/3 step 36300/304976 (global step 36300/914928): losses={'lm loss': 1.9872512817382812} grad_norm=1.0000 [clipped raw=1.2] lr=1.00e-04 gpu_mem cur=2979MiB peak=8611MiB
Epoch 1/3 step 36400/304976 (global step 36400/914928): losses={'lm loss': 2.0742056369781494} grad_norm=1.0000 [clipped raw=1.2] lr=1.00e-04 gpu_mem cur=2979MiB peak=8611MiB
Epoch 1/3 step 36500/304976 (global step 36500/914928): losses={'lm loss': 1.9597868919372559} grad_norm=1.0000 [clipped raw=1.2] lr=1.00e-04 gpu_mem cur=2979MiB peak=8611MiB
Epoch 1/3 step 36600/304976 (global step 36600/914928): losses={'lm loss': 2.0084519386291504} grad_norm=1.0000 [clipped raw=1.1] lr=1.00e-04 gpu_mem cur=2979MiB peak=8611MiB
Epoch 1/3 step 36700/304976 (global step 36700/914928): losses={'lm loss': 1.956135869026184} grad_norm=1.0000 [clipped raw=1.1] lr=1.00e-04 gpu_mem cur=2979MiB peak=8611MiB
Epoch 1/3 step 36800/304976 (global step 36800/914928): losses={'lm loss': 1.7085015773773193} grad_norm=1.0000 [clipped raw=1.1] lr=1.00e-04 gpu_mem cur=2979MiB peak=8611MiB
Epoch 1/3 step 36900/304976 (global step 36900/914928): losses={'lm loss': 1.6747041940689087} grad_norm=1.0000 [clipped raw=1.0] lr=1.00e-04 gpu_mem cur=2979MiB peak=8611MiB
Epoch 1/3 step 37000/304976 (global step 37000/914928): losses={'lm loss': 1.814164400100708} grad_norm=1.0000 [clipped raw=1.1] lr=1.00e-04 gpu_mem cur=2979MiB peak=8611MiB
Epoch 1/3 step 37100/304976 (global step 37100/914928): losses={'lm loss': 1.8822983503341675} grad_norm=1.0000 [clipped raw=1.1] lr=1.00e-04 gpu_mem cur=2979MiB peak=8611MiB
Epoch 1/3 step 37200/304976 (global step 37200/914928): losses={'lm loss': 1.9368200302124023} grad_norm=1.0000 [clipped raw=1.1] lr=1.00e-04 gpu_mem cur=2979MiB peak=8611MiB
Epoch 1/3 step 37300/304976 (global step 37300/914928): losses={'lm loss': 1.876298189163208} grad_norm=1.0000 [clipped raw=1.1] lr=1.00e-04 gpu_mem cur=2979MiB peak=8611MiB
Epoch 1/3 step 37400/304976 (global step 37400/914928): losses={'lm loss': 1.9323357343673706} grad_norm=1.0000 [clipped raw=1.1] lr=1.00e-04 gpu_mem cur=2979MiB peak=8611MiB
Epoch 1/3 step 37500/304976 (global step 37500/914928): losses={'lm loss': 2.0279922485351562} grad_norm=1.0000 [clipped raw=1.1] lr=1.00e-04 gpu_mem cur=2979MiB peak=8611MiB
Epoch 1/3 step 37600/304976 (global step 37600/914928): losses={'lm loss': 1.8913953304290771} grad_norm=1.0000 [clipped raw=1.1] lr=1.00e-04 gpu_mem cur=2979MiB peak=8611MiB
Epoch 1/3 step 37700/304976 (global step 37700/914928): losses={'lm loss': 1.9342520236968994} grad_norm=1.0000 [clipped raw=1.1] lr=1.00e-04 gpu_mem cur=2979MiB peak=8611MiB
Epoch 1/3 step 37800/304976 (global step 37800/914928): losses={'lm loss': 1.748346209526062} grad_norm=1.0000 [clipped raw=1.1] lr=1.00e-04 gpu_mem cur=2979MiB peak=8611MiB
Epoch 1/3 step 37900/304976 (global step 37900/914928): losses={'lm loss': 1.8649635314941406} grad_norm=1.0000 [clipped raw=1.1] lr=1.00e-04 gpu_mem cur=2979MiB peak=8611MiB
Epoch 1/3 step 38000/304976 (global step 38000/914928): losses={'lm loss': 1.8461109399795532} grad_norm=1.0000 [clipped raw=1.1] lr=1.00e-04 gpu_mem cur=2979MiB peak=8611MiB
Epoch 1/3 step 38100/304976 (global step 38100/914928): losses={'lm loss': 2.003096342086792} grad_norm=1.0000 [clipped raw=1.2] lr=1.00e-04 gpu_mem cur=2979MiB peak=8611MiB
Epoch 1/3 step 38200/304976 (global step 38200/914928): losses={'lm loss': 1.9648866653442383} grad_norm=1.0000 [clipped raw=1.1] lr=1.00e-04 gpu_mem cur=2979MiB peak=8611MiB
Epoch 1/3 step 38300/304976 (global step 38300/914928): losses={'lm loss': 1.9993444681167603} grad_norm=1.0000 [clipped raw=1.1] lr=1.00e-04 gpu_mem cur=2979MiB peak=8611MiB
Epoch 1/3 step 38400/304976 (global step 38400/914928): losses={'lm loss': 2.0255236625671387} grad_norm=1.0000 [clipped raw=1.2] lr=1.00e-04 gpu_mem cur=2979MiB peak=8611MiB
Epoch 1/3 step 38500/304976 (global step 38500/914928): losses={'lm loss': 1.8994126319885254} grad_norm=1.0000 [clipped raw=1.1] lr=1.00e-04 gpu_mem cur=2979MiB peak=8611MiB
Epoch 1/3 step 38600/304976 (global step 38600/914928): losses={'lm loss': 1.9330713748931885} grad_norm=1.0000 [clipped raw=1.2] lr=1.00e-04 gpu_mem cur=2979MiB peak=8611MiB
Epoch 1/3 step 38700/304976 (global step 38700/914928): losses={'lm loss': 1.737728238105774} grad_norm=1.0000 [clipped raw=1.1] lr=1.00e-04 gpu_mem cur=2979MiB peak=8611MiB
Epoch 1/3 step 38800/304976 (global step 38800/914928): losses={'lm loss': 1.8018288612365723} grad_norm=1.0000 [clipped raw=1.1] lr=1.00e-04 gpu_mem cur=2979MiB peak=8611MiB
Epoch 1/3 step 38900/304976 (global step 38900/914928): losses={'lm loss': 1.8884563446044922} grad_norm=1.0000 [clipped raw=1.1] lr=1.00e-04 gpu_mem cur=2979MiB peak=8611MiB
Epoch 1/3 step 39000/304976 (global step 39000/914928): losses={'lm loss': 1.9140077829360962} grad_norm=1.0000 [clipped raw=1.1] lr=1.00e-04 gpu_mem cur=2979MiB peak=8611MiB
Epoch 1/3 step 39100/304976 (global step 39100/914928): losses={'lm loss': 1.6989893913269043} grad_norm=1.0000 [clipped raw=1.1] lr=1.00e-04 gpu_mem cur=2979MiB peak=8611MiB
Epoch 1/3 step 39200/304976 (global step 39200/914928): losses={'lm loss': 1.9702796936035156} grad_norm=1.0000 [clipped raw=1.1] lr=1.00e-04 gpu_mem cur=2979MiB peak=8611MiB
Epoch 1/3 step 39300/304976 (global step 39300/914928): losses={'lm loss': 1.8914532661437988} grad_norm=1.0000 [clipped raw=1.2] lr=1.00e-04 gpu_mem cur=2979MiB peak=8611MiB
Epoch 1/3 step 39400/304976 (global step 39400/914928): losses={'lm loss': 1.9527301788330078} grad_norm=1.0000 [clipped raw=1.5] lr=1.00e-04 gpu_mem cur=2979MiB peak=8611MiB
Epoch 1/3 step 39500/304976 (global step 39500/914928): losses={'lm loss': 1.965716004371643} grad_norm=1.0000 [clipped raw=1.1] lr=1.00e-04 gpu_mem cur=2979MiB peak=8611MiB
Epoch 1/3 step 39600/304976 (global step 39600/914928): losses={'lm loss': 1.7762200832366943} grad_norm=1.0000 [clipped raw=1.1] lr=1.00e-04 gpu_mem cur=2979MiB peak=8611MiB
Epoch 1/3 step 39700/304976 (global step 39700/914928): losses={'lm loss': 1.9167559146881104} grad_norm=1.0000 [clipped raw=1.1] lr=1.00e-04 gpu_mem cur=2979MiB peak=8611MiB
Epoch 1/3 step 39800/304976 (global step 39800/914928): losses={'lm loss': 1.9100923538208008} grad_norm=1.0000 [clipped raw=1.1] lr=1.00e-04 gpu_mem cur=2979MiB peak=8611MiB
Epoch 1/3 step 39900/304976 (global step 39900/914928): losses={'lm loss': 1.89125394821167} grad_norm=1.0000 [clipped raw=1.1] lr=1.00e-04 gpu_mem cur=2979MiB peak=8611MiB
Epoch 1/3 step 40000/304976 (global step 40000/914928): losses={'lm loss': 1.8260912895202637} grad_norm=1.0000 [clipped raw=1.1] lr=1.00e-04 gpu_mem cur=2979MiB peak=8611MiB
Checkpoint saved to /home/lxk/PycharmProjects/My_megatron/examples/ckpt/step_40000
Removing old checkpoint: /home/lxk/PycharmProjects/My_megatron/examples/ckpt/step_25000
[eval] step_40000: eval_loss=1.8358
[sample 1 @ step_40000] ing by. They thought it was a sign. But the squirrel did not help them. The shadows grew long, and the chill of night set in. The friends had made a plan, and they were tired.

Suddenly, they heard a loud crash. It was the sound of a dark cave. The friends had come looking for the source of the noise! They decided to follow the sound. As they entered the cave, shadows danced on the walls. They were
[sample 2 @ step_40000]  set out, thinking today would be an adventure of a lifetime.

The path was slippery and muddy from the rain. He felt fear wash over him. "What if I want to find treasure?" he wondered. Just then, a girl approached him. She was searching too. Together, they decided to push through the thick rain. 

As they reached the edge of the car, they saw an old stone. It was covered in
[mem] gpu_mem cur=2979MiB peak=8611MiB
Epoch 1/3 step 40100/304976 (global step 40100/914928): losses={'lm loss': 1.851198434829712} grad_norm=1.0000 [clipped raw=1.1] lr=1.00e-04 gpu_mem cur=2979MiB peak=8611MiB
Epoch 1/3 step 40200/304976 (global step 40200/914928): losses={'lm loss': 1.7654118537902832} grad_norm=1.0000 [clipped raw=1.1] lr=1.00e-04 gpu_mem cur=2979MiB peak=8611MiB
Epoch 1/3 step 40300/304976 (global step 40300/914928): losses={'lm loss': 1.8456817865371704} grad_norm=1.0000 [clipped raw=1.1] lr=1.00e-04 gpu_mem cur=2979MiB peak=8611MiB
Epoch 1/3 step 40400/304976 (global step 40400/914928): losses={'lm loss': 2.1630849838256836} grad_norm=1.0000 [clipped raw=1.4] lr=1.00e-04 gpu_mem cur=2979MiB peak=8611MiB
Epoch 1/3 step 40500/304976 (global step 40500/914928): losses={'lm loss': 1.9702261686325073} grad_norm=1.0000 [clipped raw=1.1] lr=1.00e-04 gpu_mem cur=2979MiB peak=8611MiB
Epoch 1/3 step 40600/304976 (global step 40600/914928): losses={'lm loss': 1.9297679662704468} grad_norm=1.0000 [clipped raw=1.2] lr=1.00e-04 gpu_mem cur=2979MiB peak=8611MiB
Epoch 1/3 step 40700/304976 (global step 40700/914928): losses={'lm loss': 1.7110697031021118} grad_norm=1.0000 [clipped raw=1.1] lr=1.00e-04 gpu_mem cur=2979MiB peak=8611MiB
Epoch 1/3 step 40800/304976 (global step 40800/914928): losses={'lm loss': 2.02547550201416} grad_norm=1.0000 [clipped raw=1.1] lr=1.00e-04 gpu_mem cur=2979MiB peak=8611MiB
Epoch 1/3 step 40900/304976 (global step 40900/914928): losses={'lm loss': 1.8559653759002686} grad_norm=1.0000 [clipped raw=1.1] lr=1.00e-04 gpu_mem cur=2979MiB peak=8611MiB
Epoch 1/3 step 41000/304976 (global step 41000/914928): losses={'lm loss': 2.0203800201416016} grad_norm=1.0000 [clipped raw=1.2] lr=1.00e-04 gpu_mem cur=2979MiB peak=8611MiB
Epoch 1/3 step 41100/304976 (global step 41100/914928): losses={'lm loss': 1.9499053955078125} grad_norm=1.0000 [clipped raw=1.1] lr=1.00e-04 gpu_mem cur=2979MiB peak=8611MiB
Epoch 1/3 step 41200/304976 (global step 41200/914928): losses={'lm loss': 1.919557809829712} grad_norm=1.0000 [clipped raw=1.2] lr=1.00e-04 gpu_mem cur=2979MiB peak=8611MiB
Epoch 1/3 step 41300/304976 (global step 41300/914928): losses={'lm loss': 1.787596583366394} grad_norm=1.0000 [clipped raw=1.1] lr=1.00e-04 gpu_mem cur=2979MiB peak=8611MiB
Epoch 1/3 step 41400/304976 (global step 41400/914928): losses={'lm loss': 1.9381060600280762} grad_norm=1.0000 [clipped raw=1.1] lr=1.00e-04 gpu_mem cur=2979MiB peak=8611MiB
Epoch 1/3 step 41500/304976 (global step 41500/914928): losses={'lm loss': 1.8481717109680176} grad_norm=1.0000 [clipped raw=1.1] lr=1.00e-04 gpu_mem cur=2979MiB peak=8611MiB
Epoch 1/3 step 41600/304976 (global step 41600/914928): losses={'lm loss': 1.9982643127441406} grad_norm=1.0000 [clipped raw=1.1] lr=1.00e-04 gpu_mem cur=2979MiB peak=8611MiB
Epoch 1/3 step 41700/304976 (global step 41700/914928): losses={'lm loss': 1.820555329322815} grad_norm=1.0000 [clipped raw=1.1] lr=1.00e-04 gpu_mem cur=2979MiB peak=8611MiB
Epoch 1/3 step 41800/304976 (global step 41800/914928): losses={'lm loss': 1.7283411026000977} grad_norm=1.0000 [clipped raw=1.1] lr=1.00e-04 gpu_mem cur=2979MiB peak=8611MiB
Epoch 1/3 step 41900/304976 (global step 41900/914928): losses={'lm loss': 1.8654201030731201} grad_norm=1.0000 [clipped raw=1.1] lr=1.00e-04 gpu_mem cur=2979MiB peak=8611MiB
Epoch 1/3 step 42000/304976 (global step 42000/914928): losses={'lm loss': 1.7258522510528564} grad_norm=1.0000 [clipped raw=1.1] lr=1.00e-04 gpu_mem cur=2979MiB peak=8611MiB
Epoch 1/3 step 42100/304976 (global step 42100/914928): losses={'lm loss': 1.9965189695358276} grad_norm=1.0000 [clipped raw=1.1] lr=1.00e-04 gpu_mem cur=2979MiB peak=8611MiB
Epoch 1/3 step 42200/304976 (global step 42200/914928): losses={'lm loss': 1.816325068473816} grad_norm=1.0000 [clipped raw=1.0] lr=1.00e-04 gpu_mem cur=2979MiB peak=8611MiB
Epoch 1/3 step 42300/304976 (global step 42300/914928): losses={'lm loss': 1.820328950881958} grad_norm=1.0000 [clipped raw=1.1] lr=1.00e-04 gpu_mem cur=2979MiB peak=8611MiB
Epoch 1/3 step 42400/304976 (global step 42400/914928): losses={'lm loss': 1.6987459659576416} grad_norm=1.0000 [clipped raw=1.0] lr=1.00e-04 gpu_mem cur=2979MiB peak=8611MiB
Epoch 1/3 step 42500/304976 (global step 42500/914928): losses={'lm loss': 1.8334649801254272} grad_norm=1.0000 [clipped raw=1.1] lr=1.00e-04 gpu_mem cur=2979MiB peak=8611MiB
Epoch 1/3 step 42600/304976 (global step 42600/914928): losses={'lm loss': 1.7773056030273438} grad_norm=1.0000 [clipped raw=1.0] lr=1.00e-04 gpu_mem cur=2979MiB peak=8611MiB
Epoch 1/3 step 42700/304976 (global step 42700/914928): losses={'lm loss': 2.0385842323303223} grad_norm=1.0000 [clipped raw=1.2] lr=1.00e-04 gpu_mem cur=2979MiB peak=8611MiB
Epoch 1/3 step 42800/304976 (global step 42800/914928): losses={'lm loss': 1.7952542304992676} grad_norm=1.0000 [clipped raw=1.1] lr=1.00e-04 gpu_mem cur=2979MiB peak=8611MiB
Epoch 1/3 step 42900/304976 (global step 42900/914928): losses={'lm loss': 1.9188976287841797} grad_norm=1.0000 [clipped raw=1.1] lr=1.00e-04 gpu_mem cur=2979MiB peak=8611MiB
Epoch 1/3 step 43000/304976 (global step 43000/914928): losses={'lm loss': 1.8977410793304443} grad_norm=1.0000 [clipped raw=1.1] lr=1.00e-04 gpu_mem cur=2979MiB peak=8611MiB
Epoch 1/3 step 43100/304976 (global step 43100/914928): losses={'lm loss': 1.9891602993011475} grad_norm=1.0000 [clipped raw=1.1] lr=1.00e-04 gpu_mem cur=2979MiB peak=8611MiB
Epoch 1/3 step 43200/304976 (global step 43200/914928): losses={'lm loss': 2.0362508296966553} grad_norm=1.0000 [clipped raw=1.1] lr=1.00e-04 gpu_mem cur=2979MiB peak=8611MiB
Epoch 1/3 step 43300/304976 (global step 43300/914928): losses={'lm loss': 1.7864147424697876} grad_norm=1.0000 [clipped raw=1.0] lr=1.00e-04 gpu_mem cur=2979MiB peak=8611MiB
Epoch 1/3 step 43400/304976 (global step 43400/914928): losses={'lm loss': 1.976931095123291} grad_norm=1.0000 [clipped raw=1.2] lr=1.00e-04 gpu_mem cur=2979MiB peak=8611MiB
Epoch 1/3 step 43500/304976 (global step 43500/914928): losses={'lm loss': 1.8635164499282837} grad_norm=1.0000 [clipped raw=1.1] lr=1.00e-04 gpu_mem cur=2979MiB peak=8611MiB
Epoch 1/3 step 43600/304976 (global step 43600/914928): losses={'lm loss': 1.8986355066299438} grad_norm=1.0000 [clipped raw=1.1] lr=1.00e-04 gpu_mem cur=2979MiB peak=8611MiB
Epoch 1/3 step 43700/304976 (global step 43700/914928): losses={'lm loss': 1.8142969608306885} grad_norm=1.0000 [clipped raw=1.1] lr=1.00e-04 gpu_mem cur=2979MiB peak=8611MiB
Epoch 1/3 step 43800/304976 (global step 43800/914928): losses={'lm loss': 1.7556684017181396} grad_norm=1.0000 [clipped raw=1.1] lr=1.00e-04 gpu_mem cur=2979MiB peak=8611MiB
Epoch 1/3 step 43900/304976 (global step 43900/914928): losses={'lm loss': 1.8687467575073242} grad_norm=1.0000 [clipped raw=1.1] lr=1.00e-04 gpu_mem cur=2979MiB peak=8611MiB
Epoch 1/3 step 44000/304976 (global step 44000/914928): losses={'lm loss': 1.7666988372802734} grad_norm=1.0000 [clipped raw=1.1] lr=1.00e-04 gpu_mem cur=2979MiB peak=8611MiB
Epoch 1/3 step 44100/304976 (global step 44100/914928): losses={'lm loss': 1.9189354181289673} grad_norm=1.0000 [clipped raw=1.1] lr=1.00e-04 gpu_mem cur=2979MiB peak=8611MiB
Epoch 1/3 step 44200/304976 (global step 44200/914928): losses={'lm loss': 1.756089448928833} grad_norm=1.0000 [clipped raw=1.1] lr=1.00e-04 gpu_mem cur=2979MiB peak=8611MiB
Epoch 1/3 step 44300/304976 (global step 44300/914928): losses={'lm loss': 1.8258731365203857} grad_norm=1.0000 [clipped raw=1.1] lr=1.00e-04 gpu_mem cur=2979MiB peak=8611MiB
Epoch 1/3 step 44400/304976 (global step 44400/914928): losses={'lm loss': 1.7934292554855347} grad_norm=1.0000 [clipped raw=1.1] lr=1.00e-04 gpu_mem cur=2979MiB peak=8611MiB
Epoch 1/3 step 44500/304976 (global step 44500/914928): losses={'lm loss': 1.9085439443588257} grad_norm=1.0000 [clipped raw=1.1] lr=1.00e-04 gpu_mem cur=2979MiB peak=8611MiB
Epoch 1/3 step 44600/304976 (global step 44600/914928): losses={'lm loss': 1.7771494388580322} grad_norm=1.0000 [clipped raw=1.1] lr=1.00e-04 gpu_mem cur=2979MiB peak=8611MiB
Epoch 1/3 step 44700/304976 (global step 44700/914928): losses={'lm loss': 1.8154637813568115} grad_norm=1.0000 [clipped raw=1.1] lr=1.00e-04 gpu_mem cur=2979MiB peak=8611MiB
Epoch 1/3 step 44800/304976 (global step 44800/914928): losses={'lm loss': 1.9287891387939453} grad_norm=1.0000 [clipped raw=1.1] lr=1.00e-04 gpu_mem cur=2979MiB peak=8611MiB
Epoch 1/3 step 44900/304976 (global step 44900/914928): losses={'lm loss': 1.7933712005615234} grad_norm=1.0000 [clipped raw=1.1] lr=1.00e-04 gpu_mem cur=2979MiB peak=8611MiB
Epoch 1/3 step 45000/304976 (global step 45000/914928): losses={'lm loss': 1.747295618057251} grad_norm=1.0000 [clipped raw=1.1] lr=1.00e-04 gpu_mem cur=2979MiB peak=8611MiB
Checkpoint saved to /home/lxk/PycharmProjects/My_megatron/examples/ckpt/step_45000
Removing old checkpoint: /home/lxk/PycharmProjects/My_megatron/examples/ckpt/step_30000
[eval] step_45000: eval_loss=1.8083
[sample 1 @ step_45000] ing by. They thought it was a sign. But the squirrel did not help them. The shadows grew long, and the chill of night set in. The air grew heavy with the smell of rain, and the stars fell like whispers. 

Then, a flash of light caught their attention. A tiny fairy appeared, glowing with light. "You wished to be part of us," she said with a smile. "We are here to help, even in the dark."
[sample 2 @ step_45000]  set out, thinking today would be an adventure of a lifetime.

The path was slippery and muddy from the rain. The sun was shining, and laughter was fading. With each step, the hot cocoons were losing hope. Alex was feeling tired and wanted to stop. But he remembered the stories of brave leaders who never gave up. The thrill of adventure was the true prize.

Finally, he reached a dark cave
[mem] gpu_mem cur=2979MiB peak=8611MiB
Epoch 1/3 step 45100/304976 (global step 45100/914928): losses={'lm loss': 1.8812153339385986} grad_norm=1.0000 [clipped raw=1.1] lr=1.00e-04 gpu_mem cur=2979MiB peak=8611MiB
Epoch 1/3 step 45200/304976 (global step 45200/914928): losses={'lm loss': 1.788747787475586} grad_norm=1.0000 [clipped raw=1.0] lr=1.00e-04 gpu_mem cur=2979MiB peak=8611MiB
Epoch 1/3 step 45300/304976 (global step 45300/914928): losses={'lm loss': 1.9644746780395508} grad_norm=1.0000 [clipped raw=1.1] lr=1.00e-04 gpu_mem cur=2979MiB peak=8611MiB
Epoch 1/3 step 45400/304976 (global step 45400/914928): losses={'lm loss': 1.8748536109924316} grad_norm=1.0000 [clipped raw=1.1] lr=1.00e-04 gpu_mem cur=2979MiB peak=8611MiB
Epoch 1/3 step 45500/304976 (global step 45500/914928): losses={'lm loss': 1.724376916885376} grad_norm=1.0000 [clipped raw=1.0] lr=1.00e-04 gpu_mem cur=2979MiB peak=8611MiB
Epoch 1/3 step 45600/304976 (global step 45600/914928): losses={'lm loss': 1.8240888118743896} grad_norm=1.0000 [clipped raw=1.1] lr=1.00e-04 gpu_mem cur=2979MiB peak=8611MiB
Epoch 1/3 step 45700/304976 (global step 45700/914928): losses={'lm loss': 1.9433372020721436} grad_norm=1.0000 [clipped raw=1.1] lr=1.00e-04 gpu_mem cur=2979MiB peak=8611MiB
Epoch 1/3 step 45800/304976 (global step 45800/914928): losses={'lm loss': 1.8553833961486816} grad_norm=1.0000 [clipped raw=1.2] lr=1.00e-04 gpu_mem cur=2979MiB peak=8611MiB
Epoch 1/3 step 45900/304976 (global step 45900/914928): losses={'lm loss': 2.1066055297851562} grad_norm=1.0000 [clipped raw=1.2] lr=1.00e-04 gpu_mem cur=2979MiB peak=8611MiB
Epoch 1/3 step 46000/304976 (global step 46000/914928): losses={'lm loss': 1.8398079872131348} grad_norm=1.0000 [clipped raw=1.1] lr=1.00e-04 gpu_mem cur=2979MiB peak=8611MiB
Epoch 1/3 step 46100/304976 (global step 46100/914928): losses={'lm loss': 1.823667287826538} grad_norm=1.0000 [clipped raw=1.0] lr=1.00e-04 gpu_mem cur=2979MiB peak=8611MiB
Epoch 1/3 step 46200/304976 (global step 46200/914928): losses={'lm loss': 1.7721750736236572} grad_norm=1.0000 [clipped raw=1.1] lr=1.00e-04 gpu_mem cur=2979MiB peak=8611MiB
Epoch 1/3 step 46300/304976 (global step 46300/914928): losses={'lm loss': 1.7760820388793945} grad_norm=1.0000 [clipped raw=1.1] lr=1.00e-04 gpu_mem cur=2979MiB peak=8611MiB
Epoch 1/3 step 46400/304976 (global step 46400/914928): losses={'lm loss': 1.921260118484497} grad_norm=1.0000 [clipped raw=1.1] lr=1.00e-04 gpu_mem cur=2979MiB peak=8611MiB
Epoch 1/3 step 46500/304976 (global step 46500/914928): losses={'lm loss': 1.8458452224731445} grad_norm=1.0000 [clipped raw=1.1] lr=1.00e-04 gpu_mem cur=2979MiB peak=8611MiB
Epoch 1/3 step 46600/304976 (global step 46600/914928): losses={'lm loss': 1.9851000308990479} grad_norm=1.0000 [clipped raw=1.1] lr=1.00e-04 gpu_mem cur=2979MiB peak=8611MiB
Epoch 1/3 step 46700/304976 (global step 46700/914928): losses={'lm loss': 1.7698752880096436} grad_norm=1.0000 [clipped raw=1.1] lr=1.00e-04 gpu_mem cur=2979MiB peak=8611MiB
Epoch 1/3 step 46800/304976 (global step 46800/914928): losses={'lm loss': 1.7913099527359009} grad_norm=1.0000 [clipped raw=1.1] lr=1.00e-04 gpu_mem cur=2979MiB peak=8611MiB
Epoch 1/3 step 46900/304976 (global step 46900/914928): losses={'lm loss': 1.9356807470321655} grad_norm=1.0000 [clipped raw=1.1] lr=1.00e-04 gpu_mem cur=2979MiB peak=8611MiB
Epoch 1/3 step 47000/304976 (global step 47000/914928): losses={'lm loss': 1.8242157697677612} grad_norm=1.0000 [clipped raw=1.0] lr=1.00e-04 gpu_mem cur=2979MiB peak=8611MiB
Epoch 1/3 step 47100/304976 (global step 47100/914928): losses={'lm loss': 1.8133368492126465} grad_norm=1.0000 [clipped raw=1.1] lr=1.00e-04 gpu_mem cur=2979MiB peak=8611MiB
Epoch 1/3 step 47200/304976 (global step 47200/914928): losses={'lm loss': 1.8229906558990479} grad_norm=1.0000 [clipped raw=1.1] lr=1.00e-04 gpu_mem cur=2979MiB peak=8611MiB
Epoch 1/3 step 47300/304976 (global step 47300/914928): losses={'lm loss': 1.8537769317626953} grad_norm=1.0000 [clipped raw=1.1] lr=1.00e-04 gpu_mem cur=2979MiB peak=8611MiB
Epoch 1/3 step 47400/304976 (global step 47400/914928): losses={'lm loss': 2.031656265258789} grad_norm=1.0000 [clipped raw=1.2] lr=1.00e-04 gpu_mem cur=2979MiB peak=8611MiB
Epoch 1/3 step 47500/304976 (global step 47500/914928): losses={'lm loss': 1.8621430397033691} grad_norm=1.0000 [clipped raw=1.1] lr=1.00e-04 gpu_mem cur=2979MiB peak=8611MiB
Epoch 1/3 step 47600/304976 (global step 47600/914928): losses={'lm loss': 1.9718852043151855} grad_norm=1.0000 [clipped raw=1.1] lr=1.00e-04 gpu_mem cur=2979MiB peak=8611MiB
Epoch 1/3 step 47700/304976 (global step 47700/914928): losses={'lm loss': 1.8330662250518799} grad_norm=1.0000 [clipped raw=1.1] lr=1.00e-04 gpu_mem cur=2979MiB peak=8611MiB
Epoch 1/3 step 47800/304976 (global step 47800/914928): losses={'lm loss': 1.9094820022583008} grad_norm=1.0000 [clipped raw=1.1] lr=1.00e-04 gpu_mem cur=2979MiB peak=8611MiB
Epoch 1/3 step 47900/304976 (global step 47900/914928): losses={'lm loss': 1.822860598564148} grad_norm=1.0000 [clipped raw=1.1] lr=1.00e-04 gpu_mem cur=2979MiB peak=8611MiB
Epoch 1/3 step 48000/304976 (global step 48000/914928): losses={'lm loss': 1.9350800514221191} grad_norm=1.0000 [clipped raw=1.1] lr=1.00e-04 gpu_mem cur=2979MiB peak=8611MiB
Epoch 1/3 step 48100/304976 (global step 48100/914928): losses={'lm loss': 1.897297978401184} grad_norm=1.0000 [clipped raw=1.1] lr=1.00e-04 gpu_mem cur=2979MiB peak=8611MiB
Epoch 1/3 step 48200/304976 (global step 48200/914928): losses={'lm loss': 1.8602619171142578} grad_norm=1.0000 [clipped raw=1.1] lr=1.00e-04 gpu_mem cur=2979MiB peak=8611MiB
Epoch 1/3 step 48300/304976 (global step 48300/914928): losses={'lm loss': 1.658445119857788} grad_norm=0.9973 lr=1.00e-04 gpu_mem cur=2979MiB peak=8611MiB
Epoch 1/3 step 48400/304976 (global step 48400/914928): losses={'lm loss': 1.9652104377746582} grad_norm=1.0000 [clipped raw=1.1] lr=1.00e-04 gpu_mem cur=2979MiB peak=8611MiB
Epoch 1/3 step 48500/304976 (global step 48500/914928): losses={'lm loss': 1.7437310218811035} grad_norm=1.0000 [clipped raw=1.1] lr=1.00e-04 gpu_mem cur=2979MiB peak=8611MiB
Epoch 1/3 step 48600/304976 (global step 48600/914928): losses={'lm loss': 1.990319013595581} grad_norm=1.0000 [clipped raw=1.1] lr=1.00e-04 gpu_mem cur=2979MiB peak=8611MiB
Epoch 1/3 step 48700/304976 (global step 48700/914928): losses={'lm loss': 1.815824270248413} grad_norm=1.0000 [clipped raw=1.1] lr=1.00e-04 gpu_mem cur=2979MiB peak=8611MiB
Epoch 1/3 step 48800/304976 (global step 48800/914928): losses={'lm loss': 1.6605510711669922} grad_norm=1.0000 [clipped raw=1.0] lr=1.00e-04 gpu_mem cur=2979MiB peak=8611MiB
Epoch 1/3 step 48900/304976 (global step 48900/914928): losses={'lm loss': 2.0383987426757812} grad_norm=1.0000 [clipped raw=1.1] lr=1.00e-04 gpu_mem cur=2979MiB peak=8611MiB
Epoch 1/3 step 49000/304976 (global step 49000/914928): losses={'lm loss': 1.78704833984375} grad_norm=1.0000 [clipped raw=1.1] lr=1.00e-04 gpu_mem cur=2979MiB peak=8611MiB
Epoch 1/3 step 49100/304976 (global step 49100/914928): losses={'lm loss': 1.9224553108215332} grad_norm=1.0000 [clipped raw=1.1] lr=1.00e-04 gpu_mem cur=2979MiB peak=8611MiB
Epoch 1/3 step 49200/304976 (global step 49200/914928): losses={'lm loss': 2.0273029804229736} grad_norm=1.0000 [clipped raw=1.1] lr=1.00e-04 gpu_mem cur=2979MiB peak=8611MiB
Epoch 1/3 step 49300/304976 (global step 49300/914928): losses={'lm loss': 1.8323547840118408} grad_norm=1.0000 [clipped raw=1.1] lr=1.00e-04 gpu_mem cur=2979MiB peak=8611MiB
Epoch 1/3 step 49400/304976 (global step 49400/914928): losses={'lm loss': 1.8176530599594116} grad_norm=1.0000 [clipped raw=1.0] lr=1.00e-04 gpu_mem cur=2979MiB peak=8611MiB
Epoch 1/3 step 49500/304976 (global step 49500/914928): losses={'lm loss': 1.753722071647644} grad_norm=1.0000 [clipped raw=1.0] lr=1.00e-04 gpu_mem cur=2979MiB peak=8611MiB
Epoch 1/3 step 49600/304976 (global step 49600/914928): losses={'lm loss': 1.9169929027557373} grad_norm=1.0000 [clipped raw=1.1] lr=1.00e-04 gpu_mem cur=2979MiB peak=8611MiB
Epoch 1/3 step 49700/304976 (global step 49700/914928): losses={'lm loss': 1.8095778226852417} grad_norm=1.0000 [clipped raw=1.0] lr=1.00e-04 gpu_mem cur=2979MiB peak=8611MiB
Epoch 1/3 step 49800/304976 (global step 49800/914928): losses={'lm loss': 1.6906973123550415} grad_norm=1.0000 [clipped raw=1.0] lr=1.00e-04 gpu_mem cur=2979MiB peak=8611MiB
Epoch 1/3 step 49900/304976 (global step 49900/914928): losses={'lm loss': 1.8857313394546509} grad_norm=1.0000 [clipped raw=1.1] lr=1.00e-04 gpu_mem cur=2979MiB peak=8611MiB
Epoch 1/3 step 50000/304976 (global step 50000/914928): losses={'lm loss': 1.80072021484375} grad_norm=1.0000 [clipped raw=1.1] lr=1.00e-04 gpu_mem cur=2979MiB peak=8611MiB
Checkpoint saved to /home/lxk/PycharmProjects/My_megatron/examples/ckpt/step_50000
Removing old checkpoint: /home/lxk/PycharmProjects/My_megatron/examples/ckpt/step_35000
[eval] step_50000: eval_loss=1.7805
[sample 1 @ step_50000] ing by. They thought it was a sign. But the squirrel did not help them. The shadows grew long, and the chill of night set in. The boy realized the truth was a lie, a lie he created. 

He returned to the village, feeling the weight of his choice. The stars twinkled above, a reminder of his loss. The boy understood now that truth was a journey, not a destination. Sometimes, the truth lay in the heart, hidden
[sample 2 @ step_50000]  set out, thinking today would be an adventure of a lifetime.

The path was slippery and muddy from the rain. As they walked, they stumbled upon an old tree. Its trunk was thick, and its branches looked like arms reaching for the sky. "This must be the place," said the girl, her heart racing. They followed the tree until they reached a hidden garden filled with colorful flowers and kind animals.

In the
[mem] gpu_mem cur=2979MiB peak=8611MiB
Epoch 1/3 step 50100/304976 (global step 50100/914928): losses={'lm loss': 1.7254447937011719} grad_norm=1.0000 [clipped raw=1.0] lr=1.00e-04 gpu_mem cur=2979MiB peak=8611MiB
Epoch 1/3 step 50200/304976 (global step 50200/914928): losses={'lm loss': 1.75128173828125} grad_norm=1.0000 [clipped raw=1.0] lr=1.00e-04 gpu_mem cur=2979MiB peak=8611MiB
Epoch 1/3 step 50300/304976 (global step 50300/914928): losses={'lm loss': 1.817267656326294} grad_norm=1.0000 [clipped raw=1.0] lr=1.00e-04 gpu_mem cur=2979MiB peak=8611MiB
Epoch 1/3 step 50400/304976 (global step 50400/914928): losses={'lm loss': 1.782772183418274} grad_norm=1.0000 [clipped raw=1.0] lr=1.00e-04 gpu_mem cur=2979MiB peak=8611MiB
Epoch 1/3 step 50500/304976 (global step 50500/914928): losses={'lm loss': 1.725907564163208} grad_norm=1.0000 [clipped raw=1.0] lr=1.00e-04 gpu_mem cur=2979MiB peak=8611MiB
Epoch 1/3 step 50600/304976 (global step 50600/914928): losses={'lm loss': 1.7675836086273193} grad_norm=1.0000 [clipped raw=1.0] lr=1.00e-04 gpu_mem cur=2979MiB peak=8611MiB
Epoch 1/3 step 50700/304976 (global step 50700/914928): losses={'lm loss': 1.76427161693573} grad_norm=1.0000 [clipped raw=1.1] lr=1.00e-04 gpu_mem cur=2979MiB peak=8611MiB
Epoch 1/3 step 50800/304976 (global step 50800/914928): losses={'lm loss': 1.5841526985168457} grad_norm=0.9647 lr=1.00e-04 gpu_mem cur=2979MiB peak=8611MiB
Epoch 1/3 step 50900/304976 (global step 50900/914928): losses={'lm loss': 1.8203322887420654} grad_norm=1.0000 [clipped raw=1.1] lr=1.00e-04 gpu_mem cur=2979MiB peak=8611MiB
Epoch 1/3 step 51000/304976 (global step 51000/914928): losses={'lm loss': 1.8113822937011719} grad_norm=1.0000 [clipped raw=1.0] lr=1.00e-04 gpu_mem cur=2979MiB peak=8611MiB
Epoch 1/3 step 51100/304976 (global step 51100/914928): losses={'lm loss': 1.8800432682037354} grad_norm=1.0000 [clipped raw=1.1] lr=1.00e-04 gpu_mem cur=2979MiB peak=8611MiB
Epoch 1/3 step 51200/304976 (global step 51200/914928): losses={'lm loss': 1.935086727142334} grad_norm=1.0000 [clipped raw=1.1] lr=1.00e-04 gpu_mem cur=2979MiB peak=8611MiB
Epoch 1/3 step 51300/304976 (global step 51300/914928): losses={'lm loss': 1.8221184015274048} grad_norm=1.0000 [clipped raw=1.0] lr=1.00e-04 gpu_mem cur=2979MiB peak=8611MiB
Epoch 1/3 step 51400/304976 (global step 51400/914928): losses={'lm loss': 1.811004400253296} grad_norm=1.0000 [clipped raw=1.1] lr=1.00e-04 gpu_mem cur=2979MiB peak=8611MiB
Epoch 1/3 step 51500/304976 (global step 51500/914928): losses={'lm loss': 1.9127310514450073} grad_norm=1.0000 [clipped raw=1.1] lr=1.00e-04 gpu_mem cur=2979MiB peak=8611MiB
Epoch 1/3 step 51600/304976 (global step 51600/914928): losses={'lm loss': 1.7985925674438477} grad_norm=0.9993 lr=1.00e-04 gpu_mem cur=2979MiB peak=8611MiB
Epoch 1/3 step 51700/304976 (global step 51700/914928): losses={'lm loss': 1.8175759315490723} grad_norm=1.0000 [clipped raw=1.0] lr=1.00e-04 gpu_mem cur=2979MiB peak=8611MiB
Epoch 1/3 step 51800/304976 (global step 51800/914928): losses={'lm loss': 1.7002372741699219} grad_norm=1.0000 [clipped raw=1.0] lr=1.00e-04 gpu_mem cur=2979MiB peak=8611MiB
Epoch 1/3 step 51900/304976 (global step 51900/914928): losses={'lm loss': 1.8388183116912842} grad_norm=1.0000 [clipped raw=1.0] lr=1.00e-04 gpu_mem cur=2979MiB peak=8611MiB
Epoch 1/3 step 52000/304976 (global step 52000/914928): losses={'lm loss': 1.7275609970092773} grad_norm=1.0000 [clipped raw=1.1] lr=1.00e-04 gpu_mem cur=2979MiB peak=8611MiB
Epoch 1/3 step 52100/304976 (global step 52100/914928): losses={'lm loss': 1.9214009046554565} grad_norm=1.0000 [clipped raw=1.1] lr=1.00e-04 gpu_mem cur=2979MiB peak=8611MiB
Epoch 1/3 step 52200/304976 (global step 52200/914928): losses={'lm loss': 1.689387321472168} grad_norm=1.0000 [clipped raw=1.0] lr=1.00e-04 gpu_mem cur=2979MiB peak=8611MiB
Epoch 1/3 step 52300/304976 (global step 52300/914928): losses={'lm loss': 1.7625930309295654} grad_norm=1.0000 [clipped raw=1.0] lr=1.00e-04 gpu_mem cur=2979MiB peak=8611MiB
Epoch 1/3 step 52400/304976 (global step 52400/914928): losses={'lm loss': 1.749179482460022} grad_norm=1.0000 [clipped raw=1.1] lr=1.00e-04 gpu_mem cur=2979MiB peak=8611MiB
Epoch 1/3 step 52500/304976 (global step 52500/914928): losses={'lm loss': 1.8289337158203125} grad_norm=1.0000 [clipped raw=1.0] lr=1.00e-04 gpu_mem cur=2979MiB peak=8611MiB
Epoch 1/3 step 52600/304976 (global step 52600/914928): losses={'lm loss': 1.8072596788406372} grad_norm=1.0000 [clipped raw=1.0] lr=1.00e-04 gpu_mem cur=2979MiB peak=8611MiB
Epoch 1/3 step 52700/304976 (global step 52700/914928): losses={'lm loss': 1.7509078979492188} grad_norm=1.0000 [clipped raw=1.0] lr=1.00e-04 gpu_mem cur=2979MiB peak=8611MiB
Epoch 1/3 step 52800/304976 (global step 52800/914928): losses={'lm loss': 1.794759750366211} grad_norm=1.0000 [clipped raw=1.1] lr=1.00e-04 gpu_mem cur=2979MiB peak=8611MiB
Epoch 1/3 step 52900/304976 (global step 52900/914928): losses={'lm loss': 1.86899995803833} grad_norm=1.0000 [clipped raw=1.1] lr=1.00e-04 gpu_mem cur=2979MiB peak=8611MiB
Epoch 1/3 step 53000/304976 (global step 53000/914928): losses={'lm loss': 1.8981695175170898} grad_norm=1.0000 [clipped raw=1.1] lr=1.00e-04 gpu_mem cur=2979MiB peak=8611MiB
Epoch 1/3 step 53100/304976 (global step 53100/914928): losses={'lm loss': 1.8181955814361572} grad_norm=1.0000 [clipped raw=1.0] lr=1.00e-04 gpu_mem cur=2979MiB peak=8611MiB
Epoch 1/3 step 53200/304976 (global step 53200/914928): losses={'lm loss': 1.869516134262085} grad_norm=1.0000 [clipped raw=1.1] lr=1.00e-04 gpu_mem cur=2979MiB peak=8611MiB
Epoch 1/3 step 53300/304976 (global step 53300/914928): losses={'lm loss': 1.873703956604004} grad_norm=1.0000 [clipped raw=1.1] lr=1.00e-04 gpu_mem cur=2979MiB peak=8611MiB
Epoch 1/3 step 53400/304976 (global step 53400/914928): losses={'lm loss': 1.796229600906372} grad_norm=1.0000 [clipped raw=1.0] lr=1.00e-04 gpu_mem cur=2979MiB peak=8611MiB
Epoch 1/3 step 53500/304976 (global step 53500/914928): losses={'lm loss': 1.7576696872711182} grad_norm=1.0000 [clipped raw=1.0] lr=1.00e-04 gpu_mem cur=2979MiB peak=8611MiB
Epoch 1/3 step 53600/304976 (global step 53600/914928): losses={'lm loss': 1.8164422512054443} grad_norm=1.0000 [clipped raw=1.1] lr=1.00e-04 gpu_mem cur=2979MiB peak=8611MiB
Epoch 1/3 step 53700/304976 (global step 53700/914928): losses={'lm loss': 1.8341286182403564} grad_norm=1.0000 [clipped raw=1.1] lr=1.00e-04 gpu_mem cur=2979MiB peak=8611MiB
Epoch 1/3 step 53800/304976 (global step 53800/914928): losses={'lm loss': 1.6654044389724731} grad_norm=1.0000 [clipped raw=1.0] lr=1.00e-04 gpu_mem cur=2979MiB peak=8611MiB
Epoch 1/3 step 53900/304976 (global step 53900/914928): losses={'lm loss': 1.689021110534668} grad_norm=1.0000 [clipped raw=1.0] lr=1.00e-04 gpu_mem cur=2979MiB peak=8611MiB
Epoch 1/3 step 54000/304976 (global step 54000/914928): losses={'lm loss': 1.8621275424957275} grad_norm=1.0000 [clipped raw=1.1] lr=1.00e-04 gpu_mem cur=2979MiB peak=8611MiB
Epoch 1/3 step 54100/304976 (global step 54100/914928): losses={'lm loss': 1.7018555402755737} grad_norm=1.0000 [clipped raw=1.0] lr=1.00e-04 gpu_mem cur=2979MiB peak=8611MiB
Epoch 1/3 step 54200/304976 (global step 54200/914928): losses={'lm loss': 1.759155035018921} grad_norm=1.0000 [clipped raw=1.1] lr=1.00e-04 gpu_mem cur=2979MiB peak=8611MiB
Epoch 1/3 step 54300/304976 (global step 54300/914928): losses={'lm loss': 1.83467698097229} grad_norm=1.0000 [clipped raw=1.1] lr=1.00e-04 gpu_mem cur=2979MiB peak=8611MiB
Epoch 1/3 step 54400/304976 (global step 54400/914928): losses={'lm loss': 1.7874667644500732} grad_norm=1.0000 [clipped raw=1.1] lr=1.00e-04 gpu_mem cur=2979MiB peak=8611MiB
Epoch 1/3 step 54500/304976 (global step 54500/914928): losses={'lm loss': 1.7740373611450195} grad_norm=1.0000 [clipped raw=1.0] lr=1.00e-04 gpu_mem cur=2979MiB peak=8611MiB
Epoch 1/3 step 54600/304976 (global step 54600/914928): losses={'lm loss': 1.8065258264541626} grad_norm=1.0000 [clipped raw=1.1] lr=1.00e-04 gpu_mem cur=2979MiB peak=8611MiB
Epoch 1/3 step 54700/304976 (global step 54700/914928): losses={'lm loss': 1.765824794769287} grad_norm=1.0000 [clipped raw=1.0] lr=1.00e-04 gpu_mem cur=2979MiB peak=8611MiB
Epoch 1/3 step 54800/304976 (global step 54800/914928): losses={'lm loss': 1.6856458187103271} grad_norm=1.0000 [clipped raw=1.0] lr=1.00e-04 gpu_mem cur=2979MiB peak=8611MiB
Epoch 1/3 step 54900/304976 (global step 54900/914928): losses={'lm loss': 1.9677906036376953} grad_norm=1.0000 [clipped raw=1.1] lr=1.00e-04 gpu_mem cur=2979MiB peak=8611MiB
Epoch 1/3 step 55000/304976 (global step 55000/914928): losses={'lm loss': 2.0658812522888184} grad_norm=1.0000 [clipped raw=1.1] lr=1.00e-04 gpu_mem cur=2979MiB peak=8611MiB
Checkpoint saved to /home/lxk/PycharmProjects/My_megatron/examples/ckpt/step_55000
Removing old checkpoint: /home/lxk/PycharmProjects/My_megatron/examples/ckpt/step_40000
[eval] step_55000: eval_loss=1.7574
[sample 1 @ step_55000] ing by. They thought it was a sign. But the squirrel did not help them. The shadows grew long, and the chill of night set in. The hurt was mixed with anger. 

When the sky turned dark, the shadows grew long. The kids found the squirrel again, but this time, they felt different. They realized that to win, they must face their fears. They all shouted, "We will not let you hurt us!" The trees rustled in
[sample 2 @ step_55000]  set out, thinking today would be an adventure of a lifetime.

The path was slippery and muddy from the rain. The boy thought about how much fun he used to get here. Yet, he remembered the stories of the storm and how they used to play. With determination, he made a plan. He would climb over the small hill and look for the way.

The boy ran up the hill, feeling the cold breeze against
[mem] gpu_mem cur=2979MiB peak=8611MiB
Epoch 1/3 step 55100/304976 (global step 55100/914928): losses={'lm loss': 1.8582834005355835} grad_norm=1.0000 [clipped raw=1.1] lr=1.00e-04 gpu_mem cur=2979MiB peak=8611MiB
Epoch 1/3 step 55200/304976 (global step 55200/914928): losses={'lm loss': 1.8528002500534058} grad_norm=1.0000 [clipped raw=1.0] lr=1.00e-04 gpu_mem cur=2979MiB peak=8611MiB
Epoch 1/3 step 55300/304976 (global step 55300/914928): losses={'lm loss': 1.7646750211715698} grad_norm=1.0000 [clipped raw=1.0] lr=1.00e-04 gpu_mem cur=2979MiB peak=8611MiB
Epoch 1/3 step 55400/304976 (global step 55400/914928): losses={'lm loss': 1.7213568687438965} grad_norm=1.0000 [clipped raw=1.0] lr=1.00e-04 gpu_mem cur=2979MiB peak=8611MiB
Epoch 1/3 step 55500/304976 (global step 55500/914928): losses={'lm loss': 1.793540120124817} grad_norm=1.0000 [clipped raw=1.1] lr=1.00e-04 gpu_mem cur=2979MiB peak=8611MiB
Epoch 1/3 step 55600/304976 (global step 55600/914928): losses={'lm loss': 1.6159073114395142} grad_norm=0.9866 lr=1.00e-04 gpu_mem cur=2979MiB peak=8611MiB
Epoch 1/3 step 55700/304976 (global step 55700/914928): losses={'lm loss': 1.7707109451293945} grad_norm=1.0000 [clipped raw=1.0] lr=1.00e-04 gpu_mem cur=2979MiB peak=8611MiB
Epoch 1/3 step 55800/304976 (global step 55800/914928): losses={'lm loss': 1.9927327632904053} grad_norm=1.0000 [clipped raw=1.0] lr=1.00e-04 gpu_mem cur=2979MiB peak=8611MiB
Epoch 1/3 step 55900/304976 (global step 55900/914928): losses={'lm loss': 1.6702158451080322} grad_norm=1.0000 [clipped raw=1.0] lr=1.00e-04 gpu_mem cur=2979MiB peak=8611MiB
Epoch 1/3 step 56000/304976 (global step 56000/914928): losses={'lm loss': 1.6868484020233154} grad_norm=0.9909 lr=1.00e-04 gpu_mem cur=2979MiB peak=8611MiB
Epoch 1/3 step 56100/304976 (global step 56100/914928): losses={'lm loss': 1.6190061569213867} grad_norm=1.0000 [clipped raw=1.0] lr=1.00e-04 gpu_mem cur=2979MiB peak=8611MiB
Epoch 1/3 step 56200/304976 (global step 56200/914928): losses={'lm loss': 1.6914433240890503} grad_norm=1.0000 [clipped raw=1.0] lr=1.00e-04 gpu_mem cur=2979MiB peak=8611MiB
Epoch 1/3 step 56300/304976 (global step 56300/914928): losses={'lm loss': 1.8001976013183594} grad_norm=1.0000 [clipped raw=1.0] lr=1.00e-04 gpu_mem cur=2979MiB peak=8611MiB
Epoch 1/3 step 56400/304976 (global step 56400/914928): losses={'lm loss': 1.9059605598449707} grad_norm=1.0000 [clipped raw=1.1] lr=1.00e-04 gpu_mem cur=2979MiB peak=8611MiB
Epoch 1/3 step 56500/304976 (global step 56500/914928): losses={'lm loss': 1.6980584859848022} grad_norm=1.0000 [clipped raw=1.0] lr=1.00e-04 gpu_mem cur=2979MiB peak=8611MiB
Epoch 1/3 step 56600/304976 (global step 56600/914928): losses={'lm loss': 1.6964588165283203} grad_norm=1.0000 [clipped raw=1.0] lr=1.00e-04 gpu_mem cur=2979MiB peak=8611MiB
Epoch 1/3 step 56700/304976 (global step 56700/914928): losses={'lm loss': 1.7731773853302002} grad_norm=1.0000 [clipped raw=1.0] lr=1.00e-04 gpu_mem cur=2979MiB peak=8611MiB
Epoch 1/3 step 56800/304976 (global step 56800/914928): losses={'lm loss': 1.656367540359497} grad_norm=1.0000 [clipped raw=1.0] lr=1.00e-04 gpu_mem cur=2979MiB peak=8611MiB
Epoch 1/3 step 56900/304976 (global step 56900/914928): losses={'lm loss': 1.704908847808838} grad_norm=0.9892 lr=1.00e-04 gpu_mem cur=2979MiB peak=8611MiB
Epoch 1/3 step 57000/304976 (global step 57000/914928): losses={'lm loss': 1.7381353378295898} grad_norm=1.0000 [clipped raw=1.0] lr=1.00e-04 gpu_mem cur=2979MiB peak=8611MiB
Epoch 1/3 step 57100/304976 (global step 57100/914928): losses={'lm loss': 1.738156795501709} grad_norm=1.0000 [clipped raw=1.1] lr=1.00e-04 gpu_mem cur=2979MiB peak=8611MiB
Epoch 1/3 step 57200/304976 (global step 57200/914928): losses={'lm loss': 1.768611192703247} grad_norm=1.0000 [clipped raw=1.1] lr=1.00e-04 gpu_mem cur=2979MiB peak=8611MiB
Epoch 1/3 step 57300/304976 (global step 57300/914928): losses={'lm loss': 1.7249183654785156} grad_norm=1.0000 [clipped raw=1.0] lr=1.00e-04 gpu_mem cur=2979MiB peak=8611MiB
Epoch 1/3 step 57400/304976 (global step 57400/914928): losses={'lm loss': 1.876295566558838} grad_norm=1.0000 [clipped raw=1.1] lr=1.00e-04 gpu_mem cur=2979MiB peak=8611MiB
Epoch 1/3 step 57500/304976 (global step 57500/914928): losses={'lm loss': 1.7515825033187866} grad_norm=1.0000 [clipped raw=1.0] lr=1.00e-04 gpu_mem cur=2979MiB peak=8611MiB
Epoch 1/3 step 57600/304976 (global step 57600/914928): losses={'lm loss': 1.6204314231872559} grad_norm=1.0000 [clipped raw=1.0] lr=1.00e-04 gpu_mem cur=2979MiB peak=8611MiB
Epoch 1/3 step 57700/304976 (global step 57700/914928): losses={'lm loss': 1.8484976291656494} grad_norm=1.0000 [clipped raw=1.1] lr=1.00e-04 gpu_mem cur=2979MiB peak=8611MiB
Epoch 1/3 step 57800/304976 (global step 57800/914928): losses={'lm loss': 1.728419303894043} grad_norm=1.0000 [clipped raw=1.1] lr=1.00e-04 gpu_mem cur=2979MiB peak=8611MiB
Epoch 1/3 step 57900/304976 (global step 57900/914928): losses={'lm loss': 1.6506714820861816} grad_norm=1.0000 [clipped raw=1.0] lr=1.00e-04 gpu_mem cur=2979MiB peak=8611MiB
Epoch 1/3 step 58000/304976 (global step 58000/914928): losses={'lm loss': 1.6968698501586914} grad_norm=0.9853 lr=1.00e-04 gpu_mem cur=2979MiB peak=8611MiB
Epoch 1/3 step 58100/304976 (global step 58100/914928): losses={'lm loss': 1.668334722518921} grad_norm=0.9689 lr=1.00e-04 gpu_mem cur=2979MiB peak=8611MiB
Epoch 1/3 step 58200/304976 (global step 58200/914928): losses={'lm loss': 1.8241246938705444} grad_norm=1.0000 [clipped raw=1.0] lr=1.00e-04 gpu_mem cur=2979MiB peak=8611MiB
Epoch 1/3 step 58300/304976 (global step 58300/914928): losses={'lm loss': 1.7235922813415527} grad_norm=1.0000 [clipped raw=1.0] lr=1.00e-04 gpu_mem cur=2979MiB peak=8611MiB
Epoch 1/3 step 58400/304976 (global step 58400/914928): losses={'lm loss': 1.8649866580963135} grad_norm=1.0000 [clipped raw=1.1] lr=1.00e-04 gpu_mem cur=2979MiB peak=8611MiB
Epoch 1/3 step 58500/304976 (global step 58500/914928): losses={'lm loss': 1.673692226409912} grad_norm=1.0000 [clipped raw=1.0] lr=1.00e-04 gpu_mem cur=2979MiB peak=8611MiB
Epoch 1/3 step 58600/304976 (global step 58600/914928): losses={'lm loss': 1.775554895401001} grad_norm=1.0000 [clipped raw=1.1] lr=1.00e-04 gpu_mem cur=2979MiB peak=8611MiB
Epoch 1/3 step 58700/304976 (global step 58700/914928): losses={'lm loss': 1.7069010734558105} grad_norm=1.0000 [clipped raw=1.0] lr=1.00e-04 gpu_mem cur=2979MiB peak=8611MiB
Epoch 1/3 step 58800/304976 (global step 58800/914928): losses={'lm loss': 1.8193943500518799} grad_norm=1.0000 [clipped raw=1.0] lr=1.00e-04 gpu_mem cur=2979MiB peak=8611MiB
Epoch 1/3 step 58900/304976 (global step 58900/914928): losses={'lm loss': 1.761500358581543} grad_norm=1.0000 [clipped raw=1.0] lr=1.00e-04 gpu_mem cur=2979MiB peak=8611MiB
Epoch 1/3 step 59000/304976 (global step 59000/914928): losses={'lm loss': 1.9048805236816406} grad_norm=1.0000 [clipped raw=1.0] lr=1.00e-04 gpu_mem cur=2979MiB peak=8611MiB
Epoch 1/3 step 59100/304976 (global step 59100/914928): losses={'lm loss': 1.7989126443862915} grad_norm=1.0000 [clipped raw=1.0] lr=1.00e-04 gpu_mem cur=2979MiB peak=8611MiB
Epoch 1/3 step 59200/304976 (global step 59200/914928): losses={'lm loss': 1.7671551704406738} grad_norm=1.0000 [clipped raw=1.2] lr=1.00e-04 gpu_mem cur=2979MiB peak=8611MiB
Epoch 1/3 step 59300/304976 (global step 59300/914928): losses={'lm loss': 1.6276979446411133} grad_norm=0.9982 lr=1.00e-04 gpu_mem cur=2979MiB peak=8611MiB
Epoch 1/3 step 59400/304976 (global step 59400/914928): losses={'lm loss': 1.6901309490203857} grad_norm=0.9938 lr=1.00e-04 gpu_mem cur=2979MiB peak=8611MiB
Epoch 1/3 step 59500/304976 (global step 59500/914928): losses={'lm loss': 1.7563869953155518} grad_norm=1.0000 [clipped raw=1.0] lr=1.00e-04 gpu_mem cur=2979MiB peak=8611MiB
Epoch 1/3 step 59600/304976 (global step 59600/914928): losses={'lm loss': 1.74607515335083} grad_norm=1.0000 [clipped raw=1.0] lr=1.00e-04 gpu_mem cur=2979MiB peak=8611MiB
Epoch 1/3 step 59700/304976 (global step 59700/914928): losses={'lm loss': 1.8382117748260498} grad_norm=1.0000 [clipped raw=1.0] lr=1.00e-04 gpu_mem cur=2979MiB peak=8611MiB
Epoch 1/3 step 59800/304976 (global step 59800/914928): losses={'lm loss': 1.7368407249450684} grad_norm=1.0000 [clipped raw=1.1] lr=1.00e-04 gpu_mem cur=2979MiB peak=8611MiB
Epoch 1/3 step 59900/304976 (global step 59900/914928): losses={'lm loss': 1.9891331195831299} grad_norm=1.0000 [clipped raw=1.1] lr=1.00e-04 gpu_mem cur=2979MiB peak=8611MiB
Epoch 1/3 step 60000/304976 (global step 60000/914928): losses={'lm loss': 1.8691282272338867} grad_norm=1.0000 [clipped raw=1.1] lr=1.00e-04 gpu_mem cur=2979MiB peak=8611MiB
Checkpoint saved to /home/lxk/PycharmProjects/My_megatron/examples/ckpt/step_60000
Removing old checkpoint: /home/lxk/PycharmProjects/My_megatron/examples/ckpt/step_45000
[eval] step_60000: eval_loss=1.7408
[sample 1 @ step_60000] ing by. They thought it was a sign. But the squirrel did not help them. The shadows grew long, and the chill of night set in. The squirrel was scared. "We need to find the bone," it said. The squirrel vanished, and they were lost.

Days passed, and the squirrel sat alone. The squirrel felt sad. "Maybe we should work together," it said. But the squirrel just shook its head. The squirrel felt hopel
[sample 2 @ step_60000]  set out, thinking today would be an adventure of a lifetime.

The path was slippery and muddy from the rain. As Leo walked, he met a small carousel, sitting on a table. "Do you want to find the lost magician?" the car asked. Leo nodded, excited about the adventure. They drove off, leaving the rain behind.

They arrived at a hidden cove filled with colorful stones.
[mem] gpu_mem cur=2979MiB peak=8611MiB
Epoch 1/3 step 60100/304976 (global step 60100/914928): losses={'lm loss': 1.7879199981689453} grad_norm=1.0000 [clipped raw=1.0] lr=1.00e-04 gpu_mem cur=2979MiB peak=8611MiB
Epoch 1/3 step 60200/304976 (global step 60200/914928): losses={'lm loss': 1.756079912185669} grad_norm=1.0000 [clipped raw=1.1] lr=1.00e-04 gpu_mem cur=2979MiB peak=8611MiB
Epoch 1/3 step 60300/304976 (global step 60300/914928): losses={'lm loss': 1.7259140014648438} grad_norm=1.0000 [clipped raw=1.0] lr=1.00e-04 gpu_mem cur=2979MiB peak=8611MiB
Epoch 1/3 step 60400/304976 (global step 60400/914928): losses={'lm loss': 1.6839931011199951} grad_norm=1.0000 [clipped raw=1.0] lr=1.00e-04 gpu_mem cur=2979MiB peak=8611MiB
Epoch 1/3 step 60500/304976 (global step 60500/914928): losses={'lm loss': 1.696918249130249} grad_norm=1.0000 [clipped raw=1.0] lr=1.00e-04 gpu_mem cur=2979MiB peak=8611MiB
Epoch 1/3 step 60600/304976 (global step 60600/914928): losses={'lm loss': 1.7320456504821777} grad_norm=1.0000 [clipped raw=1.0] lr=1.00e-04 gpu_mem cur=2979MiB peak=8611MiB
Epoch 1/3 step 60700/304976 (global step 60700/914928): losses={'lm loss': 1.6581461429595947} grad_norm=0.9917 lr=1.00e-04 gpu_mem cur=2979MiB peak=8611MiB
Epoch 1/3 step 60800/304976 (global step 60800/914928): losses={'lm loss': 1.6978572607040405} grad_norm=1.0000 [clipped raw=1.0] lr=1.00e-04 gpu_mem cur=2979MiB peak=8611MiB
Epoch 1/3 step 60900/304976 (global step 60900/914928): losses={'lm loss': 1.670946478843689} grad_norm=1.0000 [clipped raw=1.0] lr=1.00e-04 gpu_mem cur=2979MiB peak=8611MiB
Epoch 1/3 step 61000/304976 (global step 61000/914928): losses={'lm loss': 1.827819585800171} grad_norm=1.0000 [clipped raw=1.0] lr=1.00e-04 gpu_mem cur=2979MiB peak=8611MiB
Epoch 1/3 step 61100/304976 (global step 61100/914928): losses={'lm loss': 1.6891231536865234} grad_norm=0.9749 lr=1.00e-04 gpu_mem cur=2979MiB peak=8611MiB
Epoch 1/3 step 61200/304976 (global step 61200/914928): losses={'lm loss': 1.7823847532272339} grad_norm=1.0000 [clipped raw=1.1] lr=1.00e-04 gpu_mem cur=2979MiB peak=8611MiB
Epoch 1/3 step 61300/304976 (global step 61300/914928): losses={'lm loss': 1.7443639039993286} grad_norm=1.0000 [clipped raw=1.0] lr=1.00e-04 gpu_mem cur=2979MiB peak=8611MiB
Epoch 1/3 step 61400/304976 (global step 61400/914928): losses={'lm loss': 1.6748298406600952} grad_norm=1.0000 [clipped raw=1.0] lr=1.00e-04 gpu_mem cur=2979MiB peak=8611MiB
Epoch 1/3 step 61500/304976 (global step 61500/914928): losses={'lm loss': 1.625899314880371} grad_norm=0.9733 lr=1.00e-04 gpu_mem cur=2979MiB peak=8611MiB
Epoch 1/3 step 61600/304976 (global step 61600/914928): losses={'lm loss': 1.7255679368972778} grad_norm=1.0000 [clipped raw=1.1] lr=1.00e-04 gpu_mem cur=2979MiB peak=8611MiB
Epoch 1/3 step 61700/304976 (global step 61700/914928): losses={'lm loss': 1.8366719484329224} grad_norm=1.0000 [clipped raw=1.0] lr=1.00e-04 gpu_mem cur=2979MiB peak=8611MiB
Epoch 1/3 step 61800/304976 (global step 61800/914928): losses={'lm loss': 1.828429937362671} grad_norm=1.0000 [clipped raw=1.1] lr=1.00e-04 gpu_mem cur=2979MiB peak=8611MiB
Epoch 1/3 step 61900/304976 (global step 61900/914928): losses={'lm loss': 1.7940380573272705} grad_norm=1.0000 [clipped raw=1.0] lr=1.00e-04 gpu_mem cur=2979MiB peak=8611MiB
Epoch 1/3 step 62000/304976 (global step 62000/914928): losses={'lm loss': 1.8658180236816406} grad_norm=1.0000 [clipped raw=1.0] lr=1.00e-04 gpu_mem cur=2979MiB peak=8611MiB
Epoch 1/3 step 62100/304976 (global step 62100/914928): losses={'lm loss': 1.9727483987808228} grad_norm=1.0000 [clipped raw=1.1] lr=1.00e-04 gpu_mem cur=2979MiB peak=8611MiB
Epoch 1/3 step 62200/304976 (global step 62200/914928): losses={'lm loss': 1.635779857635498} grad_norm=1.0000 [clipped raw=1.0] lr=1.00e-04 gpu_mem cur=2979MiB peak=8611MiB
Epoch 1/3 step 62300/304976 (global step 62300/914928): losses={'lm loss': 1.8833062648773193} grad_norm=1.0000 [clipped raw=1.0] lr=1.00e-04 gpu_mem cur=2979MiB peak=8611MiB
Epoch 1/3 step 62400/304976 (global step 62400/914928): losses={'lm loss': 1.8251187801361084} grad_norm=1.0000 [clipped raw=1.0] lr=1.00e-04 gpu_mem cur=2979MiB peak=8611MiB
Epoch 1/3 step 62500/304976 (global step 62500/914928): losses={'lm loss': 1.7222011089324951} grad_norm=0.9856 lr=1.00e-04 gpu_mem cur=2979MiB peak=8611MiB
Epoch 1/3 step 62600/304976 (global step 62600/914928): losses={'lm loss': 1.7651357650756836} grad_norm=1.0000 [clipped raw=1.0] lr=1.00e-04 gpu_mem cur=2979MiB peak=8611MiB
Epoch 1/3 step 62700/304976 (global step 62700/914928): losses={'lm loss': 1.8048584461212158} grad_norm=1.0000 [clipped raw=1.0] lr=1.00e-04 gpu_mem cur=2979MiB peak=8611MiB
Epoch 1/3 step 62800/304976 (global step 62800/914928): losses={'lm loss': 1.7426731586456299} grad_norm=1.0000 [clipped raw=1.0] lr=1.00e-04 gpu_mem cur=2979MiB peak=8611MiB
Epoch 1/3 step 62900/304976 (global step 62900/914928): losses={'lm loss': 1.883021593093872} grad_norm=1.0000 [clipped raw=1.0] lr=1.00e-04 gpu_mem cur=2979MiB peak=8611MiB
Epoch 1/3 step 63000/304976 (global step 63000/914928): losses={'lm loss': 1.8610031604766846} grad_norm=1.0000 [clipped raw=1.0] lr=1.00e-04 gpu_mem cur=2979MiB peak=8611MiB
Epoch 1/3 step 63100/304976 (global step 63100/914928): losses={'lm loss': 1.8697985410690308} grad_norm=1.0000 [clipped raw=1.1] lr=1.00e-04 gpu_mem cur=2979MiB peak=8611MiB
Epoch 1/3 step 63200/304976 (global step 63200/914928): losses={'lm loss': 1.786595106124878} grad_norm=1.0000 [clipped raw=1.0] lr=1.00e-04 gpu_mem cur=2979MiB peak=8611MiB
Epoch 1/3 step 63300/304976 (global step 63300/914928): losses={'lm loss': 1.7561085224151611} grad_norm=1.0000 [clipped raw=1.0] lr=1.00e-04 gpu_mem cur=2979MiB peak=8611MiB
Epoch 1/3 step 63400/304976 (global step 63400/914928): losses={'lm loss': 1.7982652187347412} grad_norm=1.0000 [clipped raw=1.0] lr=1.00e-04 gpu_mem cur=2979MiB peak=8611MiB
Epoch 1/3 step 63500/304976 (global step 63500/914928): losses={'lm loss': 1.836768627166748} grad_norm=1.0000 [clipped raw=1.0] lr=1.00e-04 gpu_mem cur=2979MiB peak=8611MiB
Epoch 1/3 step 63600/304976 (global step 63600/914928): losses={'lm loss': 1.7813811302185059} grad_norm=1.0000 [clipped raw=1.0] lr=1.00e-04 gpu_mem cur=2979MiB peak=8611MiB
Epoch 1/3 step 63700/304976 (global step 63700/914928): losses={'lm loss': 1.8448165655136108} grad_norm=1.0000 [clipped raw=1.0] lr=1.00e-04 gpu_mem cur=2979MiB peak=8611MiB
Epoch 1/3 step 63800/304976 (global step 63800/914928): losses={'lm loss': 1.8082160949707031} grad_norm=1.0000 [clipped raw=1.1] lr=1.00e-04 gpu_mem cur=2979MiB peak=8611MiB
Epoch 1/3 step 63900/304976 (global step 63900/914928): losses={'lm loss': 1.9076619148254395} grad_norm=1.0000 [clipped raw=1.0] lr=1.00e-04 gpu_mem cur=2979MiB peak=8611MiB
Epoch 1/3 step 64000/304976 (global step 64000/914928): losses={'lm loss': 1.609363317489624} grad_norm=0.9822 lr=1.00e-04 gpu_mem cur=2979MiB peak=8611MiB
Epoch 1/3 step 64100/304976 (global step 64100/914928): losses={'lm loss': 1.7778890132904053} grad_norm=1.0000 [clipped raw=1.0] lr=1.00e-04 gpu_mem cur=2979MiB peak=8611MiB
Epoch 1/3 step 64200/304976 (global step 64200/914928): losses={'lm loss': 1.679032802581787} grad_norm=0.9692 lr=1.00e-04 gpu_mem cur=2979MiB peak=8611MiB
Epoch 1/3 step 64300/304976 (global step 64300/914928): losses={'lm loss': 1.592855453491211} grad_norm=0.9518 lr=1.00e-04 gpu_mem cur=2979MiB peak=8611MiB
Epoch 1/3 step 64400/304976 (global step 64400/914928): losses={'lm loss': 1.6316615343093872} grad_norm=0.9751 lr=1.00e-04 gpu_mem cur=2979MiB peak=8611MiB
Epoch 1/3 step 64500/304976 (global step 64500/914928): losses={'lm loss': 1.808492660522461} grad_norm=1.0000 [clipped raw=1.0] lr=1.00e-04 gpu_mem cur=2979MiB peak=8611MiB
Epoch 1/3 step 64600/304976 (global step 64600/914928): losses={'lm loss': 1.7103545665740967} grad_norm=1.0000 [clipped raw=1.0] lr=1.00e-04 gpu_mem cur=2979MiB peak=8611MiB
Epoch 1/3 step 64700/304976 (global step 64700/914928): losses={'lm loss': 1.8404210805892944} grad_norm=1.0000 [clipped raw=1.0] lr=1.00e-04 gpu_mem cur=2979MiB peak=8611MiB
Epoch 1/3 step 64800/304976 (global step 64800/914928): losses={'lm loss': 1.7031575441360474} grad_norm=1.0000 [clipped raw=1.0] lr=1.00e-04 gpu_mem cur=2979MiB peak=8611MiB
Epoch 1/3 step 64900/304976 (global step 64900/914928): losses={'lm loss': 1.8122591972351074} grad_norm=1.0000 [clipped raw=1.0] lr=1.00e-04 gpu_mem cur=2979MiB peak=8611MiB
Epoch 1/3 step 65000/304976 (global step 65000/914928): losses={'lm loss': 1.9120886325836182} grad_norm=1.0000 [clipped raw=1.0] lr=1.00e-04 gpu_mem cur=2979MiB peak=8611MiB
Checkpoint saved to /home/lxk/PycharmProjects/My_megatron/examples/ckpt/step_65000
Removing old checkpoint: /home/lxk/PycharmProjects/My_megatron/examples/ckpt/step_50000
[eval] step_65000: eval_loss=1.7200
[sample 1 @ step_65000] ing by. They thought it was a sign. But the squirrel did not help them. The shadows grew long, and the chill of night set in. The animals felt a strange fear. 

One night, a loud noise came from the trees. "What was that?" asked a curious rabbit. The fox had heard that the shadows were closer. They had to think fast. The rabbit hopped to find the way. "We should go inside!" it said. But the
[sample 2 @ step_65000]  set out, thinking today would be an adventure of a lifetime.

The path was slippery and muddy from the rain. "Cruptain Ghost!" he said, giggling to himself. He walked along the path, looking for clues. "Where should I look?" he asked himself. He spotted an old tree with faces carved into its bark. "Is that a ghost?" he wondered.

He reached the tree
[mem] gpu_mem cur=2979MiB peak=8611MiB
Epoch 1/3 step 65100/304976 (global step 65100/914928): losses={'lm loss': 1.6838423013687134} grad_norm=1.0000 [clipped raw=1.0] lr=1.00e-04 gpu_mem cur=2979MiB peak=8611MiB
Epoch 1/3 step 65200/304976 (global step 65200/914928): losses={'lm loss': 1.8586268424987793} grad_norm=1.0000 [clipped raw=1.0] lr=1.00e-04 gpu_mem cur=2979MiB peak=8611MiB
Epoch 1/3 step 65300/304976 (global step 65300/914928): losses={'lm loss': 1.8002039194107056} grad_norm=1.0000 [clipped raw=1.0] lr=1.00e-04 gpu_mem cur=2979MiB peak=8611MiB
Epoch 1/3 step 65400/304976 (global step 65400/914928): losses={'lm loss': 1.7925293445587158} grad_norm=0.9874 lr=1.00e-04 gpu_mem cur=2979MiB peak=8611MiB
Epoch 1/3 step 65500/304976 (global step 65500/914928): losses={'lm loss': 1.6169764995574951} grad_norm=0.9859 lr=1.00e-04 gpu_mem cur=2979MiB peak=8611MiB
Epoch 1/3 step 65600/304976 (global step 65600/914928): losses={'lm loss': 1.6744245290756226} grad_norm=1.0000 [clipped raw=1.0] lr=1.00e-04 gpu_mem cur=2979MiB peak=8611MiB
Epoch 1/3 step 65700/304976 (global step 65700/914928): losses={'lm loss': 1.6758960485458374} grad_norm=1.0000 [clipped raw=1.0] lr=1.00e-04 gpu_mem cur=2979MiB peak=8611MiB
Epoch 1/3 step 65800/304976 (global step 65800/914928): losses={'lm loss': 1.645010232925415} grad_norm=0.9578 lr=1.00e-04 gpu_mem cur=2979MiB peak=8611MiB
Epoch 1/3 step 65900/304976 (global step 65900/914928): losses={'lm loss': 1.771635890007019} grad_norm=1.0000 [clipped raw=1.0] lr=1.00e-04 gpu_mem cur=2979MiB peak=8611MiB
Epoch 1/3 step 66000/304976 (global step 66000/914928): losses={'lm loss': 1.7190889120101929} grad_norm=1.0000 [clipped raw=1.0] lr=1.00e-04 gpu_mem cur=2979MiB peak=8611MiB
Epoch 1/3 step 66100/304976 (global step 66100/914928): losses={'lm loss': 1.716221809387207} grad_norm=1.0000 [clipped raw=1.0] lr=1.00e-04 gpu_mem cur=2979MiB peak=8611MiB
Epoch 1/3 step 66200/304976 (global step 66200/914928): losses={'lm loss': 1.8748031854629517} grad_norm=1.0000 [clipped raw=1.0] lr=1.00e-04 gpu_mem cur=2979MiB peak=8611MiB
Epoch 1/3 step 66300/304976 (global step 66300/914928): losses={'lm loss': 1.739357829093933} grad_norm=1.0000 [clipped raw=1.0] lr=1.00e-04 gpu_mem cur=2979MiB peak=8611MiB
Epoch 1/3 step 66400/304976 (global step 66400/914928): losses={'lm loss': 1.7289979457855225} grad_norm=0.9786 lr=1.00e-04 gpu_mem cur=2979MiB peak=8611MiB
Epoch 1/3 step 66500/304976 (global step 66500/914928): losses={'lm loss': 1.6186091899871826} grad_norm=0.9546 lr=1.00e-04 gpu_mem cur=2979MiB peak=8611MiB
Epoch 1/3 step 66600/304976 (global step 66600/914928): losses={'lm loss': 1.792715072631836} grad_norm=1.0000 [clipped raw=1.0] lr=1.00e-04 gpu_mem cur=2979MiB peak=8611MiB
Epoch 1/3 step 66700/304976 (global step 66700/914928): losses={'lm loss': 1.7480645179748535} grad_norm=1.0000 [clipped raw=1.0] lr=1.00e-04 gpu_mem cur=2979MiB peak=8611MiB
Epoch 1/3 step 66800/304976 (global step 66800/914928): losses={'lm loss': 1.6249375343322754} grad_norm=1.0000 [clipped raw=1.0] lr=1.00e-04 gpu_mem cur=2979MiB peak=8611MiB
Epoch 1/3 step 66900/304976 (global step 66900/914928): losses={'lm loss': 1.8264044523239136} grad_norm=0.9938 lr=1.00e-04 gpu_mem cur=2979MiB peak=8611MiB
Epoch 1/3 step 67000/304976 (global step 67000/914928): losses={'lm loss': 1.603154182434082} grad_norm=0.9694 lr=1.00e-04 gpu_mem cur=2979MiB peak=8611MiB
Epoch 1/3 step 67100/304976 (global step 67100/914928): losses={'lm loss': 1.7197480201721191} grad_norm=1.0000 [clipped raw=1.0] lr=1.00e-04 gpu_mem cur=2979MiB peak=8611MiB
Epoch 1/3 step 67200/304976 (global step 67200/914928): losses={'lm loss': 1.7101666927337646} grad_norm=0.9980 lr=1.00e-04 gpu_mem cur=2979MiB peak=8611MiB
Epoch 1/3 step 67300/304976 (global step 67300/914928): losses={'lm loss': 1.8105137348175049} grad_norm=1.0000 [clipped raw=1.0] lr=1.00e-04 gpu_mem cur=2979MiB peak=8611MiB
Epoch 1/3 step 67400/304976 (global step 67400/914928): losses={'lm loss': 1.918159008026123} grad_norm=1.0000 [clipped raw=1.0] lr=1.00e-04 gpu_mem cur=2979MiB peak=8611MiB
Epoch 1/3 step 67500/304976 (global step 67500/914928): losses={'lm loss': 1.7404489517211914} grad_norm=1.0000 [clipped raw=1.1] lr=1.00e-04 gpu_mem cur=2979MiB peak=8611MiB
Epoch 1/3 step 67600/304976 (global step 67600/914928): losses={'lm loss': 1.72700834274292} grad_norm=1.0000 [clipped raw=1.0] lr=1.00e-04 gpu_mem cur=2979MiB peak=8611MiB
Epoch 1/3 step 67700/304976 (global step 67700/914928): losses={'lm loss': 1.9043443202972412} grad_norm=1.0000 [clipped raw=1.0] lr=1.00e-04 gpu_mem cur=2979MiB peak=8611MiB
Epoch 1/3 step 67800/304976 (global step 67800/914928): losses={'lm loss': 1.6396576166152954} grad_norm=0.9845 lr=1.00e-04 gpu_mem cur=2979MiB peak=8611MiB
Epoch 1/3 step 67900/304976 (global step 67900/914928): losses={'lm loss': 1.6874582767486572} grad_norm=0.9750 lr=1.00e-04 gpu_mem cur=2979MiB peak=8611MiB
Epoch 1/3 step 68000/304976 (global step 68000/914928): losses={'lm loss': 1.7810864448547363} grad_norm=0.9985 lr=1.00e-04 gpu_mem cur=2979MiB peak=8611MiB
Epoch 1/3 step 68100/304976 (global step 68100/914928): losses={'lm loss': 1.8313283920288086} grad_norm=0.9895 lr=1.00e-04 gpu_mem cur=2979MiB peak=8611MiB
Epoch 1/3 step 68200/304976 (global step 68200/914928): losses={'lm loss': 1.8406476974487305} grad_norm=1.0000 [clipped raw=1.0] lr=1.00e-04 gpu_mem cur=2979MiB peak=8611MiB
Epoch 1/3 step 68300/304976 (global step 68300/914928): losses={'lm loss': 1.7018715143203735} grad_norm=0.9721 lr=1.00e-04 gpu_mem cur=2979MiB peak=8611MiB
Epoch 1/3 step 68400/304976 (global step 68400/914928): losses={'lm loss': 1.6263507604599} grad_norm=1.0000 [clipped raw=1.0] lr=1.00e-04 gpu_mem cur=2979MiB peak=8611MiB
Epoch 1/3 step 68500/304976 (global step 68500/914928): losses={'lm loss': 1.7468774318695068} grad_norm=1.0000 [clipped raw=1.0] lr=1.00e-04 gpu_mem cur=2979MiB peak=8611MiB
Epoch 1/3 step 68600/304976 (global step 68600/914928): losses={'lm loss': 1.7747124433517456} grad_norm=1.0000 [clipped raw=1.0] lr=1.00e-04 gpu_mem cur=2979MiB peak=8611MiB
Epoch 1/3 step 68700/304976 (global step 68700/914928): losses={'lm loss': 1.8324464559555054} grad_norm=1.0000 [clipped raw=1.0] lr=1.00e-04 gpu_mem cur=2979MiB peak=8611MiB
Epoch 1/3 step 68800/304976 (global step 68800/914928): losses={'lm loss': 1.7421503067016602} grad_norm=0.9984 lr=1.00e-04 gpu_mem cur=2979MiB peak=8611MiB
Epoch 1/3 step 68900/304976 (global step 68900/914928): losses={'lm loss': 1.7787867784500122} grad_norm=0.9855 lr=1.00e-04 gpu_mem cur=2979MiB peak=8611MiB
Epoch 1/3 step 69000/304976 (global step 69000/914928): losses={'lm loss': 1.8576020002365112} grad_norm=1.0000 [clipped raw=1.0] lr=1.00e-04 gpu_mem cur=2979MiB peak=8611MiB
Epoch 1/3 step 69100/304976 (global step 69100/914928): losses={'lm loss': 1.886157512664795} grad_norm=1.0000 [clipped raw=1.0] lr=1.00e-04 gpu_mem cur=2979MiB peak=8611MiB
Epoch 1/3 step 69200/304976 (global step 69200/914928): losses={'lm loss': 1.6988189220428467} grad_norm=0.9854 lr=1.00e-04 gpu_mem cur=2979MiB peak=8611MiB
Epoch 1/3 step 69300/304976 (global step 69300/914928): losses={'lm loss': 1.7122613191604614} grad_norm=1.0000 [clipped raw=1.0] lr=1.00e-04 gpu_mem cur=2979MiB peak=8611MiB
Epoch 1/3 step 69400/304976 (global step 69400/914928): losses={'lm loss': 1.675715446472168} grad_norm=0.9894 lr=1.00e-04 gpu_mem cur=2979MiB peak=8611MiB
Epoch 1/3 step 69500/304976 (global step 69500/914928): losses={'lm loss': 1.7685210704803467} grad_norm=0.9636 lr=1.00e-04 gpu_mem cur=2979MiB peak=8611MiB
Epoch 1/3 step 69600/304976 (global step 69600/914928): losses={'lm loss': 1.6974163055419922} grad_norm=0.9928 lr=1.00e-04 gpu_mem cur=2979MiB peak=8611MiB
Epoch 1/3 step 69700/304976 (global step 69700/914928): losses={'lm loss': 1.7241039276123047} grad_norm=0.9849 lr=1.00e-04 gpu_mem cur=2979MiB peak=8611MiB
Epoch 1/3 step 69800/304976 (global step 69800/914928): losses={'lm loss': 1.7497221231460571} grad_norm=0.9990 lr=1.00e-04 gpu_mem cur=2979MiB peak=8611MiB
Epoch 1/3 step 69900/304976 (global step 69900/914928): losses={'lm loss': 1.7099770307540894} grad_norm=1.0000 [clipped raw=1.1] lr=1.00e-04 gpu_mem cur=2979MiB peak=8611MiB
Epoch 1/3 step 70000/304976 (global step 70000/914928): losses={'lm loss': 1.6537647247314453} grad_norm=0.9626 lr=1.00e-04 gpu_mem cur=2979MiB peak=8611MiB
Checkpoint saved to /home/lxk/PycharmProjects/My_megatron/examples/ckpt/step_70000
Removing old checkpoint: /home/lxk/PycharmProjects/My_megatron/examples/ckpt/step_55000
[eval] step_70000: eval_loss=1.7074
[sample 1 @ step_70000] ing by. They thought it was a sign. But the squirrel did not help them. The shadows grew long, and the chill of night set in. The boy's heart sank. They were not ready for this.

The shadows reached out, and the boy could not leave. The squirrel was still lost and alone. The boy felt a deep sadness. He thought of his friends. They had been together, sharing the warmth of the cold night. They would never be
[sample 2 @ step_70000]  set out, thinking today would be an adventure of a lifetime.

The path was slippery and muddy from the rain. But the leader remembered the times they had fought bravely. They raised their hands, calling out to the sky. "Feel the fight!" they shouted to the sky. The leader felt a strange warmth in their heart. They knew this was a challenge, but they had fought through it all.

As they
[mem] gpu_mem cur=2979MiB peak=8611MiB
Epoch 1/3 step 70100/304976 (global step 70100/914928): losses={'lm loss': 1.7212541103363037} grad_norm=1.0000 [clipped raw=1.0] lr=1.00e-04 gpu_mem cur=2979MiB peak=8611MiB
Epoch 1/3 step 70200/304976 (global step 70200/914928): losses={'lm loss': 1.6435339450836182} grad_norm=0.9810 lr=1.00e-04 gpu_mem cur=2979MiB peak=8611MiB
Epoch 1/3 step 70300/304976 (global step 70300/914928): losses={'lm loss': 1.6362334489822388} grad_norm=0.9527 lr=1.00e-04 gpu_mem cur=2979MiB peak=8611MiB
Epoch 1/3 step 70400/304976 (global step 70400/914928): losses={'lm loss': 1.5354174375534058} grad_norm=0.9760 lr=1.00e-04 gpu_mem cur=2979MiB peak=8611MiB
Epoch 1/3 step 70500/304976 (global step 70500/914928): losses={'lm loss': 1.8668937683105469} grad_norm=1.0000 [clipped raw=1.0] lr=1.00e-04 gpu_mem cur=2979MiB peak=8611MiB
Epoch 1/3 step 70600/304976 (global step 70600/914928): losses={'lm loss': 1.600771188735962} grad_norm=1.0000 [clipped raw=1.1] lr=1.00e-04 gpu_mem cur=2979MiB peak=8611MiB
Epoch 1/3 step 70700/304976 (global step 70700/914928): losses={'lm loss': 1.7202582359313965} grad_norm=1.0000 [clipped raw=1.0] lr=1.00e-04 gpu_mem cur=2979MiB peak=8611MiB
Epoch 1/3 step 70800/304976 (global step 70800/914928): losses={'lm loss': 1.663079023361206} grad_norm=0.9617 lr=1.00e-04 gpu_mem cur=2979MiB peak=8611MiB
Epoch 1/3 step 70900/304976 (global step 70900/914928): losses={'lm loss': 1.7971765995025635} grad_norm=1.0000 [clipped raw=1.0] lr=1.00e-04 gpu_mem cur=2979MiB peak=8611MiB
Epoch 1/3 step 71000/304976 (global step 71000/914928): losses={'lm loss': 1.6840935945510864} grad_norm=0.9744 lr=1.00e-04 gpu_mem cur=2979MiB peak=8611MiB
Epoch 1/3 step 71100/304976 (global step 71100/914928): losses={'lm loss': 1.6377108097076416} grad_norm=0.9717 lr=1.00e-04 gpu_mem cur=2979MiB peak=8611MiB
Epoch 1/3 step 71200/304976 (global step 71200/914928): losses={'lm loss': 1.8583519458770752} grad_norm=1.0000 [clipped raw=1.0] lr=1.00e-04 gpu_mem cur=2979MiB peak=8611MiB
Epoch 1/3 step 71300/304976 (global step 71300/914928): losses={'lm loss': 1.8417718410491943} grad_norm=1.0000 [clipped raw=1.1] lr=1.00e-04 gpu_mem cur=2979MiB peak=8611MiB
Epoch 1/3 step 71400/304976 (global step 71400/914928): losses={'lm loss': 1.721378207206726} grad_norm=0.9858 lr=1.00e-04 gpu_mem cur=2979MiB peak=8611MiB
Epoch 1/3 step 71500/304976 (global step 71500/914928): losses={'lm loss': 1.767157793045044} grad_norm=1.0000 [clipped raw=1.0] lr=1.00e-04 gpu_mem cur=2979MiB peak=8611MiB
Epoch 1/3 step 71600/304976 (global step 71600/914928): losses={'lm loss': 1.7178208827972412} grad_norm=0.9958 lr=1.00e-04 gpu_mem cur=2979MiB peak=8611MiB
Epoch 1/3 step 71700/304976 (global step 71700/914928): losses={'lm loss': 1.660372018814087} grad_norm=0.9873 lr=1.00e-04 gpu_mem cur=2979MiB peak=8611MiB
Epoch 1/3 step 71800/304976 (global step 71800/914928): losses={'lm loss': 1.64678955078125} grad_norm=0.9287 lr=1.00e-04 gpu_mem cur=2979MiB peak=8611MiB
Epoch 1/3 step 71900/304976 (global step 71900/914928): losses={'lm loss': 1.7978241443634033} grad_norm=1.0000 [clipped raw=1.0] lr=1.00e-04 gpu_mem cur=2979MiB peak=8611MiB
Epoch 1/3 step 72000/304976 (global step 72000/914928): losses={'lm loss': 1.8659851551055908} grad_norm=1.0000 [clipped raw=1.1] lr=1.00e-04 gpu_mem cur=2979MiB peak=8611MiB
Epoch 1/3 step 72100/304976 (global step 72100/914928): losses={'lm loss': 1.824491262435913} grad_norm=1.0000 [clipped raw=1.0] lr=1.00e-04 gpu_mem cur=2979MiB peak=8611MiB
Epoch 1/3 step 72200/304976 (global step 72200/914928): losses={'lm loss': 1.7759950160980225} grad_norm=0.9919 lr=1.00e-04 gpu_mem cur=2979MiB peak=8611MiB
Epoch 1/3 step 72300/304976 (global step 72300/914928): losses={'lm loss': 1.7570558786392212} grad_norm=1.0000 [clipped raw=1.0] lr=1.00e-04 gpu_mem cur=2979MiB peak=8611MiB
Epoch 1/3 step 72400/304976 (global step 72400/914928): losses={'lm loss': 1.65911865234375} grad_norm=0.9602 lr=1.00e-04 gpu_mem cur=2979MiB peak=8611MiB
Epoch 1/3 step 72500/304976 (global step 72500/914928): losses={'lm loss': 1.7672313451766968} grad_norm=1.0000 [clipped raw=1.0] lr=1.00e-04 gpu_mem cur=2979MiB peak=8611MiB
Epoch 1/3 step 72600/304976 (global step 72600/914928): losses={'lm loss': 1.5821985006332397} grad_norm=0.9377 lr=1.00e-04 gpu_mem cur=2979MiB peak=8611MiB
Epoch 1/3 step 72700/304976 (global step 72700/914928): losses={'lm loss': 1.8297439813613892} grad_norm=0.9946 lr=1.00e-04 gpu_mem cur=2979MiB peak=8611MiB
Epoch 1/3 step 72800/304976 (global step 72800/914928): losses={'lm loss': 1.7558059692382812} grad_norm=0.9792 lr=1.00e-04 gpu_mem cur=2979MiB peak=8611MiB
Epoch 1/3 step 72900/304976 (global step 72900/914928): losses={'lm loss': 1.7622805833816528} grad_norm=0.9841 lr=1.00e-04 gpu_mem cur=2979MiB peak=8611MiB
Epoch 1/3 step 73000/304976 (global step 73000/914928): losses={'lm loss': 1.6964949369430542} grad_norm=0.9484 lr=1.00e-04 gpu_mem cur=2979MiB peak=8611MiB
Epoch 1/3 step 73100/304976 (global step 73100/914928): losses={'lm loss': 1.672641634941101} grad_norm=0.9451 lr=1.00e-04 gpu_mem cur=2979MiB peak=8611MiB
Epoch 1/3 step 73200/304976 (global step 73200/914928): losses={'lm loss': 1.739349603652954} grad_norm=1.0000 [clipped raw=1.0] lr=1.00e-04 gpu_mem cur=2979MiB peak=8611MiB
Epoch 1/3 step 73300/304976 (global step 73300/914928): losses={'lm loss': 1.8732830286026} grad_norm=0.9937 lr=1.00e-04 gpu_mem cur=2979MiB peak=8611MiB
Epoch 1/3 step 73400/304976 (global step 73400/914928): losses={'lm loss': 1.7171883583068848} grad_norm=0.9751 lr=1.00e-04 gpu_mem cur=2979MiB peak=8611MiB
Epoch 1/3 step 73500/304976 (global step 73500/914928): losses={'lm loss': 1.7808421850204468} grad_norm=0.9979 lr=1.00e-04 gpu_mem cur=2979MiB peak=8611MiB
Epoch 1/3 step 73600/304976 (global step 73600/914928): losses={'lm loss': 1.6988940238952637} grad_norm=0.9941 lr=1.00e-04 gpu_mem cur=2979MiB peak=8611MiB
Epoch 1/3 step 73700/304976 (global step 73700/914928): losses={'lm loss': 1.8773248195648193} grad_norm=1.0000 [clipped raw=1.1] lr=1.00e-04 gpu_mem cur=2979MiB peak=8611MiB
Epoch 1/3 step 73800/304976 (global step 73800/914928): losses={'lm loss': 1.911089539527893} grad_norm=1.0000 [clipped raw=1.1] lr=1.00e-04 gpu_mem cur=2979MiB peak=8611MiB
Epoch 1/3 step 73900/304976 (global step 73900/914928): losses={'lm loss': 1.4878730773925781} grad_norm=0.9404 lr=1.00e-04 gpu_mem cur=2979MiB peak=8611MiB
Epoch 1/3 step 74000/304976 (global step 74000/914928): losses={'lm loss': 1.799056053161621} grad_norm=0.9983 lr=1.00e-04 gpu_mem cur=2979MiB peak=8611MiB
Epoch 1/3 step 74100/304976 (global step 74100/914928): losses={'lm loss': 1.6281378269195557} grad_norm=0.9455 lr=1.00e-04 gpu_mem cur=2979MiB peak=8611MiB
Epoch 1/3 step 74200/304976 (global step 74200/914928): losses={'lm loss': 1.6955461502075195} grad_norm=0.9703 lr=1.00e-04 gpu_mem cur=2979MiB peak=8611MiB
Epoch 1/3 step 74300/304976 (global step 74300/914928): losses={'lm loss': 1.7461421489715576} grad_norm=1.0000 [clipped raw=1.0] lr=1.00e-04 gpu_mem cur=2979MiB peak=8611MiB
Epoch 1/3 step 74400/304976 (global step 74400/914928): losses={'lm loss': 1.730363368988037} grad_norm=0.9717 lr=1.00e-04 gpu_mem cur=2979MiB peak=8611MiB
Epoch 1/3 step 74500/304976 (global step 74500/914928): losses={'lm loss': 1.8072035312652588} grad_norm=1.0000 [clipped raw=1.0] lr=1.00e-04 gpu_mem cur=2979MiB peak=8611MiB
Epoch 1/3 step 74600/304976 (global step 74600/914928): losses={'lm loss': 1.776814341545105} grad_norm=0.9978 lr=1.00e-04 gpu_mem cur=2979MiB peak=8611MiB
Epoch 1/3 step 74700/304976 (global step 74700/914928): losses={'lm loss': 1.656290054321289} grad_norm=0.9798 lr=1.00e-04 gpu_mem cur=2979MiB peak=8611MiB
Epoch 1/3 step 74800/304976 (global step 74800/914928): losses={'lm loss': 1.597768783569336} grad_norm=0.9500 lr=1.00e-04 gpu_mem cur=2979MiB peak=8611MiB
Epoch 1/3 step 74900/304976 (global step 74900/914928): losses={'lm loss': 1.7107330560684204} grad_norm=0.9761 lr=1.00e-04 gpu_mem cur=2979MiB peak=8611MiB
Epoch 1/3 step 75000/304976 (global step 75000/914928): losses={'lm loss': 1.7734826803207397} grad_norm=0.9959 lr=1.00e-04 gpu_mem cur=2979MiB peak=8611MiB
Checkpoint saved to /home/lxk/PycharmProjects/My_megatron/examples/ckpt/step_75000
Removing old checkpoint: /home/lxk/PycharmProjects/My_megatron/examples/ckpt/step_60000
[eval] step_75000: eval_loss=1.6916
[sample 1 @ step_75000] ing by. They thought it was a sign. But the squirrel did not help them. The shadows grew long, and the chill of night set in. The fireflies were trapped, and they could not help.

Mia, the brave girl, felt they had to help. She called upon her friends to gather around. "We must work together!" she said. The animals agreed and set off into the dark woods. Each friend brought something special to the others. Mia felt
[sample 2 @ step_75000]  set out, thinking today would be an adventure of a lifetime.

The path was slippery and muddy from the rain. It pushed through the chaos, taking color in the gray. But something caught it. It was a pot, pulled by a creature made of gold. It was beautiful, glowing with a soft light. It smelled like old candy, and hope filled the air.

As the sun began to set, the village came
[mem] gpu_mem cur=2979MiB peak=8611MiB
Epoch 1/3 step 75100/304976 (global step 75100/914928): losses={'lm loss': 1.7821801900863647} grad_norm=1.0000 [clipped raw=1.0] lr=1.00e-04 gpu_mem cur=2979MiB peak=8611MiB
Epoch 1/3 step 75200/304976 (global step 75200/914928): losses={'lm loss': 1.836716890335083} grad_norm=1.0000 [clipped raw=1.0] lr=1.00e-04 gpu_mem cur=2979MiB peak=8611MiB
Epoch 1/3 step 75300/304976 (global step 75300/914928): losses={'lm loss': 1.7805938720703125} grad_norm=1.0000 [clipped raw=1.0] lr=1.00e-04 gpu_mem cur=2979MiB peak=8611MiB
Epoch 1/3 step 75400/304976 (global step 75400/914928): losses={'lm loss': 1.6737399101257324} grad_norm=1.0000 [clipped raw=1.0] lr=1.00e-04 gpu_mem cur=2979MiB peak=8611MiB
Epoch 1/3 step 75500/304976 (global step 75500/914928): losses={'lm loss': 1.9375672340393066} grad_norm=1.0000 [clipped raw=1.1] lr=1.00e-04 gpu_mem cur=2979MiB peak=8611MiB
Epoch 1/3 step 75600/304976 (global step 75600/914928): losses={'lm loss': 1.8507384061813354} grad_norm=1.0000 [clipped raw=1.0] lr=1.00e-04 gpu_mem cur=2979MiB peak=8611MiB
Epoch 1/3 step 75700/304976 (global step 75700/914928): losses={'lm loss': 1.7438876628875732} grad_norm=0.9893 lr=1.00e-04 gpu_mem cur=2979MiB peak=8611MiB
Epoch 1/3 step 75800/304976 (global step 75800/914928): losses={'lm loss': 1.7715423107147217} grad_norm=0.9948 lr=1.00e-04 gpu_mem cur=2979MiB peak=8611MiB
Epoch 1/3 step 75900/304976 (global step 75900/914928): losses={'lm loss': 1.670955777168274} grad_norm=0.9624 lr=1.00e-04 gpu_mem cur=2979MiB peak=8611MiB
Epoch 1/3 step 76000/304976 (global step 76000/914928): losses={'lm loss': 1.8412153720855713} grad_norm=1.0000 [clipped raw=1.0] lr=1.00e-04 gpu_mem cur=2979MiB peak=8611MiB
Epoch 1/3 step 76100/304976 (global step 76100/914928): losses={'lm loss': 1.6745177507400513} grad_norm=1.0000 [clipped raw=1.0] lr=1.00e-04 gpu_mem cur=2979MiB peak=8611MiB
Epoch 1/3 step 76200/304976 (global step 76200/914928): losses={'lm loss': 1.7305551767349243} grad_norm=0.9559 lr=1.00e-04 gpu_mem cur=2979MiB peak=8611MiB
Epoch 1/3 step 76300/304976 (global step 76300/914928): losses={'lm loss': 1.7261210680007935} grad_norm=0.9557 lr=1.00e-04 gpu_mem cur=2979MiB peak=8611MiB
Epoch 1/3 step 76400/304976 (global step 76400/914928): losses={'lm loss': 1.7412149906158447} grad_norm=0.9818 lr=1.00e-04 gpu_mem cur=2979MiB peak=8611MiB
Epoch 1/3 step 76500/304976 (global step 76500/914928): losses={'lm loss': 1.7080342769622803} grad_norm=0.9825 lr=1.00e-04 gpu_mem cur=2979MiB peak=8611MiB
Epoch 1/3 step 76600/304976 (global step 76600/914928): losses={'lm loss': 1.7980639934539795} grad_norm=1.0000 [clipped raw=1.0] lr=1.00e-04 gpu_mem cur=2979MiB peak=8611MiB
Epoch 1/3 step 76700/304976 (global step 76700/914928): losses={'lm loss': 1.6054701805114746} grad_norm=0.9545 lr=1.00e-04 gpu_mem cur=2979MiB peak=8611MiB
Epoch 1/3 step 76800/304976 (global step 76800/914928): losses={'lm loss': 1.7284787893295288} grad_norm=0.9793 lr=1.00e-04 gpu_mem cur=2979MiB peak=8611MiB
Epoch 1/3 step 76900/304976 (global step 76900/914928): losses={'lm loss': 1.8886513710021973} grad_norm=1.0000 [clipped raw=1.1] lr=1.00e-04 gpu_mem cur=2979MiB peak=8611MiB
Epoch 1/3 step 77000/304976 (global step 77000/914928): losses={'lm loss': 1.6650824546813965} grad_norm=0.9629 lr=1.00e-04 gpu_mem cur=2979MiB peak=8611MiB
Epoch 1/3 step 77100/304976 (global step 77100/914928): losses={'lm loss': 1.7806978225708008} grad_norm=1.0000 [clipped raw=1.0] lr=1.00e-04 gpu_mem cur=2979MiB peak=8611MiB
Epoch 1/3 step 77200/304976 (global step 77200/914928): losses={'lm loss': 1.7979671955108643} grad_norm=0.9869 lr=1.00e-04 gpu_mem cur=2979MiB peak=8611MiB
Epoch 1/3 step 77300/304976 (global step 77300/914928): losses={'lm loss': 1.7656577825546265} grad_norm=1.0000 [clipped raw=1.0] lr=1.00e-04 gpu_mem cur=2979MiB peak=8611MiB
Epoch 1/3 step 77400/304976 (global step 77400/914928): losses={'lm loss': 1.8161818981170654} grad_norm=1.0000 [clipped raw=1.0] lr=1.00e-04 gpu_mem cur=2979MiB peak=8611MiB
Epoch 1/3 step 77500/304976 (global step 77500/914928): losses={'lm loss': 1.7977527379989624} grad_norm=1.0000 [clipped raw=1.0] lr=1.00e-04 gpu_mem cur=2979MiB peak=8611MiB
Epoch 1/3 step 77600/304976 (global step 77600/914928): losses={'lm loss': 1.605683445930481} grad_norm=0.9435 lr=1.00e-04 gpu_mem cur=2979MiB peak=8611MiB
Epoch 1/3 step 77700/304976 (global step 77700/914928): losses={'lm loss': 1.5172877311706543} grad_norm=0.9309 lr=1.00e-04 gpu_mem cur=2979MiB peak=8611MiB
Epoch 1/3 step 77800/304976 (global step 77800/914928): losses={'lm loss': 1.6023762226104736} grad_norm=0.9215 lr=1.00e-04 gpu_mem cur=2979MiB peak=8611MiB
Epoch 1/3 step 77900/304976 (global step 77900/914928): losses={'lm loss': 1.7754955291748047} grad_norm=0.9567 lr=1.00e-04 gpu_mem cur=2979MiB peak=8611MiB
Epoch 1/3 step 78000/304976 (global step 78000/914928): losses={'lm loss': 1.5916507244110107} grad_norm=0.9669 lr=1.00e-04 gpu_mem cur=2979MiB peak=8611MiB
Epoch 1/3 step 78100/304976 (global step 78100/914928): losses={'lm loss': 1.58842134475708} grad_norm=0.9601 lr=1.00e-04 gpu_mem cur=2979MiB peak=8611MiB
Epoch 1/3 step 78200/304976 (global step 78200/914928): losses={'lm loss': 1.7980234622955322} grad_norm=1.0000 [clipped raw=1.0] lr=1.00e-04 gpu_mem cur=2979MiB peak=8611MiB
Epoch 1/3 step 78300/304976 (global step 78300/914928): losses={'lm loss': 1.6472936868667603} grad_norm=0.9932 lr=1.00e-04 gpu_mem cur=2979MiB peak=8611MiB
Epoch 1/3 step 78400/304976 (global step 78400/914928): losses={'lm loss': 1.7521986961364746} grad_norm=0.9747 lr=1.00e-04 gpu_mem cur=2979MiB peak=8611MiB
Epoch 1/3 step 78500/304976 (global step 78500/914928): losses={'lm loss': 1.6852446794509888} grad_norm=1.0000 [clipped raw=1.0] lr=1.00e-04 gpu_mem cur=2979MiB peak=8611MiB
Epoch 1/3 step 78600/304976 (global step 78600/914928): losses={'lm loss': 1.6267451047897339} grad_norm=0.9333 lr=1.00e-04 gpu_mem cur=2979MiB peak=8611MiB
Epoch 1/3 step 78700/304976 (global step 78700/914928): losses={'lm loss': 1.5870952606201172} grad_norm=0.9287 lr=1.00e-04 gpu_mem cur=2979MiB peak=8611MiB
Epoch 1/3 step 78800/304976 (global step 78800/914928): losses={'lm loss': 1.6156948804855347} grad_norm=0.9366 lr=1.00e-04 gpu_mem cur=2979MiB peak=8611MiB
Epoch 1/3 step 78900/304976 (global step 78900/914928): losses={'lm loss': 1.7451825141906738} grad_norm=0.9734 lr=1.00e-04 gpu_mem cur=2979MiB peak=8611MiB
Epoch 1/3 step 79000/304976 (global step 79000/914928): losses={'lm loss': 1.7059988975524902} grad_norm=0.9534 lr=1.00e-04 gpu_mem cur=2979MiB peak=8611MiB
Epoch 1/3 step 79100/304976 (global step 79100/914928): losses={'lm loss': 1.7108850479125977} grad_norm=0.9726 lr=1.00e-04 gpu_mem cur=2979MiB peak=8611MiB
Epoch 1/3 step 79200/304976 (global step 79200/914928): losses={'lm loss': 1.6719472408294678} grad_norm=0.9855 lr=1.00e-04 gpu_mem cur=2979MiB peak=8611MiB
Epoch 1/3 step 79300/304976 (global step 79300/914928): losses={'lm loss': 1.6851555109024048} grad_norm=0.9413 lr=1.00e-04 gpu_mem cur=2979MiB peak=8611MiB
Epoch 1/3 step 79400/304976 (global step 79400/914928): losses={'lm loss': 1.7854163646697998} grad_norm=0.9943 lr=1.00e-04 gpu_mem cur=2979MiB peak=8611MiB
Epoch 1/3 step 79500/304976 (global step 79500/914928): losses={'lm loss': 1.7833232879638672} grad_norm=0.9892 lr=1.00e-04 gpu_mem cur=2979MiB peak=8611MiB
Epoch 1/3 step 79600/304976 (global step 79600/914928): losses={'lm loss': 1.7610833644866943} grad_norm=0.9636 lr=1.00e-04 gpu_mem cur=2979MiB peak=8611MiB
Epoch 1/3 step 79700/304976 (global step 79700/914928): losses={'lm loss': 1.7567217350006104} grad_norm=1.0000 [clipped raw=1.0] lr=1.00e-04 gpu_mem cur=2979MiB peak=8611MiB
Epoch 1/3 step 79800/304976 (global step 79800/914928): losses={'lm loss': 1.669809103012085} grad_norm=0.9472 lr=1.00e-04 gpu_mem cur=2979MiB peak=8611MiB
Epoch 1/3 step 79900/304976 (global step 79900/914928): losses={'lm loss': 1.9835269451141357} grad_norm=1.0000 [clipped raw=1.0] lr=1.00e-04 gpu_mem cur=2979MiB peak=8611MiB
Epoch 1/3 step 80000/304976 (global step 80000/914928): losses={'lm loss': 1.6475918292999268} grad_norm=0.9899 lr=1.00e-04 gpu_mem cur=2979MiB peak=8611MiB
Checkpoint saved to /home/lxk/PycharmProjects/My_megatron/examples/ckpt/step_80000
Removing old checkpoint: /home/lxk/PycharmProjects/My_megatron/examples/ckpt/step_65000
[eval] step_80000: eval_loss=1.6778
[sample 1 @ step_80000] ing by. They thought it was a sign. But the squirrel did not help them. The shadows grew long, and the chill of night set in. The group held their breath. They knew they had to act fast. 

The mouse squeaked loudly, while the mouse stood tall. The dark-hat group moved silently around the room, their hearts beating like drums. They had to find the old shield that was hidden in the ground. Together, they
[sample 2 @ step_80000]  set out, thinking today would be an adventure of a lifetime.

The path was slippery and muddy from the rain. As she walked, she felt scared and lost. But then, she remembered the treasure. It was not gold or jewels, but the joy of discovery. With each step, she felt the ground shake beneath her feet. The rocks glimmered like jewels, and she smiled, realizing she was in a different place.


[mem] gpu_mem cur=2979MiB peak=8611MiB
Epoch 1/3 step 80100/304976 (global step 80100/914928): losses={'lm loss': 1.5037057399749756} grad_norm=0.8997 lr=1.00e-04 gpu_mem cur=2979MiB peak=8611MiB
Epoch 1/3 step 80200/304976 (global step 80200/914928): losses={'lm loss': 1.7685978412628174} grad_norm=1.0000 [clipped raw=1.0] lr=1.00e-04 gpu_mem cur=2979MiB peak=8611MiB
Epoch 1/3 step 80300/304976 (global step 80300/914928): losses={'lm loss': 1.8184623718261719} grad_norm=0.9945 lr=1.00e-04 gpu_mem cur=2979MiB peak=8611MiB
Epoch 1/3 step 80400/304976 (global step 80400/914928): losses={'lm loss': 1.7490131855010986} grad_norm=0.9801 lr=1.00e-04 gpu_mem cur=2979MiB peak=8611MiB
Epoch 1/3 step 80500/304976 (global step 80500/914928): losses={'lm loss': 1.703147530555725} grad_norm=0.9645 lr=1.00e-04 gpu_mem cur=2979MiB peak=8611MiB
Epoch 1/3 step 80600/304976 (global step 80600/914928): losses={'lm loss': 1.7251646518707275} grad_norm=0.9606 lr=1.00e-04 gpu_mem cur=2979MiB peak=8611MiB
Epoch 1/3 step 80700/304976 (global step 80700/914928): losses={'lm loss': 1.8023098707199097} grad_norm=1.0000 [clipped raw=1.0] lr=1.00e-04 gpu_mem cur=2979MiB peak=8611MiB
Epoch 1/3 step 80800/304976 (global step 80800/914928): losses={'lm loss': 1.6569290161132812} grad_norm=0.9533 lr=1.00e-04 gpu_mem cur=2979MiB peak=8611MiB
Epoch 1/3 step 80900/304976 (global step 80900/914928): losses={'lm loss': 1.7453091144561768} grad_norm=1.0000 [clipped raw=1.0] lr=1.00e-04 gpu_mem cur=2979MiB peak=8611MiB
Epoch 1/3 step 81000/304976 (global step 81000/914928): losses={'lm loss': 1.745129108428955} grad_norm=0.9853 lr=1.00e-04 gpu_mem cur=2979MiB peak=8611MiB
Epoch 1/3 step 81100/304976 (global step 81100/914928): losses={'lm loss': 1.8188517093658447} grad_norm=1.0000 [clipped raw=1.0] lr=1.00e-04 gpu_mem cur=2979MiB peak=8611MiB
Epoch 1/3 step 81200/304976 (global step 81200/914928): losses={'lm loss': 1.6679871082305908} grad_norm=0.9766 lr=1.00e-04 gpu_mem cur=2979MiB peak=8611MiB
Epoch 1/3 step 81300/304976 (global step 81300/914928): losses={'lm loss': 1.6665359735488892} grad_norm=0.9532 lr=1.00e-04 gpu_mem cur=2979MiB peak=8611MiB
Epoch 1/3 step 81400/304976 (global step 81400/914928): losses={'lm loss': 1.4583806991577148} grad_norm=0.9265 lr=1.00e-04 gpu_mem cur=2979MiB peak=8611MiB
Epoch 1/3 step 81500/304976 (global step 81500/914928): losses={'lm loss': 1.6327069997787476} grad_norm=0.9299 lr=1.00e-04 gpu_mem cur=2979MiB peak=8611MiB
Epoch 1/3 step 81600/304976 (global step 81600/914928): losses={'lm loss': 1.5723962783813477} grad_norm=0.9372 lr=1.00e-04 gpu_mem cur=2979MiB peak=8611MiB
Epoch 1/3 step 81700/304976 (global step 81700/914928): losses={'lm loss': 1.6510411500930786} grad_norm=0.9457 lr=1.00e-04 gpu_mem cur=2979MiB peak=8611MiB
Epoch 1/3 step 81800/304976 (global step 81800/914928): losses={'lm loss': 1.6919118165969849} grad_norm=1.0000 [clipped raw=1.0] lr=1.00e-04 gpu_mem cur=2979MiB peak=8611MiB
Epoch 1/3 step 81900/304976 (global step 81900/914928): losses={'lm loss': 1.7537636756896973} grad_norm=0.9704 lr=1.00e-04 gpu_mem cur=2979MiB peak=8611MiB
Epoch 1/3 step 82000/304976 (global step 82000/914928): losses={'lm loss': 1.614641547203064} grad_norm=0.9655 lr=1.00e-04 gpu_mem cur=2979MiB peak=8611MiB
Epoch 1/3 step 82100/304976 (global step 82100/914928): losses={'lm loss': 1.7395374774932861} grad_norm=0.9526 lr=1.00e-04 gpu_mem cur=2979MiB peak=8611MiB
Epoch 1/3 step 82200/304976 (global step 82200/914928): losses={'lm loss': 1.7571582794189453} grad_norm=0.9723 lr=1.00e-04 gpu_mem cur=2979MiB peak=8611MiB
Epoch 1/3 step 82300/304976 (global step 82300/914928): losses={'lm loss': 1.667245626449585} grad_norm=0.9238 lr=1.00e-04 gpu_mem cur=2979MiB peak=8611MiB
Epoch 1/3 step 82400/304976 (global step 82400/914928): losses={'lm loss': 1.8183090686798096} grad_norm=0.9909 lr=1.00e-04 gpu_mem cur=2979MiB peak=8611MiB
Epoch 1/3 step 82500/304976 (global step 82500/914928): losses={'lm loss': 1.6994998455047607} grad_norm=0.9719 lr=1.00e-04 gpu_mem cur=2979MiB peak=8611MiB
Epoch 1/3 step 82600/304976 (global step 82600/914928): losses={'lm loss': 1.6524840593338013} grad_norm=0.9479 lr=1.00e-04 gpu_mem cur=2979MiB peak=8611MiB
Epoch 1/3 step 82700/304976 (global step 82700/914928): losses={'lm loss': 1.649229645729065} grad_norm=0.9595 lr=1.00e-04 gpu_mem cur=2979MiB peak=8611MiB
Epoch 1/3 step 82800/304976 (global step 82800/914928): losses={'lm loss': 1.6881524324417114} grad_norm=0.9349 lr=1.00e-04 gpu_mem cur=2979MiB peak=8611MiB
Epoch 1/3 step 82900/304976 (global step 82900/914928): losses={'lm loss': 1.715859055519104} grad_norm=0.9556 lr=1.00e-04 gpu_mem cur=2979MiB peak=8611MiB
Epoch 1/3 step 83000/304976 (global step 83000/914928): losses={'lm loss': 1.5840696096420288} grad_norm=0.9436 lr=1.00e-04 gpu_mem cur=2979MiB peak=8611MiB
Epoch 1/3 step 83100/304976 (global step 83100/914928): losses={'lm loss': 1.5651981830596924} grad_norm=0.9135 lr=1.00e-04 gpu_mem cur=2979MiB peak=8611MiB
Epoch 1/3 step 83200/304976 (global step 83200/914928): losses={'lm loss': 1.6247239112854004} grad_norm=0.9255 lr=1.00e-04 gpu_mem cur=2979MiB peak=8611MiB
Epoch 1/3 step 83300/304976 (global step 83300/914928): losses={'lm loss': 1.7116174697875977} grad_norm=0.9387 lr=1.00e-04 gpu_mem cur=2979MiB peak=8611MiB
Epoch 1/3 step 83400/304976 (global step 83400/914928): losses={'lm loss': 1.6648204326629639} grad_norm=0.9544 lr=1.00e-04 gpu_mem cur=2979MiB peak=8611MiB
Epoch 1/3 step 83500/304976 (global step 83500/914928): losses={'lm loss': 1.6558893918991089} grad_norm=0.9782 lr=1.00e-04 gpu_mem cur=2979MiB peak=8611MiB
Epoch 1/3 step 83600/304976 (global step 83600/914928): losses={'lm loss': 1.4376535415649414} grad_norm=0.9232 lr=1.00e-04 gpu_mem cur=2979MiB peak=8611MiB
Epoch 1/3 step 83700/304976 (global step 83700/914928): losses={'lm loss': 1.7035354375839233} grad_norm=0.9705 lr=1.00e-04 gpu_mem cur=2979MiB peak=8611MiB
Epoch 1/3 step 83800/304976 (global step 83800/914928): losses={'lm loss': 1.8209948539733887} grad_norm=0.9868 lr=1.00e-04 gpu_mem cur=2979MiB peak=8611MiB
Epoch 1/3 step 83900/304976 (global step 83900/914928): losses={'lm loss': 1.764206051826477} grad_norm=0.9963 lr=1.00e-04 gpu_mem cur=2979MiB peak=8611MiB
Epoch 1/3 step 84000/304976 (global step 84000/914928): losses={'lm loss': 1.775119423866272} grad_norm=0.9827 lr=1.00e-04 gpu_mem cur=2979MiB peak=8611MiB
Epoch 1/3 step 84100/304976 (global step 84100/914928): losses={'lm loss': 1.5749930143356323} grad_norm=0.9293 lr=1.00e-04 gpu_mem cur=2979MiB peak=8611MiB
Epoch 1/3 step 84200/304976 (global step 84200/914928): losses={'lm loss': 1.7636518478393555} grad_norm=1.0000 [clipped raw=1.0] lr=1.00e-04 gpu_mem cur=2979MiB peak=8611MiB
Epoch 1/3 step 84300/304976 (global step 84300/914928): losses={'lm loss': 1.752640962600708} grad_norm=0.9759 lr=1.00e-04 gpu_mem cur=2979MiB peak=8611MiB
Epoch 1/3 step 84400/304976 (global step 84400/914928): losses={'lm loss': 1.8848497867584229} grad_norm=0.9980 lr=1.00e-04 gpu_mem cur=2979MiB peak=8611MiB
Epoch 1/3 step 84500/304976 (global step 84500/914928): losses={'lm loss': 1.8644120693206787} grad_norm=1.0000 [clipped raw=1.0] lr=1.00e-04 gpu_mem cur=2979MiB peak=8611MiB
Epoch 1/3 step 84600/304976 (global step 84600/914928): losses={'lm loss': 1.914466142654419} grad_norm=1.0000 [clipped raw=1.0] lr=1.00e-04 gpu_mem cur=2979MiB peak=8611MiB
Epoch 1/3 step 84700/304976 (global step 84700/914928): losses={'lm loss': 1.59027099609375} grad_norm=0.9532 lr=1.00e-04 gpu_mem cur=2979MiB peak=8611MiB
Epoch 1/3 step 84800/304976 (global step 84800/914928): losses={'lm loss': 1.6711018085479736} grad_norm=0.9679 lr=1.00e-04 gpu_mem cur=2979MiB peak=8611MiB
Epoch 1/3 step 84900/304976 (global step 84900/914928): losses={'lm loss': 1.7179620265960693} grad_norm=1.0000 [clipped raw=1.0] lr=1.00e-04 gpu_mem cur=2979MiB peak=8611MiB
Epoch 1/3 step 85000/304976 (global step 85000/914928): losses={'lm loss': 1.543031930923462} grad_norm=0.9156 lr=1.00e-04 gpu_mem cur=2979MiB peak=8611MiB
Checkpoint saved to /home/lxk/PycharmProjects/My_megatron/examples/ckpt/step_85000
Removing old checkpoint: /home/lxk/PycharmProjects/My_megatron/examples/ckpt/step_70000
[eval] step_85000: eval_loss=1.6663
[sample 1 @ step_85000] ing by. They thought it was a sign. But the squirrel did not help them. The shadows grew long, and the chill of night set in. The people whispered about the knight and his bravery. 

In the end, the knight became a hero in his eyes. He ruled with love and bravery. But as he roamed, he felt strange. He thought about what he had lost. He realized that he was not just being the strongest knight, but in love
[sample 2 @ step_85000]  set out, thinking today would be an adventure of a lifetime.

The path was slippery and muddy from the rain. They walked for hours, slipping and sliding. Soon, they heard a strange noise. It sounded like a beeping goo! They stopped and looked around. But it was just a squirrel. They laughed and continued their search.

As they got closer to the sound, they saw a small raccoon
[mem] gpu_mem cur=2979MiB peak=8611MiB
Epoch 1/3 step 85100/304976 (global step 85100/914928): losses={'lm loss': 1.7145735025405884} grad_norm=0.9375 lr=1.00e-04 gpu_mem cur=2979MiB peak=8611MiB
Epoch 1/3 step 85200/304976 (global step 85200/914928): losses={'lm loss': 1.5303070545196533} grad_norm=0.8905 lr=1.00e-04 gpu_mem cur=2979MiB peak=8611MiB
Epoch 1/3 step 85300/304976 (global step 85300/914928): losses={'lm loss': 1.6316733360290527} grad_norm=0.9757 lr=1.00e-04 gpu_mem cur=2979MiB peak=8611MiB
Epoch 1/3 step 85400/304976 (global step 85400/914928): losses={'lm loss': 1.720668077468872} grad_norm=0.9706 lr=1.00e-04 gpu_mem cur=2979MiB peak=8611MiB
Epoch 1/3 step 85500/304976 (global step 85500/914928): losses={'lm loss': 1.5454554557800293} grad_norm=0.9350 lr=1.00e-04 gpu_mem cur=2979MiB peak=8611MiB
Epoch 1/3 step 85600/304976 (global step 85600/914928): losses={'lm loss': 1.6613671779632568} grad_norm=0.9755 lr=1.00e-04 gpu_mem cur=2979MiB peak=8611MiB
Epoch 1/3 step 85700/304976 (global step 85700/914928): losses={'lm loss': 1.6232651472091675} grad_norm=0.9223 lr=1.00e-04 gpu_mem cur=2979MiB peak=8611MiB
Epoch 1/3 step 85800/304976 (global step 85800/914928): losses={'lm loss': 1.5989176034927368} grad_norm=0.9122 lr=1.00e-04 gpu_mem cur=2979MiB peak=8611MiB
Epoch 1/3 step 85900/304976 (global step 85900/914928): losses={'lm loss': 1.7545911073684692} grad_norm=0.9425 lr=1.00e-04 gpu_mem cur=2979MiB peak=8611MiB
Epoch 1/3 step 86000/304976 (global step 86000/914928): losses={'lm loss': 1.6861073970794678} grad_norm=0.9676 lr=1.00e-04 gpu_mem cur=2979MiB peak=8611MiB
Epoch 1/3 step 86100/304976 (global step 86100/914928): losses={'lm loss': 1.6348834037780762} grad_norm=0.9388 lr=1.00e-04 gpu_mem cur=2979MiB peak=8611MiB
Epoch 1/3 step 86200/304976 (global step 86200/914928): losses={'lm loss': 1.7048496007919312} grad_norm=0.9490 lr=1.00e-04 gpu_mem cur=2979MiB peak=8611MiB
Epoch 1/3 step 86300/304976 (global step 86300/914928): losses={'lm loss': 1.8025591373443604} grad_norm=0.9971 lr=1.00e-04 gpu_mem cur=2979MiB peak=8611MiB
Epoch 1/3 step 86400/304976 (global step 86400/914928): losses={'lm loss': 1.7308084964752197} grad_norm=0.9610 lr=1.00e-04 gpu_mem cur=2979MiB peak=8611MiB
Epoch 1/3 step 86500/304976 (global step 86500/914928): losses={'lm loss': 1.8573907613754272} grad_norm=0.9933 lr=1.00e-04 gpu_mem cur=2979MiB peak=8611MiB
Epoch 1/3 step 86600/304976 (global step 86600/914928): losses={'lm loss': 1.760682463645935} grad_norm=0.9779 lr=1.00e-04 gpu_mem cur=2979MiB peak=8611MiB
Epoch 1/3 step 86700/304976 (global step 86700/914928): losses={'lm loss': 1.7298403978347778} grad_norm=0.9578 lr=1.00e-04 gpu_mem cur=2979MiB peak=8611MiB
Epoch 1/3 step 86800/304976 (global step 86800/914928): losses={'lm loss': 1.6438677310943604} grad_norm=0.9321 lr=1.00e-04 gpu_mem cur=2979MiB peak=8611MiB
Epoch 1/3 step 86900/304976 (global step 86900/914928): losses={'lm loss': 1.804373860359192} grad_norm=0.9435 lr=1.00e-04 gpu_mem cur=2979MiB peak=8611MiB
Epoch 1/3 step 87000/304976 (global step 87000/914928): losses={'lm loss': 1.6834906339645386} grad_norm=0.9522 lr=1.00e-04 gpu_mem cur=2979MiB peak=8611MiB
Epoch 1/3 step 87100/304976 (global step 87100/914928): losses={'lm loss': 1.6520962715148926} grad_norm=0.9270 lr=1.00e-04 gpu_mem cur=2979MiB peak=8611MiB
Epoch 1/3 step 87200/304976 (global step 87200/914928): losses={'lm loss': 1.6564608812332153} grad_norm=0.9349 lr=1.00e-04 gpu_mem cur=2979MiB peak=8611MiB
Epoch 1/3 step 87300/304976 (global step 87300/914928): losses={'lm loss': 1.8052160739898682} grad_norm=0.9648 lr=1.00e-04 gpu_mem cur=2979MiB peak=8611MiB
Epoch 1/3 step 87400/304976 (global step 87400/914928): losses={'lm loss': 1.673062801361084} grad_norm=0.9602 lr=1.00e-04 gpu_mem cur=2979MiB peak=8611MiB
Epoch 1/3 step 87500/304976 (global step 87500/914928): losses={'lm loss': 1.6819941997528076} grad_norm=0.9329 lr=1.00e-04 gpu_mem cur=2979MiB peak=8611MiB
Epoch 1/3 step 87600/304976 (global step 87600/914928): losses={'lm loss': 1.6100258827209473} grad_norm=0.9608 lr=1.00e-04 gpu_mem cur=2979MiB peak=8611MiB
Epoch 1/3 step 87700/304976 (global step 87700/914928): losses={'lm loss': 1.513782024383545} grad_norm=0.9019 lr=1.00e-04 gpu_mem cur=2979MiB peak=8611MiB
Epoch 1/3 step 87800/304976 (global step 87800/914928): losses={'lm loss': 1.6327288150787354} grad_norm=0.9386 lr=1.00e-04 gpu_mem cur=2979MiB peak=8611MiB
Epoch 1/3 step 87900/304976 (global step 87900/914928): losses={'lm loss': 1.5932880640029907} grad_norm=0.9312 lr=1.00e-04 gpu_mem cur=2979MiB peak=8611MiB
Epoch 1/3 step 88000/304976 (global step 88000/914928): losses={'lm loss': 1.6556549072265625} grad_norm=0.9388 lr=1.00e-04 gpu_mem cur=2979MiB peak=8611MiB
Epoch 1/3 step 88100/304976 (global step 88100/914928): losses={'lm loss': 1.7144968509674072} grad_norm=0.9634 lr=1.00e-04 gpu_mem cur=2979MiB peak=8611MiB
Epoch 1/3 step 88200/304976 (global step 88200/914928): losses={'lm loss': 1.5541688203811646} grad_norm=0.9483 lr=1.00e-04 gpu_mem cur=2979MiB peak=8611MiB
Epoch 1/3 step 88300/304976 (global step 88300/914928): losses={'lm loss': 1.6930608749389648} grad_norm=0.9308 lr=1.00e-04 gpu_mem cur=2979MiB peak=8611MiB
Epoch 1/3 step 88400/304976 (global step 88400/914928): losses={'lm loss': 1.811434030532837} grad_norm=1.0000 [clipped raw=1.0] lr=1.00e-04 gpu_mem cur=2979MiB peak=8611MiB
Epoch 1/3 step 88500/304976 (global step 88500/914928): losses={'lm loss': 1.876582145690918} grad_norm=1.0000 [clipped raw=1.0] lr=1.00e-04 gpu_mem cur=2979MiB peak=8611MiB
Epoch 1/3 step 88600/304976 (global step 88600/914928): losses={'lm loss': 1.6654551029205322} grad_norm=0.9589 lr=1.00e-04 gpu_mem cur=2979MiB peak=8611MiB
Epoch 1/3 step 88700/304976 (global step 88700/914928): losses={'lm loss': 1.7576500177383423} grad_norm=0.9600 lr=1.00e-04 gpu_mem cur=2979MiB peak=8611MiB
Epoch 1/3 step 88800/304976 (global step 88800/914928): losses={'lm loss': 1.670069932937622} grad_norm=0.9561 lr=1.00e-04 gpu_mem cur=2979MiB peak=8611MiB
Epoch 1/3 step 88900/304976 (global step 88900/914928): losses={'lm loss': 1.5398224592208862} grad_norm=0.9504 lr=1.00e-04 gpu_mem cur=2979MiB peak=8611MiB
Epoch 1/3 step 89000/304976 (global step 89000/914928): losses={'lm loss': 1.7289750576019287} grad_norm=0.9701 lr=1.00e-04 gpu_mem cur=2979MiB peak=8611MiB
Epoch 1/3 step 89100/304976 (global step 89100/914928): losses={'lm loss': 1.5779190063476562} grad_norm=0.9159 lr=1.00e-04 gpu_mem cur=2979MiB peak=8611MiB
Epoch 1/3 step 89200/304976 (global step 89200/914928): losses={'lm loss': 1.5310472249984741} grad_norm=0.9334 lr=1.00e-04 gpu_mem cur=2979MiB peak=8611MiB
Epoch 1/3 step 89300/304976 (global step 89300/914928): losses={'lm loss': 1.5262324810028076} grad_norm=0.9019 lr=1.00e-04 gpu_mem cur=2979MiB peak=8611MiB
Epoch 1/3 step 89400/304976 (global step 89400/914928): losses={'lm loss': 1.5412793159484863} grad_norm=0.9061 lr=1.00e-04 gpu_mem cur=2979MiB peak=8611MiB
Epoch 1/3 step 89500/304976 (global step 89500/914928): losses={'lm loss': 1.7800188064575195} grad_norm=0.9670 lr=1.00e-04 gpu_mem cur=2979MiB peak=8611MiB
Epoch 1/3 step 89600/304976 (global step 89600/914928): losses={'lm loss': 1.7644429206848145} grad_norm=0.9729 lr=1.00e-04 gpu_mem cur=2979MiB peak=8611MiB
Epoch 1/3 step 89700/304976 (global step 89700/914928): losses={'lm loss': 1.6732261180877686} grad_norm=0.9374 lr=1.00e-04 gpu_mem cur=2979MiB peak=8611MiB
Epoch 1/3 step 89800/304976 (global step 89800/914928): losses={'lm loss': 1.6902559995651245} grad_norm=1.0000 [clipped raw=1.0] lr=1.00e-04 gpu_mem cur=2979MiB peak=8611MiB
Epoch 1/3 step 89900/304976 (global step 89900/914928): losses={'lm loss': 1.6590876579284668} grad_norm=0.9346 lr=1.00e-04 gpu_mem cur=2979MiB peak=8611MiB
Epoch 1/3 step 90000/304976 (global step 90000/914928): losses={'lm loss': 1.6108081340789795} grad_norm=0.9208 lr=1.00e-04 gpu_mem cur=2979MiB peak=8611MiB
Checkpoint saved to /home/lxk/PycharmProjects/My_megatron/examples/ckpt/step_90000
Removing old checkpoint: /home/lxk/PycharmProjects/My_megatron/examples/ckpt/step_75000
[eval] step_90000: eval_loss=1.6560
[sample 1 @ step_90000] ing by. They thought it was a sign. But the squirrel did not help them. The shadows grew long, and the chill of night set in. The friends sat in silence, feeling the chill of the empty space around them.

Days passed, and the girl began to care. She sang her sweet songs, bringing joy to the sad flower. Slowly, the flower began to bloom again. It became a symbol of hope and kindness. The friends learned that even in
[sample 2 @ step_90000]  set out, thinking today would be an adventure of a lifetime.

The path was slippery and muddy from the rain. "I'm like a walking leaf!" the leader said, trying to keep the spirits high. But the path was not easy. "I can't see this!" someone complained. The leader laughed, "It's a good journey!" They took turns, fueled by honesty and trust. Every step brought them
[mem] gpu_mem cur=2979MiB peak=8611MiB
Epoch 1/3 step 90100/304976 (global step 90100/914928): losses={'lm loss': 1.7650768756866455} grad_norm=0.9704 lr=1.00e-04 gpu_mem cur=2979MiB peak=8611MiB
Epoch 1/3 step 90200/304976 (global step 90200/914928): losses={'lm loss': 1.702387809753418} grad_norm=0.9462 lr=1.00e-04 gpu_mem cur=2979MiB peak=8611MiB
Epoch 1/3 step 90300/304976 (global step 90300/914928): losses={'lm loss': 1.606328010559082} grad_norm=0.9101 lr=1.00e-04 gpu_mem cur=2979MiB peak=8611MiB
Epoch 1/3 step 90400/304976 (global step 90400/914928): losses={'lm loss': 1.596388339996338} grad_norm=0.9618 lr=1.00e-04 gpu_mem cur=2979MiB peak=8611MiB
Epoch 1/3 step 90500/304976 (global step 90500/914928): losses={'lm loss': 1.7169873714447021} grad_norm=0.9908 lr=1.00e-04 gpu_mem cur=2979MiB peak=8611MiB
Epoch 1/3 step 90600/304976 (global step 90600/914928): losses={'lm loss': 1.700508952140808} grad_norm=0.9287 lr=1.00e-04 gpu_mem cur=2979MiB peak=8611MiB
Epoch 1/3 step 90700/304976 (global step 90700/914928): losses={'lm loss': 1.6381449699401855} grad_norm=0.9393 lr=1.00e-04 gpu_mem cur=2979MiB peak=8611MiB
Epoch 1/3 step 90800/304976 (global step 90800/914928): losses={'lm loss': 1.6348490715026855} grad_norm=0.9247 lr=1.00e-04 gpu_mem cur=2979MiB peak=8611MiB
Epoch 1/3 step 90900/304976 (global step 90900/914928): losses={'lm loss': 1.7375996112823486} grad_norm=0.9614 lr=1.00e-04 gpu_mem cur=2979MiB peak=8611MiB
Epoch 1/3 step 91000/304976 (global step 91000/914928): losses={'lm loss': 1.6269402503967285} grad_norm=0.9442 lr=1.00e-04 gpu_mem cur=2979MiB peak=8611MiB
Epoch 1/3 step 91100/304976 (global step 91100/914928): losses={'lm loss': 1.7883270978927612} grad_norm=0.9776 lr=1.00e-04 gpu_mem cur=2979MiB peak=8611MiB
Epoch 1/3 step 91200/304976 (global step 91200/914928): losses={'lm loss': 1.7310199737548828} grad_norm=0.9649 lr=1.00e-04 gpu_mem cur=2979MiB peak=8611MiB
Epoch 1/3 step 91300/304976 (global step 91300/914928): losses={'lm loss': 1.5980714559555054} grad_norm=0.9120 lr=1.00e-04 gpu_mem cur=2979MiB peak=8611MiB
Epoch 1/3 step 91400/304976 (global step 91400/914928): losses={'lm loss': 1.724583625793457} grad_norm=0.9505 lr=1.00e-04 gpu_mem cur=2979MiB peak=8611MiB
Epoch 1/3 step 91500/304976 (global step 91500/914928): losses={'lm loss': 1.7483487129211426} grad_norm=0.9492 lr=1.00e-04 gpu_mem cur=2979MiB peak=8611MiB
Epoch 1/3 step 91600/304976 (global step 91600/914928): losses={'lm loss': 1.6699427366256714} grad_norm=0.9250 lr=1.00e-04 gpu_mem cur=2979MiB peak=8611MiB
Epoch 1/3 step 91700/304976 (global step 91700/914928): losses={'lm loss': 1.6629561185836792} grad_norm=0.9368 lr=1.00e-04 gpu_mem cur=2979MiB peak=8611MiB
Epoch 1/3 step 91800/304976 (global step 91800/914928): losses={'lm loss': 1.6823363304138184} grad_norm=0.9780 lr=1.00e-04 gpu_mem cur=2979MiB peak=8611MiB
Epoch 1/3 step 91900/304976 (global step 91900/914928): losses={'lm loss': 1.6463783979415894} grad_norm=0.9205 lr=1.00e-04 gpu_mem cur=2979MiB peak=8611MiB
Epoch 1/3 step 92000/304976 (global step 92000/914928): losses={'lm loss': 1.687687873840332} grad_norm=0.9446 lr=1.00e-04 gpu_mem cur=2979MiB peak=8611MiB
Epoch 1/3 step 92100/304976 (global step 92100/914928): losses={'lm loss': 1.6498019695281982} grad_norm=0.9203 lr=1.00e-04 gpu_mem cur=2979MiB peak=8611MiB
Epoch 1/3 step 92200/304976 (global step 92200/914928): losses={'lm loss': 1.640326738357544} grad_norm=0.9327 lr=1.00e-04 gpu_mem cur=2979MiB peak=8611MiB
Epoch 1/3 step 92300/304976 (global step 92300/914928): losses={'lm loss': 1.5767602920532227} grad_norm=0.9353 lr=1.00e-04 gpu_mem cur=2979MiB peak=8611MiB
Epoch 1/3 step 92400/304976 (global step 92400/914928): losses={'lm loss': 1.658789873123169} grad_norm=0.9219 lr=1.00e-04 gpu_mem cur=2979MiB peak=8611MiB
Epoch 1/3 step 92500/304976 (global step 92500/914928): losses={'lm loss': 1.6336712837219238} grad_norm=0.9048 lr=1.00e-04 gpu_mem cur=2979MiB peak=8611MiB
Epoch 1/3 step 92600/304976 (global step 92600/914928): losses={'lm loss': 1.7290267944335938} grad_norm=0.9880 lr=1.00e-04 gpu_mem cur=2979MiB peak=8611MiB
Epoch 1/3 step 92700/304976 (global step 92700/914928): losses={'lm loss': 1.7571473121643066} grad_norm=0.9788 lr=1.00e-04 gpu_mem cur=2979MiB peak=8611MiB
Epoch 1/3 step 92800/304976 (global step 92800/914928): losses={'lm loss': 1.6465823650360107} grad_norm=0.9147 lr=1.00e-04 gpu_mem cur=2979MiB peak=8611MiB
Epoch 1/3 step 92900/304976 (global step 92900/914928): losses={'lm loss': 1.7770838737487793} grad_norm=0.9462 lr=1.00e-04 gpu_mem cur=2979MiB peak=8611MiB
Epoch 1/3 step 93000/304976 (global step 93000/914928): losses={'lm loss': 1.795414686203003} grad_norm=0.9945 lr=1.00e-04 gpu_mem cur=2979MiB peak=8611MiB
Epoch 1/3 step 93100/304976 (global step 93100/914928): losses={'lm loss': 1.7508800029754639} grad_norm=0.9272 lr=1.00e-04 gpu_mem cur=2979MiB peak=8611MiB
Epoch 1/3 step 93200/304976 (global step 93200/914928): losses={'lm loss': 1.689985752105713} grad_norm=0.9495 lr=1.00e-04 gpu_mem cur=2979MiB peak=8611MiB
Epoch 1/3 step 93300/304976 (global step 93300/914928): losses={'lm loss': 1.5046964883804321} grad_norm=0.8650 lr=1.00e-04 gpu_mem cur=2979MiB peak=8611MiB
Epoch 1/3 step 93400/304976 (global step 93400/914928): losses={'lm loss': 1.6019952297210693} grad_norm=0.9460 lr=1.00e-04 gpu_mem cur=2979MiB peak=8611MiB
Epoch 1/3 step 93500/304976 (global step 93500/914928): losses={'lm loss': 1.7363512516021729} grad_norm=1.0000 [clipped raw=1.0] lr=1.00e-04 gpu_mem cur=2979MiB peak=8611MiB
Epoch 1/3 step 93600/304976 (global step 93600/914928): losses={'lm loss': 1.7793831825256348} grad_norm=0.9865 lr=1.00e-04 gpu_mem cur=2979MiB peak=8611MiB
Epoch 1/3 step 93700/304976 (global step 93700/914928): losses={'lm loss': 1.532487392425537} grad_norm=0.9266 lr=1.00e-04 gpu_mem cur=2979MiB peak=8611MiB
Epoch 1/3 step 93800/304976 (global step 93800/914928): losses={'lm loss': 1.7030367851257324} grad_norm=0.9510 lr=1.00e-04 gpu_mem cur=2979MiB peak=8611MiB
Epoch 1/3 step 93900/304976 (global step 93900/914928): losses={'lm loss': 1.5624942779541016} grad_norm=0.8966 lr=1.00e-04 gpu_mem cur=2979MiB peak=8611MiB
Epoch 1/3 step 94000/304976 (global step 94000/914928): losses={'lm loss': 1.5997393131256104} grad_norm=0.9329 lr=1.00e-04 gpu_mem cur=2979MiB peak=8611MiB
Epoch 1/3 step 94100/304976 (global step 94100/914928): losses={'lm loss': 1.874416470527649} grad_norm=0.9805 lr=1.00e-04 gpu_mem cur=2979MiB peak=8611MiB
Epoch 1/3 step 94200/304976 (global step 94200/914928): losses={'lm loss': 1.785477876663208} grad_norm=0.9508 lr=1.00e-04 gpu_mem cur=2979MiB peak=8611MiB
Epoch 1/3 step 94300/304976 (global step 94300/914928): losses={'lm loss': 1.7570363283157349} grad_norm=1.0000 [clipped raw=1.1] lr=1.00e-04 gpu_mem cur=2979MiB peak=8611MiB
Epoch 1/3 step 94400/304976 (global step 94400/914928): losses={'lm loss': 1.6636362075805664} grad_norm=0.9463 lr=1.00e-04 gpu_mem cur=2979MiB peak=8611MiB
Epoch 1/3 step 94500/304976 (global step 94500/914928): losses={'lm loss': 1.697476863861084} grad_norm=0.9272 lr=1.00e-04 gpu_mem cur=2979MiB peak=8611MiB
Epoch 1/3 step 94600/304976 (global step 94600/914928): losses={'lm loss': 1.6462374925613403} grad_norm=0.9539 lr=1.00e-04 gpu_mem cur=2979MiB peak=8611MiB
Epoch 1/3 step 94700/304976 (global step 94700/914928): losses={'lm loss': 1.6961907148361206} grad_norm=0.9253 lr=1.00e-04 gpu_mem cur=2979MiB peak=8611MiB
Epoch 1/3 step 94800/304976 (global step 94800/914928): losses={'lm loss': 1.6195769309997559} grad_norm=0.9240 lr=1.00e-04 gpu_mem cur=2979MiB peak=8611MiB
Epoch 1/3 step 94900/304976 (global step 94900/914928): losses={'lm loss': 1.722257137298584} grad_norm=0.9770 lr=1.00e-04 gpu_mem cur=2979MiB peak=8611MiB
Epoch 1/3 step 95000/304976 (global step 95000/914928): losses={'lm loss': 1.7227683067321777} grad_norm=0.9111 lr=1.00e-04 gpu_mem cur=2979MiB peak=8611MiB
Checkpoint saved to /home/lxk/PycharmProjects/My_megatron/examples/ckpt/step_95000
Removing old checkpoint: /home/lxk/PycharmProjects/My_megatron/examples/ckpt/step_80000
[eval] step_95000: eval_loss=1.6448
[sample 1 @ step_95000] ing by. They thought it was a sign. But the squirrel did not help them. The shadows grew long, and the chill of night set in. The wolf and deer crept closer, ready to face what lay ahead. They knew they must stay calm and listen.

Suddenly, the ground shook, and the shadows crept closer. They remembered the warning from their own life. The shadows grew long and dark, and the air felt thick. They could hear the sound of
[sample 2 @ step_95000]  set out, thinking today would be an adventure of a lifetime.

The path was slippery and muddy from the rain. After some time, Mia saw a small cave. Curious, she walked inside. The air was fresh, and the walls sparkled with tiny stones. She felt a sense of wonder wash over her. While exploring, she noticed a small boy sitting on the ground, drawing the stones with bright colors.

Mia approached him
[mem] gpu_mem cur=2979MiB peak=8611MiB
Epoch 1/3 step 95100/304976 (global step 95100/914928): losses={'lm loss': 1.7361996173858643} grad_norm=0.9165 lr=1.00e-04 gpu_mem cur=2979MiB peak=8611MiB
Epoch 1/3 step 95200/304976 (global step 95200/914928): losses={'lm loss': 1.834218978881836} grad_norm=0.9900 lr=1.00e-04 gpu_mem cur=2979MiB peak=8611MiB
Epoch 1/3 step 95300/304976 (global step 95300/914928): losses={'lm loss': 1.463219165802002} grad_norm=0.8860 lr=1.00e-04 gpu_mem cur=2979MiB peak=8611MiB
Epoch 1/3 step 95400/304976 (global step 95400/914928): losses={'lm loss': 1.7056994438171387} grad_norm=0.9514 lr=1.00e-04 gpu_mem cur=2979MiB peak=8611MiB
Epoch 1/3 step 95500/304976 (global step 95500/914928): losses={'lm loss': 1.584605097770691} grad_norm=0.8889 lr=1.00e-04 gpu_mem cur=2979MiB peak=8611MiB
Epoch 1/3 step 95600/304976 (global step 95600/914928): losses={'lm loss': 1.5775432586669922} grad_norm=0.8998 lr=1.00e-04 gpu_mem cur=2979MiB peak=8611MiB
Epoch 1/3 step 95700/304976 (global step 95700/914928): losses={'lm loss': 1.7098934650421143} grad_norm=0.9591 lr=1.00e-04 gpu_mem cur=2979MiB peak=8611MiB
Epoch 1/3 step 95800/304976 (global step 95800/914928): losses={'lm loss': 1.565872311592102} grad_norm=0.9225 lr=1.00e-04 gpu_mem cur=2979MiB peak=8611MiB
Epoch 1/3 step 95900/304976 (global step 95900/914928): losses={'lm loss': 1.6684446334838867} grad_norm=0.9523 lr=1.00e-04 gpu_mem cur=2979MiB peak=8611MiB
Epoch 1/3 step 96000/304976 (global step 96000/914928): losses={'lm loss': 1.8374325037002563} grad_norm=0.9847 lr=1.00e-04 gpu_mem cur=2979MiB peak=8611MiB
Epoch 1/3 step 96100/304976 (global step 96100/914928): losses={'lm loss': 1.6584548950195312} grad_norm=0.9401 lr=1.00e-04 gpu_mem cur=2979MiB peak=8611MiB
Epoch 1/3 step 96200/304976 (global step 96200/914928): losses={'lm loss': 1.7010953426361084} grad_norm=0.9305 lr=1.00e-04 gpu_mem cur=2979MiB peak=8611MiB
Epoch 1/3 step 96300/304976 (global step 96300/914928): losses={'lm loss': 1.6404383182525635} grad_norm=0.9462 lr=1.00e-04 gpu_mem cur=2979MiB peak=8611MiB
Epoch 1/3 step 96400/304976 (global step 96400/914928): losses={'lm loss': 1.5999245643615723} grad_norm=0.9070 lr=1.00e-04 gpu_mem cur=2979MiB peak=8611MiB
Epoch 1/3 step 96500/304976 (global step 96500/914928): losses={'lm loss': 1.5668559074401855} grad_norm=0.9218 lr=1.00e-04 gpu_mem cur=2979MiB peak=8611MiB
Epoch 1/3 step 96600/304976 (global step 96600/914928): losses={'lm loss': 1.6687419414520264} grad_norm=0.9350 lr=1.00e-04 gpu_mem cur=2979MiB peak=8611MiB
Epoch 1/3 step 96700/304976 (global step 96700/914928): losses={'lm loss': 1.6158924102783203} grad_norm=0.9305 lr=1.00e-04 gpu_mem cur=2979MiB peak=8611MiB
Epoch 1/3 step 96800/304976 (global step 96800/914928): losses={'lm loss': 1.7504968643188477} grad_norm=0.9631 lr=1.00e-04 gpu_mem cur=2979MiB peak=8611MiB
Epoch 1/3 step 96900/304976 (global step 96900/914928): losses={'lm loss': 1.904960036277771} grad_norm=0.9925 lr=1.00e-04 gpu_mem cur=2979MiB peak=8611MiB
Epoch 1/3 step 97000/304976 (global step 97000/914928): losses={'lm loss': 1.510213017463684} grad_norm=0.8960 lr=1.00e-04 gpu_mem cur=2979MiB peak=8611MiB
Epoch 1/3 step 97100/304976 (global step 97100/914928): losses={'lm loss': 1.6923826932907104} grad_norm=0.9084 lr=1.00e-04 gpu_mem cur=2979MiB peak=8611MiB
Epoch 1/3 step 97200/304976 (global step 97200/914928): losses={'lm loss': 1.6602449417114258} grad_norm=0.9575 lr=1.00e-04 gpu_mem cur=2979MiB peak=8611MiB
Epoch 1/3 step 97300/304976 (global step 97300/914928): losses={'lm loss': 1.6131455898284912} grad_norm=0.9000 lr=1.00e-04 gpu_mem cur=2979MiB peak=8611MiB
Epoch 1/3 step 97400/304976 (global step 97400/914928): losses={'lm loss': 1.6051583290100098} grad_norm=0.9759 lr=1.00e-04 gpu_mem cur=2979MiB peak=8611MiB
Epoch 1/3 step 97500/304976 (global step 97500/914928): losses={'lm loss': 1.6768150329589844} grad_norm=0.9188 lr=1.00e-04 gpu_mem cur=2979MiB peak=8611MiB
Epoch 1/3 step 97600/304976 (global step 97600/914928): losses={'lm loss': 1.8093297481536865} grad_norm=0.9276 lr=1.00e-04 gpu_mem cur=2979MiB peak=8611MiB
Epoch 1/3 step 97700/304976 (global step 97700/914928): losses={'lm loss': 1.79915189743042} grad_norm=0.9765 lr=1.00e-04 gpu_mem cur=2979MiB peak=8611MiB
Epoch 1/3 step 97800/304976 (global step 97800/914928): losses={'lm loss': 1.5678406953811646} grad_norm=0.9003 lr=1.00e-04 gpu_mem cur=2979MiB peak=8611MiB
Epoch 1/3 step 97900/304976 (global step 97900/914928): losses={'lm loss': 1.6275280714035034} grad_norm=0.9187 lr=1.00e-04 gpu_mem cur=2979MiB peak=8611MiB
Epoch 1/3 step 98000/304976 (global step 98000/914928): losses={'lm loss': 1.6913869380950928} grad_norm=0.9530 lr=1.00e-04 gpu_mem cur=2979MiB peak=8611MiB
Epoch 1/3 step 98100/304976 (global step 98100/914928): losses={'lm loss': 1.7434453964233398} grad_norm=0.9102 lr=1.00e-04 gpu_mem cur=2979MiB peak=8611MiB
Epoch 1/3 step 98200/304976 (global step 98200/914928): losses={'lm loss': 1.6477248668670654} grad_norm=0.9192 lr=1.00e-04 gpu_mem cur=2979MiB peak=8611MiB
Epoch 1/3 step 98300/304976 (global step 98300/914928): losses={'lm loss': 1.861558437347412} grad_norm=0.9875 lr=1.00e-04 gpu_mem cur=2979MiB peak=8611MiB
Epoch 1/3 step 98400/304976 (global step 98400/914928): losses={'lm loss': 1.6304280757904053} grad_norm=0.8945 lr=1.00e-04 gpu_mem cur=2979MiB peak=8611MiB
Epoch 1/3 step 98500/304976 (global step 98500/914928): losses={'lm loss': 1.8044430017471313} grad_norm=0.9631 lr=1.00e-04 gpu_mem cur=2979MiB peak=8611MiB
Epoch 1/3 step 98600/304976 (global step 98600/914928): losses={'lm loss': 1.762091875076294} grad_norm=0.9500 lr=1.00e-04 gpu_mem cur=2979MiB peak=8611MiB
Epoch 1/3 step 98700/304976 (global step 98700/914928): losses={'lm loss': 1.713165521621704} grad_norm=0.9138 lr=1.00e-04 gpu_mem cur=2979MiB peak=8611MiB
Epoch 1/3 step 98800/304976 (global step 98800/914928): losses={'lm loss': 1.6934940814971924} grad_norm=0.9913 lr=1.00e-04 gpu_mem cur=2979MiB peak=8611MiB
Epoch 1/3 step 98900/304976 (global step 98900/914928): losses={'lm loss': 1.607155680656433} grad_norm=0.9389 lr=1.00e-04 gpu_mem cur=2979MiB peak=8611MiB
Epoch 1/3 step 99000/304976 (global step 99000/914928): losses={'lm loss': 1.7389236688613892} grad_norm=0.9495 lr=1.00e-04 gpu_mem cur=2979MiB peak=8611MiB
Epoch 1/3 step 99100/304976 (global step 99100/914928): losses={'lm loss': 1.701918601989746} grad_norm=0.9231 lr=1.00e-04 gpu_mem cur=2979MiB peak=8611MiB
Epoch 1/3 step 99200/304976 (global step 99200/914928): losses={'lm loss': 1.6287684440612793} grad_norm=0.9476 lr=1.00e-04 gpu_mem cur=2979MiB peak=8611MiB
Epoch 1/3 step 99300/304976 (global step 99300/914928): losses={'lm loss': 1.570253849029541} grad_norm=0.9253 lr=1.00e-04 gpu_mem cur=2979MiB peak=8611MiB
Epoch 1/3 step 99400/304976 (global step 99400/914928): losses={'lm loss': 1.7202651500701904} grad_norm=0.9535 lr=1.00e-04 gpu_mem cur=2979MiB peak=8611MiB
Epoch 1/3 step 99500/304976 (global step 99500/914928): losses={'lm loss': 1.570806860923767} grad_norm=0.8906 lr=1.00e-04 gpu_mem cur=2979MiB peak=8611MiB
Epoch 1/3 step 99600/304976 (global step 99600/914928): losses={'lm loss': 1.7379783391952515} grad_norm=0.9586 lr=1.00e-04 gpu_mem cur=2979MiB peak=8611MiB
Epoch 1/3 step 99700/304976 (global step 99700/914928): losses={'lm loss': 1.482295036315918} grad_norm=0.8687 lr=1.00e-04 gpu_mem cur=2979MiB peak=8611MiB
Epoch 1/3 step 99800/304976 (global step 99800/914928): losses={'lm loss': 1.5837194919586182} grad_norm=0.9185 lr=1.00e-04 gpu_mem cur=2979MiB peak=8611MiB
Epoch 1/3 step 99900/304976 (global step 99900/914928): losses={'lm loss': 1.6420753002166748} grad_norm=0.9360 lr=1.00e-04 gpu_mem cur=2979MiB peak=8611MiB
Epoch 1/3 step 100000/304976 (global step 100000/914928): losses={'lm loss': 1.606730341911316} grad_norm=0.9302 lr=1.00e-04 gpu_mem cur=2979MiB peak=8611MiB
Checkpoint saved to /home/lxk/PycharmProjects/My_megatron/examples/ckpt/step_100000
Removing old checkpoint: /home/lxk/PycharmProjects/My_megatron/examples/ckpt/step_85000
[eval] step_100000: eval_loss=1.6351
[sample 1 @ step_100000] ing by. They thought it was a sign. But the squirrel did not help them. The shadows grew long, and the chill of night set in. The owl's voice echoed in the silence. It spoke of a member, a friend who had vanished long ago. The star, the one who had always been a friend, had vanished in the dark.

Days turned into nights as the owl searched each corner. Each night, it listened to the whispers of the wind
[sample 2 @ step_100000]  set out, thinking today would be an adventure of a lifetime.

The path was slippery and muddy from the rain. Still, he kept moving, remembering all the stories his grandfather told him. With every step, he felt the strength of his family's words pushing him forward. The rain began to slow, as if the world was watching him. He was determined to find the treasure before the rain returned.

Suddenly, a
[mem] gpu_mem cur=2979MiB peak=8611MiB
Epoch 1/3 step 100100/304976 (global step 100100/914928): losses={'lm loss': 1.4932963848114014} grad_norm=0.8755 lr=1.00e-04 gpu_mem cur=2979MiB peak=8611MiB
Epoch 1/3 step 100200/304976 (global step 100200/914928): losses={'lm loss': 1.7568756341934204} grad_norm=0.9571 lr=1.00e-04 gpu_mem cur=2979MiB peak=8611MiB
Epoch 1/3 step 100300/304976 (global step 100300/914928): losses={'lm loss': 1.7823206186294556} grad_norm=0.9394 lr=1.00e-04 gpu_mem cur=2979MiB peak=8611MiB
Epoch 1/3 step 100400/304976 (global step 100400/914928): losses={'lm loss': 1.67698335647583} grad_norm=0.9660 lr=1.00e-04 gpu_mem cur=2979MiB peak=8611MiB
Epoch 1/3 step 100500/304976 (global step 100500/914928): losses={'lm loss': 1.6499757766723633} grad_norm=0.9632 lr=1.00e-04 gpu_mem cur=2979MiB peak=8611MiB
Epoch 1/3 step 100600/304976 (global step 100600/914928): losses={'lm loss': 1.6315104961395264} grad_norm=0.8986 lr=1.00e-04 gpu_mem cur=2979MiB peak=8611MiB
Epoch 1/3 step 100700/304976 (global step 100700/914928): losses={'lm loss': 1.6216977834701538} grad_norm=0.9290 lr=1.00e-04 gpu_mem cur=2979MiB peak=8611MiB
Epoch 1/3 step 100800/304976 (global step 100800/914928): losses={'lm loss': 1.7051069736480713} grad_norm=0.9389 lr=1.00e-04 gpu_mem cur=2979MiB peak=8611MiB
Epoch 1/3 step 100900/304976 (global step 100900/914928): losses={'lm loss': 1.5356478691101074} grad_norm=0.9106 lr=1.00e-04 gpu_mem cur=2979MiB peak=8611MiB
Epoch 1/3 step 101000/304976 (global step 101000/914928): losses={'lm loss': 1.5700093507766724} grad_norm=0.9361 lr=1.00e-04 gpu_mem cur=2979MiB peak=8611MiB
Epoch 1/3 step 101100/304976 (global step 101100/914928): losses={'lm loss': 1.7692296504974365} grad_norm=0.9581 lr=1.00e-04 gpu_mem cur=2979MiB peak=8611MiB
Epoch 1/3 step 101200/304976 (global step 101200/914928): losses={'lm loss': 1.6827296018600464} grad_norm=0.9191 lr=1.00e-04 gpu_mem cur=2979MiB peak=8611MiB
Epoch 1/3 step 101300/304976 (global step 101300/914928): losses={'lm loss': 1.4563474655151367} grad_norm=0.8452 lr=1.00e-04 gpu_mem cur=2979MiB peak=8611MiB
Epoch 1/3 step 101400/304976 (global step 101400/914928): losses={'lm loss': 1.651934027671814} grad_norm=0.8955 lr=1.00e-04 gpu_mem cur=2979MiB peak=8611MiB
Epoch 1/3 step 101500/304976 (global step 101500/914928): losses={'lm loss': 1.5441120862960815} grad_norm=0.9355 lr=1.00e-04 gpu_mem cur=2979MiB peak=8611MiB
Epoch 1/3 step 101600/304976 (global step 101600/914928): losses={'lm loss': 1.7825934886932373} grad_norm=0.9310 lr=1.00e-04 gpu_mem cur=2979MiB peak=8611MiB
Epoch 1/3 step 101700/304976 (global step 101700/914928): losses={'lm loss': 1.8073170185089111} grad_norm=0.9191 lr=1.00e-04 gpu_mem cur=2979MiB peak=8611MiB
Epoch 1/3 step 101800/304976 (global step 101800/914928): losses={'lm loss': 1.6456773281097412} grad_norm=0.9655 lr=1.00e-04 gpu_mem cur=2979MiB peak=8611MiB
Epoch 1/3 step 101900/304976 (global step 101900/914928): losses={'lm loss': 1.6304528713226318} grad_norm=0.9333 lr=1.00e-04 gpu_mem cur=2979MiB peak=8611MiB
Epoch 1/3 step 102000/304976 (global step 102000/914928): losses={'lm loss': 1.7171694040298462} grad_norm=0.8916 lr=1.00e-04 gpu_mem cur=2979MiB peak=8611MiB
Epoch 1/3 step 102100/304976 (global step 102100/914928): losses={'lm loss': 1.6169791221618652} grad_norm=0.9291 lr=1.00e-04 gpu_mem cur=2979MiB peak=8611MiB
Epoch 1/3 step 102200/304976 (global step 102200/914928): losses={'lm loss': 1.8921027183532715} grad_norm=0.9616 lr=1.00e-04 gpu_mem cur=2979MiB peak=8611MiB
Epoch 1/3 step 102300/304976 (global step 102300/914928): losses={'lm loss': 1.5255722999572754} grad_norm=0.8766 lr=1.00e-04 gpu_mem cur=2979MiB peak=8611MiB
Epoch 1/3 step 102400/304976 (global step 102400/914928): losses={'lm loss': 1.671979308128357} grad_norm=0.9119 lr=1.00e-04 gpu_mem cur=2979MiB peak=8611MiB
Epoch 1/3 step 102500/304976 (global step 102500/914928): losses={'lm loss': 1.6430635452270508} grad_norm=0.9439 lr=1.00e-04 gpu_mem cur=2979MiB peak=8611MiB
Epoch 1/3 step 102600/304976 (global step 102600/914928): losses={'lm loss': 1.6256647109985352} grad_norm=0.9012 lr=1.00e-04 gpu_mem cur=2979MiB peak=8611MiB
Epoch 1/3 step 102700/304976 (global step 102700/914928): losses={'lm loss': 1.5797518491744995} grad_norm=0.8973 lr=1.00e-04 gpu_mem cur=2979MiB peak=8611MiB
Epoch 1/3 step 102800/304976 (global step 102800/914928): losses={'lm loss': 1.6972733736038208} grad_norm=0.9433 lr=1.00e-04 gpu_mem cur=2979MiB peak=8611MiB
Epoch 1/3 step 102900/304976 (global step 102900/914928): losses={'lm loss': 1.4568259716033936} grad_norm=0.8647 lr=1.00e-04 gpu_mem cur=2979MiB peak=8611MiB
Epoch 1/3 step 103000/304976 (global step 103000/914928): losses={'lm loss': 1.5523769855499268} grad_norm=0.8759 lr=1.00e-04 gpu_mem cur=2979MiB peak=8611MiB
Epoch 1/3 step 103100/304976 (global step 103100/914928): losses={'lm loss': 1.818016767501831} grad_norm=0.9404 lr=1.00e-04 gpu_mem cur=2979MiB peak=8611MiB
Epoch 1/3 step 103200/304976 (global step 103200/914928): losses={'lm loss': 1.6356431245803833} grad_norm=0.8894 lr=1.00e-04 gpu_mem cur=2979MiB peak=8611MiB
Epoch 1/3 step 103300/304976 (global step 103300/914928): losses={'lm loss': 1.5323013067245483} grad_norm=0.8726 lr=1.00e-04 gpu_mem cur=2979MiB peak=8611MiB
Epoch 1/3 step 103400/304976 (global step 103400/914928): losses={'lm loss': 1.7759429216384888} grad_norm=0.9445 lr=1.00e-04 gpu_mem cur=2979MiB peak=8611MiB
Epoch 1/3 step 103500/304976 (global step 103500/914928): losses={'lm loss': 1.7800538539886475} grad_norm=0.9310 lr=1.00e-04 gpu_mem cur=2979MiB peak=8611MiB
Epoch 1/3 step 103600/304976 (global step 103600/914928): losses={'lm loss': 1.5632002353668213} grad_norm=0.8916 lr=1.00e-04 gpu_mem cur=2979MiB peak=8611MiB
Epoch 1/3 step 103700/304976 (global step 103700/914928): losses={'lm loss': 1.7237529754638672} grad_norm=0.9419 lr=1.00e-04 gpu_mem cur=2979MiB peak=8611MiB
Epoch 1/3 step 103800/304976 (global step 103800/914928): losses={'lm loss': 1.5807418823242188} grad_norm=0.8792 lr=1.00e-04 gpu_mem cur=2979MiB peak=8611MiB
Epoch 1/3 step 103900/304976 (global step 103900/914928): losses={'lm loss': 1.7142338752746582} grad_norm=0.9026 lr=1.00e-04 gpu_mem cur=2979MiB peak=8611MiB
Epoch 1/3 step 104000/304976 (global step 104000/914928): losses={'lm loss': 1.6207923889160156} grad_norm=0.8953 lr=1.00e-04 gpu_mem cur=2979MiB peak=8611MiB
Epoch 1/3 step 104100/304976 (global step 104100/914928): losses={'lm loss': 1.5692577362060547} grad_norm=0.8743 lr=1.00e-04 gpu_mem cur=2979MiB peak=8611MiB
Epoch 1/3 step 104200/304976 (global step 104200/914928): losses={'lm loss': 1.6680381298065186} grad_norm=0.9780 lr=1.00e-04 gpu_mem cur=2979MiB peak=8611MiB
Epoch 1/3 step 104300/304976 (global step 104300/914928): losses={'lm loss': 1.7222354412078857} grad_norm=0.9277 lr=1.00e-04 gpu_mem cur=2979MiB peak=8611MiB
Epoch 1/3 step 104400/304976 (global step 104400/914928): losses={'lm loss': 1.6667454242706299} grad_norm=0.9403 lr=1.00e-04 gpu_mem cur=2979MiB peak=8611MiB
Epoch 1/3 step 104500/304976 (global step 104500/914928): losses={'lm loss': 1.6460998058319092} grad_norm=0.9110 lr=1.00e-04 gpu_mem cur=2979MiB peak=8611MiB
Epoch 1/3 step 104600/304976 (global step 104600/914928): losses={'lm loss': 1.7863774299621582} grad_norm=0.9477 lr=1.00e-04 gpu_mem cur=2979MiB peak=8611MiB
Epoch 1/3 step 104700/304976 (global step 104700/914928): losses={'lm loss': 1.5101063251495361} grad_norm=0.9081 lr=1.00e-04 gpu_mem cur=2979MiB peak=8611MiB
Epoch 1/3 step 104800/304976 (global step 104800/914928): losses={'lm loss': 1.6731748580932617} grad_norm=0.9085 lr=1.00e-04 gpu_mem cur=2979MiB peak=8611MiB
Epoch 1/3 step 104900/304976 (global step 104900/914928): losses={'lm loss': 1.7103779315948486} grad_norm=0.9337 lr=1.00e-04 gpu_mem cur=2979MiB peak=8611MiB
Epoch 1/3 step 105000/304976 (global step 105000/914928): losses={'lm loss': 1.5934712886810303} grad_norm=0.8788 lr=1.00e-04 gpu_mem cur=2979MiB peak=8611MiB
Checkpoint saved to /home/lxk/PycharmProjects/My_megatron/examples/ckpt/step_105000
Removing old checkpoint: /home/lxk/PycharmProjects/My_megatron/examples/ckpt/step_90000
[eval] step_105000: eval_loss=1.6268
[sample 1 @ step_105000] ing by. They thought it was a sign. But the squirrel did not help them. The shadows grew long, and the chill of night set in. The siblings felt the weight of their failure. The owl had given them a gift, but the fear filled their hearts.

Suddenly, a figure appeared in the moonlight. It was a spirit, shimmering with light. The spirit took the shape of the owl and flew high. He asked them to work together, but the
[sample 2 @ step_105000]  set out, thinking today would be an adventure of a lifetime.

The path was slippery and muddy from the rain. As they walked, they saw a group of kids playing near a pond. They looked lost and sad. "We can help!" one child shouted. Together, they kicked a big stone, and it rolled away. The kids cheered as the stone helped them find their way home. 

When they reached their cozy home
[mem] gpu_mem cur=2979MiB peak=8611MiB
Epoch 1/3 step 105100/304976 (global step 105100/914928): losses={'lm loss': 1.7414579391479492} grad_norm=0.9226 lr=1.00e-04 gpu_mem cur=2979MiB peak=8611MiB
Epoch 1/3 step 105200/304976 (global step 105200/914928): losses={'lm loss': 1.6318169832229614} grad_norm=0.9292 lr=1.00e-04 gpu_mem cur=2979MiB peak=8611MiB
Epoch 1/3 step 105300/304976 (global step 105300/914928): losses={'lm loss': 1.6098172664642334} grad_norm=0.8725 lr=1.00e-04 gpu_mem cur=2979MiB peak=8611MiB
Epoch 1/3 step 105400/304976 (global step 105400/914928): losses={'lm loss': 1.5110371112823486} grad_norm=0.8761 lr=1.00e-04 gpu_mem cur=2979MiB peak=8611MiB
Epoch 1/3 step 105500/304976 (global step 105500/914928): losses={'lm loss': 1.6857831478118896} grad_norm=0.9408 lr=1.00e-04 gpu_mem cur=2979MiB peak=8611MiB
Epoch 1/3 step 105600/304976 (global step 105600/914928): losses={'lm loss': 1.7103840112686157} grad_norm=0.9027 lr=1.00e-04 gpu_mem cur=2979MiB peak=8611MiB
Epoch 1/3 step 105700/304976 (global step 105700/914928): losses={'lm loss': 1.7542364597320557} grad_norm=0.9535 lr=1.00e-04 gpu_mem cur=2979MiB peak=8611MiB
Epoch 1/3 step 105800/304976 (global step 105800/914928): losses={'lm loss': 1.637632966041565} grad_norm=0.9366 lr=1.00e-04 gpu_mem cur=2979MiB peak=8611MiB
Epoch 1/3 step 105900/304976 (global step 105900/914928): losses={'lm loss': 1.6937938928604126} grad_norm=0.9289 lr=1.00e-04 gpu_mem cur=2979MiB peak=8611MiB
Epoch 1/3 step 106000/304976 (global step 106000/914928): losses={'lm loss': 1.6057028770446777} grad_norm=0.9406 lr=1.00e-04 gpu_mem cur=2979MiB peak=8611MiB
Epoch 1/3 step 106100/304976 (global step 106100/914928): losses={'lm loss': 1.5558831691741943} grad_norm=0.8977 lr=1.00e-04 gpu_mem cur=2979MiB peak=8611MiB
Epoch 1/3 step 106200/304976 (global step 106200/914928): losses={'lm loss': 1.5804287195205688} grad_norm=0.9125 lr=1.00e-04 gpu_mem cur=2979MiB peak=8611MiB
Epoch 1/3 step 106300/304976 (global step 106300/914928): losses={'lm loss': 1.5350275039672852} grad_norm=0.9023 lr=1.00e-04 gpu_mem cur=2979MiB peak=8611MiB
Epoch 1/3 step 106400/304976 (global step 106400/914928): losses={'lm loss': 1.6525206565856934} grad_norm=0.8782 lr=1.00e-04 gpu_mem cur=2979MiB peak=8611MiB
Epoch 1/3 step 106500/304976 (global step 106500/914928): losses={'lm loss': 1.6215165853500366} grad_norm=0.8972 lr=1.00e-04 gpu_mem cur=2979MiB peak=8611MiB
Epoch 1/3 step 106600/304976 (global step 106600/914928): losses={'lm loss': 1.628592848777771} grad_norm=0.8927 lr=1.00e-04 gpu_mem cur=2979MiB peak=8611MiB
Epoch 1/3 step 106700/304976 (global step 106700/914928): losses={'lm loss': 1.5495158433914185} grad_norm=0.8950 lr=1.00e-04 gpu_mem cur=2979MiB peak=8611MiB
Epoch 1/3 step 106800/304976 (global step 106800/914928): losses={'lm loss': 1.7081401348114014} grad_norm=0.9171 lr=1.00e-04 gpu_mem cur=2979MiB peak=8611MiB
Epoch 1/3 step 106900/304976 (global step 106900/914928): losses={'lm loss': 1.690624713897705} grad_norm=0.9169 lr=1.00e-04 gpu_mem cur=2979MiB peak=8611MiB
Epoch 1/3 step 107000/304976 (global step 107000/914928): losses={'lm loss': 1.5592631101608276} grad_norm=0.9102 lr=1.00e-04 gpu_mem cur=2979MiB peak=8611MiB
Epoch 1/3 step 107100/304976 (global step 107100/914928): losses={'lm loss': 1.921268105506897} grad_norm=0.9551 lr=1.00e-04 gpu_mem cur=2979MiB peak=8611MiB
Epoch 1/3 step 107200/304976 (global step 107200/914928): losses={'lm loss': 1.7328011989593506} grad_norm=0.9477 lr=1.00e-04 gpu_mem cur=2979MiB peak=8611MiB
Epoch 1/3 step 107300/304976 (global step 107300/914928): losses={'lm loss': 1.5675411224365234} grad_norm=0.9238 lr=1.00e-04 gpu_mem cur=2979MiB peak=8611MiB
Epoch 1/3 step 107400/304976 (global step 107400/914928): losses={'lm loss': 1.7151129245758057} grad_norm=0.8990 lr=1.00e-04 gpu_mem cur=2979MiB peak=8611MiB
Epoch 1/3 step 107500/304976 (global step 107500/914928): losses={'lm loss': 1.6567814350128174} grad_norm=0.9474 lr=1.00e-04 gpu_mem cur=2979MiB peak=8611MiB
Epoch 1/3 step 107600/304976 (global step 107600/914928): losses={'lm loss': 1.6796396970748901} grad_norm=0.9108 lr=1.00e-04 gpu_mem cur=2979MiB peak=8611MiB
Epoch 1/3 step 107700/304976 (global step 107700/914928): losses={'lm loss': 1.648755669593811} grad_norm=0.9356 lr=1.00e-04 gpu_mem cur=2979MiB peak=8611MiB
Epoch 1/3 step 107800/304976 (global step 107800/914928): losses={'lm loss': 1.6280217170715332} grad_norm=0.9033 lr=1.00e-04 gpu_mem cur=2979MiB peak=8611MiB
Epoch 1/3 step 107900/304976 (global step 107900/914928): losses={'lm loss': 1.7116763591766357} grad_norm=0.9114 lr=1.00e-04 gpu_mem cur=2979MiB peak=8611MiB
Epoch 1/3 step 108000/304976 (global step 108000/914928): losses={'lm loss': 1.677311897277832} grad_norm=0.9221 lr=1.00e-04 gpu_mem cur=2979MiB peak=8611MiB
Epoch 1/3 step 108100/304976 (global step 108100/914928): losses={'lm loss': 1.6893420219421387} grad_norm=0.9040 lr=1.00e-04 gpu_mem cur=2979MiB peak=8611MiB
Epoch 1/3 step 108200/304976 (global step 108200/914928): losses={'lm loss': 1.6248979568481445} grad_norm=0.9014 lr=1.00e-04 gpu_mem cur=2979MiB peak=8611MiB
Epoch 1/3 step 108300/304976 (global step 108300/914928): losses={'lm loss': 1.6686599254608154} grad_norm=0.9609 lr=1.00e-04 gpu_mem cur=2979MiB peak=8611MiB
Epoch 1/3 step 108400/304976 (global step 108400/914928): losses={'lm loss': 1.531224250793457} grad_norm=0.8690 lr=1.00e-04 gpu_mem cur=2979MiB peak=8611MiB
Epoch 1/3 step 108500/304976 (global step 108500/914928): losses={'lm loss': 1.710874319076538} grad_norm=0.9579 lr=1.00e-04 gpu_mem cur=2979MiB peak=8611MiB
Epoch 1/3 step 108600/304976 (global step 108600/914928): losses={'lm loss': 1.6224279403686523} grad_norm=0.9073 lr=1.00e-04 gpu_mem cur=2979MiB peak=8611MiB
Epoch 1/3 step 108700/304976 (global step 108700/914928): losses={'lm loss': 1.613204002380371} grad_norm=0.8686 lr=1.00e-04 gpu_mem cur=2979MiB peak=8611MiB
Epoch 1/3 step 108800/304976 (global step 108800/914928): losses={'lm loss': 1.6419150829315186} grad_norm=0.8893 lr=1.00e-04 gpu_mem cur=2979MiB peak=8611MiB
Epoch 1/3 step 108900/304976 (global step 108900/914928): losses={'lm loss': 1.712788701057434} grad_norm=0.9200 lr=1.00e-04 gpu_mem cur=2979MiB peak=8611MiB
Epoch 1/3 step 109000/304976 (global step 109000/914928): losses={'lm loss': 1.5925257205963135} grad_norm=0.9267 lr=1.00e-04 gpu_mem cur=2979MiB peak=8611MiB
Epoch 1/3 step 109100/304976 (global step 109100/914928): losses={'lm loss': 1.6203727722167969} grad_norm=0.9288 lr=1.00e-04 gpu_mem cur=2979MiB peak=8611MiB
Epoch 1/3 step 109200/304976 (global step 109200/914928): losses={'lm loss': 1.633434772491455} grad_norm=0.9125 lr=1.00e-04 gpu_mem cur=2979MiB peak=8611MiB
Epoch 1/3 step 109300/304976 (global step 109300/914928): losses={'lm loss': 1.6572597026824951} grad_norm=0.8891 lr=1.00e-04 gpu_mem cur=2979MiB peak=8611MiB
Epoch 1/3 step 109400/304976 (global step 109400/914928): losses={'lm loss': 1.76720130443573} grad_norm=0.9614 lr=1.00e-04 gpu_mem cur=2979MiB peak=8611MiB
Epoch 1/3 step 109500/304976 (global step 109500/914928): losses={'lm loss': 1.7010554075241089} grad_norm=0.9130 lr=1.00e-04 gpu_mem cur=2979MiB peak=8611MiB
Epoch 1/3 step 109600/304976 (global step 109600/914928): losses={'lm loss': 1.538358449935913} grad_norm=0.8954 lr=1.00e-04 gpu_mem cur=2979MiB peak=8611MiB
Epoch 1/3 step 109700/304976 (global step 109700/914928): losses={'lm loss': 1.61417555809021} grad_norm=0.9021 lr=1.00e-04 gpu_mem cur=2979MiB peak=8611MiB
Epoch 1/3 step 109800/304976 (global step 109800/914928): losses={'lm loss': 1.5594940185546875} grad_norm=0.8806 lr=1.00e-04 gpu_mem cur=2979MiB peak=8611MiB
Epoch 1/3 step 109900/304976 (global step 109900/914928): losses={'lm loss': 1.767519474029541} grad_norm=0.9124 lr=1.00e-04 gpu_mem cur=2979MiB peak=8611MiB
Epoch 1/3 step 110000/304976 (global step 110000/914928): losses={'lm loss': 1.5702310800552368} grad_norm=0.8547 lr=1.00e-04 gpu_mem cur=2979MiB peak=8611MiB
Checkpoint saved to /home/lxk/PycharmProjects/My_megatron/examples/ckpt/step_110000
Removing old checkpoint: /home/lxk/PycharmProjects/My_megatron/examples/ckpt/step_95000
[eval] step_110000: eval_loss=1.6202
[sample 1 @ step_110000] ing by. They thought it was a sign. But the squirrel did not help them. The shadows grew long, and the chill of night set in. The friends realized they were lost in nature's song, unable to return home. Fear filled the air, but they held on to hope.

Suddenly, they heard a soft sound. It was a soft, sweet melody coming from a nearby tree. Curious, they crept closer. There was a tiny creature, trapped
[sample 2 @ step_110000]  set out, thinking today would be an adventure of a lifetime.

The path was slippery and muddy from the rain. The explorer felt nervous but determined. "I need to find the treasure!" he said to himself. He followed the sound of a river filled with strange sounds. "Is it near the big rock?" he wondered, feeling more curious with each step.

At the big rock, he saw a shiny object. "
[mem] gpu_mem cur=2979MiB peak=8611MiB
Epoch 1/3 step 110100/304976 (global step 110100/914928): losses={'lm loss': 1.4020586013793945} grad_norm=0.8419 lr=1.00e-04 gpu_mem cur=2979MiB peak=8611MiB
Epoch 1/3 step 110200/304976 (global step 110200/914928): losses={'lm loss': 1.6268154382705688} grad_norm=0.9163 lr=1.00e-04 gpu_mem cur=2979MiB peak=8611MiB
Epoch 1/3 step 110300/304976 (global step 110300/914928): losses={'lm loss': 1.702648401260376} grad_norm=0.9181 lr=1.00e-04 gpu_mem cur=2979MiB peak=8611MiB
Epoch 1/3 step 110400/304976 (global step 110400/914928): losses={'lm loss': 1.684434413909912} grad_norm=0.9020 lr=1.00e-04 gpu_mem cur=2979MiB peak=8611MiB
Epoch 1/3 step 110500/304976 (global step 110500/914928): losses={'lm loss': 1.5400029420852661} grad_norm=0.8866 lr=1.00e-04 gpu_mem cur=2979MiB peak=8611MiB
Epoch 1/3 step 110600/304976 (global step 110600/914928): losses={'lm loss': 1.703218936920166} grad_norm=0.9129 lr=1.00e-04 gpu_mem cur=2979MiB peak=8611MiB
Epoch 1/3 step 110700/304976 (global step 110700/914928): losses={'lm loss': 1.4878108501434326} grad_norm=0.8969 lr=1.00e-04 gpu_mem cur=2979MiB peak=8611MiB
Epoch 1/3 step 110800/304976 (global step 110800/914928): losses={'lm loss': 1.5585379600524902} grad_norm=0.9057 lr=1.00e-04 gpu_mem cur=2979MiB peak=8611MiB
Epoch 1/3 step 110900/304976 (global step 110900/914928): losses={'lm loss': 1.5504392385482788} grad_norm=0.8708 lr=1.00e-04 gpu_mem cur=2979MiB peak=8611MiB
Epoch 1/3 step 111000/304976 (global step 111000/914928): losses={'lm loss': 1.673689603805542} grad_norm=0.9117 lr=1.00e-04 gpu_mem cur=2979MiB peak=8611MiB
Epoch 1/3 step 111100/304976 (global step 111100/914928): losses={'lm loss': 1.755935549736023} grad_norm=0.9059 lr=1.00e-04 gpu_mem cur=2979MiB peak=8611MiB
Epoch 1/3 step 111200/304976 (global step 111200/914928): losses={'lm loss': 1.6989110708236694} grad_norm=0.8890 lr=1.00e-04 gpu_mem cur=2979MiB peak=8611MiB
Epoch 1/3 step 111300/304976 (global step 111300/914928): losses={'lm loss': 1.6677567958831787} grad_norm=0.9209 lr=1.00e-04 gpu_mem cur=2979MiB peak=8611MiB
Epoch 1/3 step 111400/304976 (global step 111400/914928): losses={'lm loss': 1.7089502811431885} grad_norm=0.9383 lr=1.00e-04 gpu_mem cur=2979MiB peak=8611MiB
Epoch 1/3 step 111500/304976 (global step 111500/914928): losses={'lm loss': 1.5431164503097534} grad_norm=0.8851 lr=1.00e-04 gpu_mem cur=2979MiB peak=8611MiB
Epoch 1/3 step 111600/304976 (global step 111600/914928): losses={'lm loss': 1.6151759624481201} grad_norm=0.9106 lr=1.00e-04 gpu_mem cur=2979MiB peak=8611MiB
Epoch 1/3 step 111700/304976 (global step 111700/914928): losses={'lm loss': 1.819122314453125} grad_norm=0.9148 lr=1.00e-04 gpu_mem cur=2979MiB peak=8611MiB
Epoch 1/3 step 111800/304976 (global step 111800/914928): losses={'lm loss': 1.666944980621338} grad_norm=0.8937 lr=1.00e-04 gpu_mem cur=2979MiB peak=8611MiB
Epoch 1/3 step 111900/304976 (global step 111900/914928): losses={'lm loss': 1.8103375434875488} grad_norm=0.9838 lr=1.00e-04 gpu_mem cur=2979MiB peak=8611MiB
Epoch 1/3 step 112000/304976 (global step 112000/914928): losses={'lm loss': 1.7266614437103271} grad_norm=0.9150 lr=1.00e-04 gpu_mem cur=2979MiB peak=8611MiB
Epoch 1/3 step 112100/304976 (global step 112100/914928): losses={'lm loss': 1.609523057937622} grad_norm=0.9171 lr=1.00e-04 gpu_mem cur=2979MiB peak=8611MiB
Epoch 1/3 step 112200/304976 (global step 112200/914928): losses={'lm loss': 1.5940669775009155} grad_norm=0.8777 lr=1.00e-04 gpu_mem cur=2979MiB peak=8611MiB
Epoch 1/3 step 112300/304976 (global step 112300/914928): losses={'lm loss': 1.6263387203216553} grad_norm=0.9135 lr=1.00e-04 gpu_mem cur=2979MiB peak=8611MiB
Epoch 1/3 step 112400/304976 (global step 112400/914928): losses={'lm loss': 1.6895945072174072} grad_norm=0.9457 lr=1.00e-04 gpu_mem cur=2979MiB peak=8611MiB
Epoch 1/3 step 112500/304976 (global step 112500/914928): losses={'lm loss': 1.6089792251586914} grad_norm=0.9058 lr=1.00e-04 gpu_mem cur=2979MiB peak=8611MiB
Epoch 1/3 step 112600/304976 (global step 112600/914928): losses={'lm loss': 1.6979317665100098} grad_norm=0.9095 lr=1.00e-04 gpu_mem cur=2979MiB peak=8611MiB
Epoch 1/3 step 112700/304976 (global step 112700/914928): losses={'lm loss': 1.769126534461975} grad_norm=0.9465 lr=1.00e-04 gpu_mem cur=2979MiB peak=8611MiB
Epoch 1/3 step 112800/304976 (global step 112800/914928): losses={'lm loss': 1.7779675722122192} grad_norm=0.9348 lr=1.00e-04 gpu_mem cur=2979MiB peak=8611MiB
Epoch 1/3 step 112900/304976 (global step 112900/914928): losses={'lm loss': 1.7992923259735107} grad_norm=0.9191 lr=1.00e-04 gpu_mem cur=2979MiB peak=8611MiB
Epoch 1/3 step 113000/304976 (global step 113000/914928): losses={'lm loss': 1.7370846271514893} grad_norm=0.9151 lr=1.00e-04 gpu_mem cur=2979MiB peak=8611MiB
Epoch 1/3 step 113100/304976 (global step 113100/914928): losses={'lm loss': 1.767013430595398} grad_norm=0.9505 lr=1.00e-04 gpu_mem cur=2979MiB peak=8611MiB
Epoch 1/3 step 113200/304976 (global step 113200/914928): losses={'lm loss': 1.7278854846954346} grad_norm=0.8975 lr=1.00e-04 gpu_mem cur=2979MiB peak=8611MiB
Epoch 1/3 step 113300/304976 (global step 113300/914928): losses={'lm loss': 1.6852848529815674} grad_norm=0.9124 lr=1.00e-04 gpu_mem cur=2979MiB peak=8611MiB
Epoch 1/3 step 113400/304976 (global step 113400/914928): losses={'lm loss': 1.668342113494873} grad_norm=0.8757 lr=1.00e-04 gpu_mem cur=2979MiB peak=8611MiB
Epoch 1/3 step 113500/304976 (global step 113500/914928): losses={'lm loss': 1.7959612607955933} grad_norm=0.9053 lr=1.00e-04 gpu_mem cur=2979MiB peak=8611MiB
Epoch 1/3 step 113600/304976 (global step 113600/914928): losses={'lm loss': 1.6212612390518188} grad_norm=0.8819 lr=1.00e-04 gpu_mem cur=2979MiB peak=8611MiB
Epoch 1/3 step 113700/304976 (global step 113700/914928): losses={'lm loss': 1.6410090923309326} grad_norm=0.8890 lr=1.00e-04 gpu_mem cur=2979MiB peak=8611MiB
Epoch 1/3 step 113800/304976 (global step 113800/914928): losses={'lm loss': 1.6287257671356201} grad_norm=0.8893 lr=1.00e-04 gpu_mem cur=2979MiB peak=8611MiB
Epoch 1/3 step 113900/304976 (global step 113900/914928): losses={'lm loss': 1.650230050086975} grad_norm=0.8879 lr=1.00e-04 gpu_mem cur=2979MiB peak=8611MiB
Epoch 1/3 step 114000/304976 (global step 114000/914928): losses={'lm loss': 1.5969816446304321} grad_norm=0.8992 lr=1.00e-04 gpu_mem cur=2979MiB peak=8611MiB
Epoch 1/3 step 114100/304976 (global step 114100/914928): losses={'lm loss': 1.547297477722168} grad_norm=0.8359 lr=1.00e-04 gpu_mem cur=2979MiB peak=8611MiB
Epoch 1/3 step 114200/304976 (global step 114200/914928): losses={'lm loss': 1.5910098552703857} grad_norm=0.8722 lr=1.00e-04 gpu_mem cur=2979MiB peak=8611MiB
Epoch 1/3 step 114300/304976 (global step 114300/914928): losses={'lm loss': 1.6675684452056885} grad_norm=0.9108 lr=1.00e-04 gpu_mem cur=2979MiB peak=8611MiB
Epoch 1/3 step 114400/304976 (global step 114400/914928): losses={'lm loss': 1.632343053817749} grad_norm=0.8795 lr=1.00e-04 gpu_mem cur=2979MiB peak=8611MiB
Epoch 1/3 step 114500/304976 (global step 114500/914928): losses={'lm loss': 1.5572495460510254} grad_norm=0.9098 lr=1.00e-04 gpu_mem cur=2979MiB peak=8611MiB
Epoch 1/3 step 114600/304976 (global step 114600/914928): losses={'lm loss': 1.5565497875213623} grad_norm=0.8780 lr=1.00e-04 gpu_mem cur=2979MiB peak=8611MiB
Epoch 1/3 step 114700/304976 (global step 114700/914928): losses={'lm loss': 1.5556752681732178} grad_norm=0.8799 lr=1.00e-04 gpu_mem cur=2979MiB peak=8611MiB
Epoch 1/3 step 114800/304976 (global step 114800/914928): losses={'lm loss': 1.6237053871154785} grad_norm=0.9312 lr=1.00e-04 gpu_mem cur=2979MiB peak=8611MiB
Epoch 1/3 step 114900/304976 (global step 114900/914928): losses={'lm loss': 1.6315863132476807} grad_norm=0.9276 lr=1.00e-04 gpu_mem cur=2979MiB peak=8611MiB
Epoch 1/3 step 115000/304976 (global step 115000/914928): losses={'lm loss': 1.7772374153137207} grad_norm=0.9340 lr=1.00e-04 gpu_mem cur=2979MiB peak=8611MiB
Checkpoint saved to /home/lxk/PycharmProjects/My_megatron/examples/ckpt/step_115000
Removing old checkpoint: /home/lxk/PycharmProjects/My_megatron/examples/ckpt/step_100000
[eval] step_115000: eval_loss=1.6095
[sample 1 @ step_115000] ing by. They thought it was a sign. But the squirrel did not help them. The shadows grew long, and the chill of night set in. The girl sat on the ground, feeling very small. 

As days went by, the girl tried to stay one night. She looked up at the sky, wishing for a way out. One night, she saw the stars shining bright. They seemed to whisper secrets of hope. She closed her eyes and made a wish
[sample 2 @ step_115000]  set out, thinking today would be an adventure of a lifetime.

The path was slippery and muddy from the rain. As he walked, he saw a small girl sitting on a rock. Her face was pale and sad. He approached her, and they began to talk. She was trying to find a way home. "I can help you," she said, smiling. "But I need to get back." He agreed, feeling
[mem] gpu_mem cur=2979MiB peak=8611MiB
Epoch 1/3 step 115100/304976 (global step 115100/914928): losses={'lm loss': 1.5606447458267212} grad_norm=0.8296 lr=1.00e-04 gpu_mem cur=2979MiB peak=8611MiB
Epoch 1/3 step 115200/304976 (global step 115200/914928): losses={'lm loss': 1.5895168781280518} grad_norm=0.9021 lr=1.00e-04 gpu_mem cur=2979MiB peak=8611MiB
Epoch 1/3 step 115300/304976 (global step 115300/914928): losses={'lm loss': 1.5182194709777832} grad_norm=0.8678 lr=1.00e-04 gpu_mem cur=2979MiB peak=8611MiB
Epoch 1/3 step 115400/304976 (global step 115400/914928): losses={'lm loss': 1.5371477603912354} grad_norm=0.8747 lr=1.00e-04 gpu_mem cur=2979MiB peak=8611MiB
Epoch 1/3 step 115500/304976 (global step 115500/914928): losses={'lm loss': 1.745331048965454} grad_norm=1.0000 [clipped raw=1.1] lr=1.00e-04 gpu_mem cur=2979MiB peak=8611MiB
Epoch 1/3 step 115600/304976 (global step 115600/914928): losses={'lm loss': 1.6144778728485107} grad_norm=0.9128 lr=1.00e-04 gpu_mem cur=2979MiB peak=8611MiB
Epoch 1/3 step 115700/304976 (global step 115700/914928): losses={'lm loss': 1.6056827306747437} grad_norm=0.8932 lr=1.00e-04 gpu_mem cur=2979MiB peak=8611MiB
Epoch 1/3 step 115800/304976 (global step 115800/914928): losses={'lm loss': 1.6109766960144043} grad_norm=0.9006 lr=1.00e-04 gpu_mem cur=2979MiB peak=8611MiB
Epoch 1/3 step 115900/304976 (global step 115900/914928): losses={'lm loss': 1.5593531131744385} grad_norm=0.8485 lr=1.00e-04 gpu_mem cur=2979MiB peak=8611MiB
Epoch 1/3 step 116000/304976 (global step 116000/914928): losses={'lm loss': 1.7728033065795898} grad_norm=0.9179 lr=1.00e-04 gpu_mem cur=2979MiB peak=8611MiB
Epoch 1/3 step 116100/304976 (global step 116100/914928): losses={'lm loss': 1.657616376876831} grad_norm=0.9018 lr=1.00e-04 gpu_mem cur=2979MiB peak=8611MiB
Epoch 1/3 step 116200/304976 (global step 116200/914928): losses={'lm loss': 1.5871319770812988} grad_norm=0.9168 lr=1.00e-04 gpu_mem cur=2979MiB peak=8611MiB
Epoch 1/3 step 116300/304976 (global step 116300/914928): losses={'lm loss': 1.7614707946777344} grad_norm=0.9052 lr=1.00e-04 gpu_mem cur=2979MiB peak=8611MiB
Epoch 1/3 step 116400/304976 (global step 116400/914928): losses={'lm loss': 1.6071335077285767} grad_norm=0.8861 lr=1.00e-04 gpu_mem cur=2979MiB peak=8611MiB
Epoch 1/3 step 116500/304976 (global step 116500/914928): losses={'lm loss': 1.6842942237854004} grad_norm=0.9049 lr=1.00e-04 gpu_mem cur=2979MiB peak=8611MiB
Epoch 1/3 step 116600/304976 (global step 116600/914928): losses={'lm loss': 1.4961061477661133} grad_norm=0.9137 lr=1.00e-04 gpu_mem cur=2979MiB peak=8611MiB
Epoch 1/3 step 116700/304976 (global step 116700/914928): losses={'lm loss': 1.7600618600845337} grad_norm=0.9511 lr=1.00e-04 gpu_mem cur=2979MiB peak=8611MiB
Epoch 1/3 step 116800/304976 (global step 116800/914928): losses={'lm loss': 1.7698962688446045} grad_norm=0.9301 lr=1.00e-04 gpu_mem cur=2979MiB peak=8611MiB
Epoch 1/3 step 116900/304976 (global step 116900/914928): losses={'lm loss': 1.4209232330322266} grad_norm=0.8249 lr=1.00e-04 gpu_mem cur=2979MiB peak=8611MiB
Epoch 1/3 step 117000/304976 (global step 117000/914928): losses={'lm loss': 1.7468111515045166} grad_norm=0.9145 lr=1.00e-04 gpu_mem cur=2979MiB peak=8611MiB
Epoch 1/3 step 117100/304976 (global step 117100/914928): losses={'lm loss': 1.5455090999603271} grad_norm=0.8822 lr=1.00e-04 gpu_mem cur=2979MiB peak=8611MiB
Epoch 1/3 step 117200/304976 (global step 117200/914928): losses={'lm loss': 1.6296870708465576} grad_norm=0.9101 lr=1.00e-04 gpu_mem cur=2979MiB peak=8611MiB
Epoch 1/3 step 117300/304976 (global step 117300/914928): losses={'lm loss': 1.7082083225250244} grad_norm=0.8967 lr=1.00e-04 gpu_mem cur=2979MiB peak=8611MiB
Epoch 1/3 step 117400/304976 (global step 117400/914928): losses={'lm loss': 1.5307683944702148} grad_norm=0.8781 lr=1.00e-04 gpu_mem cur=2979MiB peak=8611MiB
Epoch 1/3 step 117500/304976 (global step 117500/914928): losses={'lm loss': 1.696014165878296} grad_norm=0.9098 lr=1.00e-04 gpu_mem cur=2979MiB peak=8611MiB
Epoch 1/3 step 117600/304976 (global step 117600/914928): losses={'lm loss': 1.6086726188659668} grad_norm=0.8691 lr=1.00e-04 gpu_mem cur=2979MiB peak=8611MiB
Epoch 1/3 step 117700/304976 (global step 117700/914928): losses={'lm loss': 1.6959153413772583} grad_norm=0.8900 lr=1.00e-04 gpu_mem cur=2979MiB peak=8611MiB
Epoch 1/3 step 117800/304976 (global step 117800/914928): losses={'lm loss': 1.8963267803192139} grad_norm=0.9559 lr=1.00e-04 gpu_mem cur=2979MiB peak=8611MiB
Epoch 1/3 step 117900/304976 (global step 117900/914928): losses={'lm loss': 1.645095944404602} grad_norm=0.9004 lr=1.00e-04 gpu_mem cur=2979MiB peak=8611MiB
Epoch 1/3 step 118000/304976 (global step 118000/914928): losses={'lm loss': 1.7195773124694824} grad_norm=0.8807 lr=1.00e-04 gpu_mem cur=2979MiB peak=8611MiB
Epoch 1/3 step 118100/304976 (global step 118100/914928): losses={'lm loss': 1.5895469188690186} grad_norm=0.9284 lr=1.00e-04 gpu_mem cur=2979MiB peak=8611MiB
Epoch 1/3 step 118200/304976 (global step 118200/914928): losses={'lm loss': 1.613787055015564} grad_norm=0.8641 lr=1.00e-04 gpu_mem cur=2979MiB peak=8611MiB
Epoch 1/3 step 118300/304976 (global step 118300/914928): losses={'lm loss': 1.6885669231414795} grad_norm=0.8959 lr=1.00e-04 gpu_mem cur=2979MiB peak=8611MiB
Epoch 1/3 step 118400/304976 (global step 118400/914928): losses={'lm loss': 1.6110048294067383} grad_norm=0.9102 lr=1.00e-04 gpu_mem cur=2979MiB peak=8611MiB
Epoch 1/3 step 118500/304976 (global step 118500/914928): losses={'lm loss': 1.4495964050292969} grad_norm=0.8570 lr=1.00e-04 gpu_mem cur=2979MiB peak=8611MiB
Epoch 1/3 step 118600/304976 (global step 118600/914928): losses={'lm loss': 1.7607489824295044} grad_norm=0.9430 lr=1.00e-04 gpu_mem cur=2979MiB peak=8611MiB
Epoch 1/3 step 118700/304976 (global step 118700/914928): losses={'lm loss': 1.6576716899871826} grad_norm=0.8859 lr=1.00e-04 gpu_mem cur=2979MiB peak=8611MiB
Epoch 1/3 step 118800/304976 (global step 118800/914928): losses={'lm loss': 1.5358009338378906} grad_norm=0.8576 lr=1.00e-04 gpu_mem cur=2979MiB peak=8611MiB
Epoch 1/3 step 118900/304976 (global step 118900/914928): losses={'lm loss': 1.79340398311615} grad_norm=0.9136 lr=1.00e-04 gpu_mem cur=2979MiB peak=8611MiB
Epoch 1/3 step 119000/304976 (global step 119000/914928): losses={'lm loss': 1.5879135131835938} grad_norm=0.8739 lr=1.00e-04 gpu_mem cur=2979MiB peak=8611MiB
Epoch 1/3 step 119100/304976 (global step 119100/914928): losses={'lm loss': 1.7159414291381836} grad_norm=0.8959 lr=1.00e-04 gpu_mem cur=2979MiB peak=8611MiB
Epoch 1/3 step 119200/304976 (global step 119200/914928): losses={'lm loss': 1.5395742654800415} grad_norm=0.8431 lr=1.00e-04 gpu_mem cur=2979MiB peak=8611MiB
Epoch 1/3 step 119300/304976 (global step 119300/914928): losses={'lm loss': 1.7317451238632202} grad_norm=0.9433 lr=1.00e-04 gpu_mem cur=2979MiB peak=8611MiB
Epoch 1/3 step 119400/304976 (global step 119400/914928): losses={'lm loss': 1.6743730306625366} grad_norm=0.8870 lr=1.00e-04 gpu_mem cur=2979MiB peak=8611MiB
Epoch 1/3 step 119500/304976 (global step 119500/914928): losses={'lm loss': 1.4664382934570312} grad_norm=0.8718 lr=1.00e-04 gpu_mem cur=2979MiB peak=8611MiB
Epoch 1/3 step 119600/304976 (global step 119600/914928): losses={'lm loss': 1.5590741634368896} grad_norm=0.8400 lr=1.00e-04 gpu_mem cur=2979MiB peak=8611MiB
Epoch 1/3 step 119700/304976 (global step 119700/914928): losses={'lm loss': 1.7951667308807373} grad_norm=0.9272 lr=1.00e-04 gpu_mem cur=2979MiB peak=8611MiB
Epoch 1/3 step 119800/304976 (global step 119800/914928): losses={'lm loss': 1.5468018054962158} grad_norm=0.8860 lr=1.00e-04 gpu_mem cur=2979MiB peak=8611MiB
Epoch 1/3 step 119900/304976 (global step 119900/914928): losses={'lm loss': 1.6094887256622314} grad_norm=0.8918 lr=1.00e-04 gpu_mem cur=2979MiB peak=8611MiB
Epoch 1/3 step 120000/304976 (global step 120000/914928): losses={'lm loss': 1.6823415756225586} grad_norm=0.9027 lr=1.00e-04 gpu_mem cur=2979MiB peak=8611MiB
Checkpoint saved to /home/lxk/PycharmProjects/My_megatron/examples/ckpt/step_120000
Removing old checkpoint: /home/lxk/PycharmProjects/My_megatron/examples/ckpt/step_105000
[eval] step_120000: eval_loss=1.6032
[sample 1 @ step_120000] ing by. They thought it was a sign. But the squirrel did not help them. The shadows grew long, and the chill of night set in. The group tried to find the squirrel, but it was gone, swallowed by the quiet woods.

Days turned into weeks as they searched everywhere. One evening, they heard a rustling sound. They peeked through a small tree, hoping to find the squirrel. Instead, they found only a pile of acorns.
[sample 2 @ step_120000]  set out, thinking today would be an adventure of a lifetime.

The path was slippery and muddy from the rain. As they wandered, they stumbled upon a small hill covered in flowers. Maria climbed up, and at the top, they found a hidden garden where the sun shone bright. Flowers danced in the wind, and the air was filled with sweet scents. Butterflies flitted around, and a small fountain sparkled in the
[mem] gpu_mem cur=2979MiB peak=8611MiB
Epoch 1/3 step 120100/304976 (global step 120100/914928): losses={'lm loss': 1.5524526834487915} grad_norm=0.8524 lr=1.00e-04 gpu_mem cur=2979MiB peak=8611MiB
Epoch 1/3 step 120200/304976 (global step 120200/914928): losses={'lm loss': 1.909351110458374} grad_norm=0.9104 lr=1.00e-04 gpu_mem cur=2979MiB peak=8611MiB
Epoch 1/3 step 120300/304976 (global step 120300/914928): losses={'lm loss': 1.5257716178894043} grad_norm=0.8444 lr=1.00e-04 gpu_mem cur=2979MiB peak=8611MiB
Epoch 1/3 step 120400/304976 (global step 120400/914928): losses={'lm loss': 1.6993792057037354} grad_norm=0.9593 lr=1.00e-04 gpu_mem cur=2979MiB peak=8611MiB
Epoch 1/3 step 120500/304976 (global step 120500/914928): losses={'lm loss': 1.4992585182189941} grad_norm=0.8449 lr=1.00e-04 gpu_mem cur=2979MiB peak=8611MiB
Epoch 1/3 step 120600/304976 (global step 120600/914928): losses={'lm loss': 1.6023029088974} grad_norm=0.8749 lr=1.00e-04 gpu_mem cur=2979MiB peak=8611MiB
Epoch 1/3 step 120700/304976 (global step 120700/914928): losses={'lm loss': 1.5663115978240967} grad_norm=0.8706 lr=1.00e-04 gpu_mem cur=2979MiB peak=8611MiB
Epoch 1/3 step 120800/304976 (global step 120800/914928): losses={'lm loss': 1.5916180610656738} grad_norm=0.8819 lr=1.00e-04 gpu_mem cur=2979MiB peak=8611MiB
Epoch 1/3 step 120900/304976 (global step 120900/914928): losses={'lm loss': 1.7174670696258545} grad_norm=0.9161 lr=1.00e-04 gpu_mem cur=2979MiB peak=8611MiB
Epoch 1/3 step 121000/304976 (global step 121000/914928): losses={'lm loss': 1.5604307651519775} grad_norm=0.9054 lr=1.00e-04 gpu_mem cur=2979MiB peak=8611MiB
Epoch 1/3 step 121100/304976 (global step 121100/914928): losses={'lm loss': 1.625160813331604} grad_norm=0.8846 lr=1.00e-04 gpu_mem cur=2979MiB peak=8611MiB
Epoch 1/3 step 121200/304976 (global step 121200/914928): losses={'lm loss': 1.6947543621063232} grad_norm=0.9190 lr=1.00e-04 gpu_mem cur=2979MiB peak=8611MiB
Epoch 1/3 step 121300/304976 (global step 121300/914928): losses={'lm loss': 1.6877503395080566} grad_norm=0.9106 lr=1.00e-04 gpu_mem cur=2979MiB peak=8611MiB
Epoch 1/3 step 121400/304976 (global step 121400/914928): losses={'lm loss': 1.568930983543396} grad_norm=0.9222 lr=1.00e-04 gpu_mem cur=2979MiB peak=8611MiB
Epoch 1/3 step 121500/304976 (global step 121500/914928): losses={'lm loss': 1.5346298217773438} grad_norm=0.8398 lr=1.00e-04 gpu_mem cur=2979MiB peak=8611MiB
Epoch 1/3 step 121600/304976 (global step 121600/914928): losses={'lm loss': 1.568192481994629} grad_norm=0.8952 lr=1.00e-04 gpu_mem cur=2979MiB peak=8611MiB
Epoch 1/3 step 121700/304976 (global step 121700/914928): losses={'lm loss': 1.5862213373184204} grad_norm=0.9325 lr=1.00e-04 gpu_mem cur=2979MiB peak=8611MiB
Epoch 1/3 step 121800/304976 (global step 121800/914928): losses={'lm loss': 1.549116849899292} grad_norm=0.8542 lr=1.00e-04 gpu_mem cur=2979MiB peak=8611MiB
Epoch 1/3 step 121900/304976 (global step 121900/914928): losses={'lm loss': 1.625330924987793} grad_norm=0.8364 lr=1.00e-04 gpu_mem cur=2979MiB peak=8611MiB
Epoch 1/3 step 122000/304976 (global step 122000/914928): losses={'lm loss': 1.7251968383789062} grad_norm=0.9197 lr=1.00e-04 gpu_mem cur=2979MiB peak=8611MiB
Epoch 1/3 step 122100/304976 (global step 122100/914928): losses={'lm loss': 1.5280604362487793} grad_norm=0.8464 lr=1.00e-04 gpu_mem cur=2979MiB peak=8611MiB
Epoch 1/3 step 122200/304976 (global step 122200/914928): losses={'lm loss': 1.6322691440582275} grad_norm=0.8903 lr=1.00e-04 gpu_mem cur=2979MiB peak=8611MiB
Epoch 1/3 step 122300/304976 (global step 122300/914928): losses={'lm loss': 1.4968458414077759} grad_norm=0.8515 lr=1.00e-04 gpu_mem cur=2979MiB peak=8611MiB
Epoch 1/3 step 122400/304976 (global step 122400/914928): losses={'lm loss': 1.4636056423187256} grad_norm=0.8349 lr=1.00e-04 gpu_mem cur=2979MiB peak=8611MiB
Epoch 1/3 step 122500/304976 (global step 122500/914928): losses={'lm loss': 1.684905767440796} grad_norm=0.9381 lr=1.00e-04 gpu_mem cur=2979MiB peak=8611MiB
Epoch 1/3 step 122600/304976 (global step 122600/914928): losses={'lm loss': 1.6923892498016357} grad_norm=0.9309 lr=1.00e-04 gpu_mem cur=2979MiB peak=8611MiB
Epoch 1/3 step 122700/304976 (global step 122700/914928): losses={'lm loss': 1.5240527391433716} grad_norm=0.8747 lr=1.00e-04 gpu_mem cur=2979MiB peak=8611MiB
Epoch 1/3 step 122800/304976 (global step 122800/914928): losses={'lm loss': 1.7124958038330078} grad_norm=0.8876 lr=1.00e-04 gpu_mem cur=2979MiB peak=8611MiB
Epoch 1/3 step 122900/304976 (global step 122900/914928): losses={'lm loss': 1.6005926132202148} grad_norm=0.8583 lr=1.00e-04 gpu_mem cur=2979MiB peak=8611MiB
Epoch 1/3 step 123000/304976 (global step 123000/914928): losses={'lm loss': 1.6255192756652832} grad_norm=0.8807 lr=1.00e-04 gpu_mem cur=2979MiB peak=8611MiB
Epoch 1/3 step 123100/304976 (global step 123100/914928): losses={'lm loss': 1.622889518737793} grad_norm=0.8690 lr=1.00e-04 gpu_mem cur=2979MiB peak=8611MiB
Epoch 1/3 step 123200/304976 (global step 123200/914928): losses={'lm loss': 1.7189761400222778} grad_norm=0.9659 lr=1.00e-04 gpu_mem cur=2979MiB peak=8611MiB
Epoch 1/3 step 123300/304976 (global step 123300/914928): losses={'lm loss': 1.7961111068725586} grad_norm=0.9395 lr=1.00e-04 gpu_mem cur=2979MiB peak=8611MiB
Epoch 1/3 step 123400/304976 (global step 123400/914928): losses={'lm loss': 1.7289619445800781} grad_norm=0.9077 lr=1.00e-04 gpu_mem cur=2979MiB peak=8611MiB
Epoch 1/3 step 123500/304976 (global step 123500/914928): losses={'lm loss': 1.560525894165039} grad_norm=0.8939 lr=1.00e-04 gpu_mem cur=2979MiB peak=8611MiB
Epoch 1/3 step 123600/304976 (global step 123600/914928): losses={'lm loss': 1.5734236240386963} grad_norm=0.8613 lr=1.00e-04 gpu_mem cur=2979MiB peak=8611MiB
Epoch 1/3 step 123700/304976 (global step 123700/914928): losses={'lm loss': 1.726939082145691} grad_norm=0.8960 lr=1.00e-04 gpu_mem cur=2979MiB peak=8611MiB
Epoch 1/3 step 123800/304976 (global step 123800/914928): losses={'lm loss': 1.6367318630218506} grad_norm=0.9033 lr=1.00e-04 gpu_mem cur=2979MiB peak=8611MiB
Epoch 1/3 step 123900/304976 (global step 123900/914928): losses={'lm loss': 1.5883347988128662} grad_norm=0.8536 lr=1.00e-04 gpu_mem cur=2979MiB peak=8611MiB
Epoch 1/3 step 124000/304976 (global step 124000/914928): losses={'lm loss': 1.7639104127883911} grad_norm=0.8999 lr=1.00e-04 gpu_mem cur=2979MiB peak=8611MiB
Epoch 1/3 step 124100/304976 (global step 124100/914928): losses={'lm loss': 1.5380836725234985} grad_norm=0.8717 lr=1.00e-04 gpu_mem cur=2979MiB peak=8611MiB
Epoch 1/3 step 124200/304976 (global step 124200/914928): losses={'lm loss': 1.5984528064727783} grad_norm=0.8715 lr=1.00e-04 gpu_mem cur=2979MiB peak=8611MiB
Epoch 1/3 step 124300/304976 (global step 124300/914928): losses={'lm loss': 1.5738800764083862} grad_norm=0.8401 lr=1.00e-04 gpu_mem cur=2979MiB peak=8611MiB
Epoch 1/3 step 124400/304976 (global step 124400/914928): losses={'lm loss': 1.5149943828582764} grad_norm=0.8364 lr=1.00e-04 gpu_mem cur=2979MiB peak=8611MiB
Epoch 1/3 step 124500/304976 (global step 124500/914928): losses={'lm loss': 1.7540795803070068} grad_norm=0.9370 lr=1.00e-04 gpu_mem cur=2979MiB peak=8611MiB
Epoch 1/3 step 124600/304976 (global step 124600/914928): losses={'lm loss': 1.736640453338623} grad_norm=0.8986 lr=1.00e-04 gpu_mem cur=2979MiB peak=8611MiB
Epoch 1/3 step 124700/304976 (global step 124700/914928): losses={'lm loss': 1.749146819114685} grad_norm=0.9199 lr=1.00e-04 gpu_mem cur=2979MiB peak=8611MiB
Epoch 1/3 step 124800/304976 (global step 124800/914928): losses={'lm loss': 1.5683504343032837} grad_norm=0.8381 lr=1.00e-04 gpu_mem cur=2979MiB peak=8611MiB
Epoch 1/3 step 124900/304976 (global step 124900/914928): losses={'lm loss': 1.6711828708648682} grad_norm=0.9519 lr=1.00e-04 gpu_mem cur=2979MiB peak=8611MiB
Epoch 1/3 step 125000/304976 (global step 125000/914928): losses={'lm loss': 1.7210177183151245} grad_norm=0.9106 lr=1.00e-04 gpu_mem cur=2979MiB peak=8611MiB
Checkpoint saved to /home/lxk/PycharmProjects/My_megatron/examples/ckpt/step_125000
Removing old checkpoint: /home/lxk/PycharmProjects/My_megatron/examples/ckpt/step_110000
[eval] step_125000: eval_loss=1.5960
[sample 1 @ step_125000] ing by. They thought it was a sign. But the squirrel did not help them. The shadows grew long, and the chill of night set in. The squirrel felt alone and scared. 

Suddenly, a loud noise echoed. It was a cat! The cat curled up in a tree, staring at them. The squirrel thought it must be a friend. He quickly climbed down and ran to the tree. He climbed up the tree and touched the branch. A piece
[sample 2 @ step_125000]  set out, thinking today would be an adventure of a lifetime.

The path was slippery and muddy from the rain. They stumbled but quickly got back up. "Let's keep going!" shouted Anne, full of joy. They climbed higher and higher, laughing and shouting. They stumbled upon a huge, old well. The water looked deep and scary. "What do you think lies beneath?" asked Samuel, peering in. "
[mem] gpu_mem cur=2979MiB peak=8611MiB
Epoch 1/3 step 125100/304976 (global step 125100/914928): losses={'lm loss': 1.7061172723770142} grad_norm=0.9157 lr=1.00e-04 gpu_mem cur=2979MiB peak=8611MiB
Epoch 1/3 step 125200/304976 (global step 125200/914928): losses={'lm loss': 1.6253588199615479} grad_norm=0.8734 lr=1.00e-04 gpu_mem cur=2979MiB peak=8611MiB
Epoch 1/3 step 125300/304976 (global step 125300/914928): losses={'lm loss': 1.5256253480911255} grad_norm=0.8332 lr=1.00e-04 gpu_mem cur=2979MiB peak=8611MiB
Epoch 1/3 step 125400/304976 (global step 125400/914928): losses={'lm loss': 1.6628239154815674} grad_norm=0.8707 lr=1.00e-04 gpu_mem cur=2979MiB peak=8611MiB
Epoch 1/3 step 125500/304976 (global step 125500/914928): losses={'lm loss': 1.6677653789520264} grad_norm=0.8661 lr=1.00e-04 gpu_mem cur=2979MiB peak=8611MiB
Epoch 1/3 step 125600/304976 (global step 125600/914928): losses={'lm loss': 1.6308848857879639} grad_norm=0.8864 lr=1.00e-04 gpu_mem cur=2979MiB peak=8611MiB
Epoch 1/3 step 125700/304976 (global step 125700/914928): losses={'lm loss': 1.6113438606262207} grad_norm=0.8515 lr=1.00e-04 gpu_mem cur=2979MiB peak=8611MiB
Epoch 1/3 step 125800/304976 (global step 125800/914928): losses={'lm loss': 1.5999619960784912} grad_norm=0.8745 lr=1.00e-04 gpu_mem cur=2979MiB peak=8611MiB
Epoch 1/3 step 125900/304976 (global step 125900/914928): losses={'lm loss': 1.5763130187988281} grad_norm=0.8517 lr=1.00e-04 gpu_mem cur=2979MiB peak=8611MiB
Epoch 1/3 step 126000/304976 (global step 126000/914928): losses={'lm loss': 1.707324504852295} grad_norm=0.9028 lr=1.00e-04 gpu_mem cur=2979MiB peak=8611MiB
Epoch 1/3 step 126100/304976 (global step 126100/914928): losses={'lm loss': 1.7052147388458252} grad_norm=0.9052 lr=1.00e-04 gpu_mem cur=2979MiB peak=8611MiB
Epoch 1/3 step 126200/304976 (global step 126200/914928): losses={'lm loss': 1.7459185123443604} grad_norm=0.9725 lr=1.00e-04 gpu_mem cur=2979MiB peak=8611MiB
Epoch 1/3 step 126300/304976 (global step 126300/914928): losses={'lm loss': 1.7020623683929443} grad_norm=0.8948 lr=1.00e-04 gpu_mem cur=2979MiB peak=8611MiB
Epoch 1/3 step 126400/304976 (global step 126400/914928): losses={'lm loss': 1.6257002353668213} grad_norm=0.8798 lr=1.00e-04 gpu_mem cur=2979MiB peak=8611MiB
Epoch 1/3 step 126500/304976 (global step 126500/914928): losses={'lm loss': 1.7680635452270508} grad_norm=0.9139 lr=1.00e-04 gpu_mem cur=2979MiB peak=8611MiB
Epoch 1/3 step 126600/304976 (global step 126600/914928): losses={'lm loss': 1.5508613586425781} grad_norm=0.9052 lr=1.00e-04 gpu_mem cur=2979MiB peak=8611MiB
Epoch 1/3 step 126700/304976 (global step 126700/914928): losses={'lm loss': 1.5423619747161865} grad_norm=0.8390 lr=1.00e-04 gpu_mem cur=2979MiB peak=8611MiB
Epoch 1/3 step 126800/304976 (global step 126800/914928): losses={'lm loss': 1.4932266473770142} grad_norm=0.8740 lr=1.00e-04 gpu_mem cur=2979MiB peak=8611MiB
Epoch 1/3 step 126900/304976 (global step 126900/914928): losses={'lm loss': 1.450425148010254} grad_norm=0.8468 lr=1.00e-04 gpu_mem cur=2979MiB peak=8611MiB
Epoch 1/3 step 127000/304976 (global step 127000/914928): losses={'lm loss': 1.7658121585845947} grad_norm=0.8742 lr=1.00e-04 gpu_mem cur=2979MiB peak=8611MiB
Epoch 1/3 step 127100/304976 (global step 127100/914928): losses={'lm loss': 1.5957286357879639} grad_norm=0.8825 lr=1.00e-04 gpu_mem cur=2979MiB peak=8611MiB
Epoch 1/3 step 127200/304976 (global step 127200/914928): losses={'lm loss': 1.5661745071411133} grad_norm=0.8635 lr=1.00e-04 gpu_mem cur=2979MiB peak=8611MiB
Epoch 1/3 step 127300/304976 (global step 127300/914928): losses={'lm loss': 1.4435763359069824} grad_norm=0.8410 lr=1.00e-04 gpu_mem cur=2979MiB peak=8611MiB
Epoch 1/3 step 127400/304976 (global step 127400/914928): losses={'lm loss': 1.6612482070922852} grad_norm=0.8682 lr=1.00e-04 gpu_mem cur=2979MiB peak=8611MiB
Epoch 1/3 step 127500/304976 (global step 127500/914928): losses={'lm loss': 1.6890408992767334} grad_norm=0.8670 lr=1.00e-04 gpu_mem cur=2979MiB peak=8611MiB
Epoch 1/3 step 127600/304976 (global step 127600/914928): losses={'lm loss': 1.7344048023223877} grad_norm=0.8875 lr=1.00e-04 gpu_mem cur=2979MiB peak=8611MiB
Epoch 1/3 step 127700/304976 (global step 127700/914928): losses={'lm loss': 1.6114356517791748} grad_norm=0.9411 lr=1.00e-04 gpu_mem cur=2979MiB peak=8611MiB
Epoch 1/3 step 127800/304976 (global step 127800/914928): losses={'lm loss': 1.6574866771697998} grad_norm=0.8894 lr=1.00e-04 gpu_mem cur=2979MiB peak=8611MiB
Epoch 1/3 step 127900/304976 (global step 127900/914928): losses={'lm loss': 1.684850811958313} grad_norm=0.8740 lr=1.00e-04 gpu_mem cur=2979MiB peak=8611MiB
Epoch 1/3 step 128000/304976 (global step 128000/914928): losses={'lm loss': 1.581665277481079} grad_norm=0.8592 lr=1.00e-04 gpu_mem cur=2979MiB peak=8611MiB
Epoch 1/3 step 128100/304976 (global step 128100/914928): losses={'lm loss': 1.6524629592895508} grad_norm=0.8922 lr=1.00e-04 gpu_mem cur=2979MiB peak=8611MiB
Epoch 1/3 step 128200/304976 (global step 128200/914928): losses={'lm loss': 1.7132174968719482} grad_norm=0.8791 lr=1.00e-04 gpu_mem cur=2979MiB peak=8611MiB
Epoch 1/3 step 128300/304976 (global step 128300/914928): losses={'lm loss': 1.6662545204162598} grad_norm=0.8948 lr=1.00e-04 gpu_mem cur=2979MiB peak=8611MiB
Epoch 1/3 step 128400/304976 (global step 128400/914928): losses={'lm loss': 1.673681616783142} grad_norm=0.8983 lr=1.00e-04 gpu_mem cur=2979MiB peak=8611MiB
Epoch 1/3 step 128500/304976 (global step 128500/914928): losses={'lm loss': 1.5697202682495117} grad_norm=0.8628 lr=1.00e-04 gpu_mem cur=2979MiB peak=8611MiB
Epoch 1/3 step 128600/304976 (global step 128600/914928): losses={'lm loss': 1.7244073152542114} grad_norm=0.8886 lr=1.00e-04 gpu_mem cur=2979MiB peak=8611MiB
Epoch 1/3 step 128700/304976 (global step 128700/914928): losses={'lm loss': 1.502680778503418} grad_norm=0.8459 lr=1.00e-04 gpu_mem cur=2979MiB peak=8611MiB
Epoch 1/3 step 128800/304976 (global step 128800/914928): losses={'lm loss': 1.787170171737671} grad_norm=0.9220 lr=1.00e-04 gpu_mem cur=2979MiB peak=8611MiB
Epoch 1/3 step 128900/304976 (global step 128900/914928): losses={'lm loss': 1.7360687255859375} grad_norm=0.8885 lr=1.00e-04 gpu_mem cur=2979MiB peak=8611MiB
Epoch 1/3 step 129000/304976 (global step 129000/914928): losses={'lm loss': 1.8151016235351562} grad_norm=0.9424 lr=1.00e-04 gpu_mem cur=2979MiB peak=8611MiB
Epoch 1/3 step 129100/304976 (global step 129100/914928): losses={'lm loss': 1.6895554065704346} grad_norm=0.8688 lr=1.00e-04 gpu_mem cur=2979MiB peak=8611MiB
Epoch 1/3 step 129200/304976 (global step 129200/914928): losses={'lm loss': 1.6700842380523682} grad_norm=0.8795 lr=1.00e-04 gpu_mem cur=2979MiB peak=8611MiB
Epoch 1/3 step 129300/304976 (global step 129300/914928): losses={'lm loss': 1.7314332723617554} grad_norm=0.8663 lr=1.00e-04 gpu_mem cur=2979MiB peak=8611MiB
Epoch 1/3 step 129400/304976 (global step 129400/914928): losses={'lm loss': 1.5667669773101807} grad_norm=0.8640 lr=1.00e-04 gpu_mem cur=2979MiB peak=8611MiB
Epoch 1/3 step 129500/304976 (global step 129500/914928): losses={'lm loss': 1.7675831317901611} grad_norm=0.8964 lr=1.00e-04 gpu_mem cur=2979MiB peak=8611MiB
Epoch 1/3 step 129600/304976 (global step 129600/914928): losses={'lm loss': 1.8127577304840088} grad_norm=0.9237 lr=1.00e-04 gpu_mem cur=2979MiB peak=8611MiB
Epoch 1/3 step 129700/304976 (global step 129700/914928): losses={'lm loss': 1.5433440208435059} grad_norm=0.8306 lr=1.00e-04 gpu_mem cur=2979MiB peak=8611MiB
Epoch 1/3 step 129800/304976 (global step 129800/914928): losses={'lm loss': 1.6920220851898193} grad_norm=0.8921 lr=1.00e-04 gpu_mem cur=2979MiB peak=8611MiB
Epoch 1/3 step 129900/304976 (global step 129900/914928): losses={'lm loss': 1.6867996454238892} grad_norm=0.9254 lr=1.00e-04 gpu_mem cur=2979MiB peak=8611MiB
Epoch 1/3 step 130000/304976 (global step 130000/914928): losses={'lm loss': 1.562640905380249} grad_norm=0.8744 lr=1.00e-04 gpu_mem cur=2979MiB peak=8611MiB
Checkpoint saved to /home/lxk/PycharmProjects/My_megatron/examples/ckpt/step_130000
Removing old checkpoint: /home/lxk/PycharmProjects/My_megatron/examples/ckpt/step_115000
[eval] step_130000: eval_loss=1.5892
[sample 1 @ step_130000] ing by. They thought it was a sign. But the squirrel did not help them. The shadows grew long, and the chill of night set in. The owl felt a chill run down his spine. He wanted to stay out of the dark. 

Then, he noticed a cozy nest, a tiny bird. The bird sang sweetly, filling the night with song. The owl watched from afar, his heart warm. He felt a strange pull, a wish to
[sample 2 @ step_130000]  set out, thinking today would be an adventure of a lifetime.

The path was slippery and muddy from the rain. Leo stumbled and fell, but he got up quickly. He glanced back at the house, feeling both scared and excited. He had a map, drawn in bright colors. "If I follow this, will I find treasure?" he asked himself. He kept moving, following the lines in the mud.

As
[mem] gpu_mem cur=2979MiB peak=8611MiB
Epoch 1/3 step 130100/304976 (global step 130100/914928): losses={'lm loss': 1.6824028491973877} grad_norm=0.9558 lr=1.00e-04 gpu_mem cur=2979MiB peak=8611MiB
Epoch 1/3 step 130200/304976 (global step 130200/914928): losses={'lm loss': 1.723048448562622} grad_norm=0.9469 lr=1.00e-04 gpu_mem cur=2979MiB peak=8611MiB
Epoch 1/3 step 130300/304976 (global step 130300/914928): losses={'lm loss': 1.6974353790283203} grad_norm=0.8952 lr=1.00e-04 gpu_mem cur=2979MiB peak=8611MiB
Epoch 1/3 step 130400/304976 (global step 130400/914928): losses={'lm loss': 1.7053227424621582} grad_norm=0.8684 lr=1.00e-04 gpu_mem cur=2979MiB peak=8611MiB
Epoch 1/3 step 130500/304976 (global step 130500/914928): losses={'lm loss': 1.56610107421875} grad_norm=0.8773 lr=1.00e-04 gpu_mem cur=2979MiB peak=8611MiB
Epoch 1/3 step 130600/304976 (global step 130600/914928): losses={'lm loss': 1.6272857189178467} grad_norm=0.8811 lr=1.00e-04 gpu_mem cur=2979MiB peak=8611MiB
Epoch 1/3 step 130700/304976 (global step 130700/914928): losses={'lm loss': 1.6442337036132812} grad_norm=0.8816 lr=1.00e-04 gpu_mem cur=2979MiB peak=8611MiB
Epoch 1/3 step 130800/304976 (global step 130800/914928): losses={'lm loss': 1.4798978567123413} grad_norm=0.8258 lr=1.00e-04 gpu_mem cur=2979MiB peak=8611MiB
Epoch 1/3 step 130900/304976 (global step 130900/914928): losses={'lm loss': 1.5094610452651978} grad_norm=0.8515 lr=1.00e-04 gpu_mem cur=2979MiB peak=8611MiB
Epoch 1/3 step 131000/304976 (global step 131000/914928): losses={'lm loss': 1.6647205352783203} grad_norm=0.8868 lr=1.00e-04 gpu_mem cur=2979MiB peak=8611MiB
Epoch 1/3 step 131100/304976 (global step 131100/914928): losses={'lm loss': 1.6547514200210571} grad_norm=0.8717 lr=1.00e-04 gpu_mem cur=2979MiB peak=8611MiB
Epoch 1/3 step 131200/304976 (global step 131200/914928): losses={'lm loss': 1.5595335960388184} grad_norm=0.8527 lr=1.00e-04 gpu_mem cur=2979MiB peak=8611MiB
Epoch 1/3 step 131300/304976 (global step 131300/914928): losses={'lm loss': 1.548882007598877} grad_norm=0.8358 lr=1.00e-04 gpu_mem cur=2979MiB peak=8611MiB
Epoch 1/3 step 131400/304976 (global step 131400/914928): losses={'lm loss': 1.415053129196167} grad_norm=0.7993 lr=1.00e-04 gpu_mem cur=2979MiB peak=8611MiB
Epoch 1/3 step 131500/304976 (global step 131500/914928): losses={'lm loss': 1.6566165685653687} grad_norm=0.8698 lr=1.00e-04 gpu_mem cur=2979MiB peak=8611MiB
Epoch 1/3 step 131600/304976 (global step 131600/914928): losses={'lm loss': 1.5468506813049316} grad_norm=0.8340 lr=1.00e-04 gpu_mem cur=2979MiB peak=8611MiB
Epoch 1/3 step 131700/304976 (global step 131700/914928): losses={'lm loss': 1.5298516750335693} grad_norm=0.8637 lr=1.00e-04 gpu_mem cur=2979MiB peak=8611MiB
Epoch 1/3 step 131800/304976 (global step 131800/914928): losses={'lm loss': 1.7808254957199097} grad_norm=0.9102 lr=1.00e-04 gpu_mem cur=2979MiB peak=8611MiB
Epoch 1/3 step 131900/304976 (global step 131900/914928): losses={'lm loss': 1.6879816055297852} grad_norm=0.8723 lr=1.00e-04 gpu_mem cur=2979MiB peak=8611MiB
Epoch 1/3 step 132000/304976 (global step 132000/914928): losses={'lm loss': 1.590396523475647} grad_norm=0.8860 lr=1.00e-04 gpu_mem cur=2979MiB peak=8611MiB
Epoch 1/3 step 132100/304976 (global step 132100/914928): losses={'lm loss': 1.5519373416900635} grad_norm=0.9480 lr=1.00e-04 gpu_mem cur=2979MiB peak=8611MiB
Epoch 1/3 step 132200/304976 (global step 132200/914928): losses={'lm loss': 1.58109450340271} grad_norm=0.8795 lr=1.00e-04 gpu_mem cur=2979MiB peak=8611MiB
Epoch 1/3 step 132300/304976 (global step 132300/914928): losses={'lm loss': 1.6854805946350098} grad_norm=0.8594 lr=1.00e-04 gpu_mem cur=2979MiB peak=8611MiB
Epoch 1/3 step 132400/304976 (global step 132400/914928): losses={'lm loss': 1.72068452835083} grad_norm=0.8680 lr=1.00e-04 gpu_mem cur=2979MiB peak=8611MiB
Epoch 1/3 step 132500/304976 (global step 132500/914928): losses={'lm loss': 1.7393968105316162} grad_norm=0.8922 lr=1.00e-04 gpu_mem cur=2979MiB peak=8611MiB
Epoch 1/3 step 132600/304976 (global step 132600/914928): losses={'lm loss': 1.5843346118927002} grad_norm=0.8528 lr=1.00e-04 gpu_mem cur=2979MiB peak=8611MiB
Epoch 1/3 step 132700/304976 (global step 132700/914928): losses={'lm loss': 1.5620747804641724} grad_norm=0.8551 lr=1.00e-04 gpu_mem cur=2979MiB peak=8611MiB
Epoch 1/3 step 132800/304976 (global step 132800/914928): losses={'lm loss': 1.6052809953689575} grad_norm=0.8457 lr=1.00e-04 gpu_mem cur=2979MiB peak=8611MiB
Epoch 1/3 step 132900/304976 (global step 132900/914928): losses={'lm loss': 1.6742753982543945} grad_norm=0.8962 lr=1.00e-04 gpu_mem cur=2979MiB peak=8611MiB
Epoch 1/3 step 133000/304976 (global step 133000/914928): losses={'lm loss': 1.6176221370697021} grad_norm=0.8768 lr=1.00e-04 gpu_mem cur=2979MiB peak=8611MiB
Epoch 1/3 step 133100/304976 (global step 133100/914928): losses={'lm loss': 1.7308841943740845} grad_norm=0.8855 lr=1.00e-04 gpu_mem cur=2979MiB peak=8611MiB
Epoch 1/3 step 133200/304976 (global step 133200/914928): losses={'lm loss': 1.546106219291687} grad_norm=0.8417 lr=1.00e-04 gpu_mem cur=2979MiB peak=8611MiB
Epoch 1/3 step 133300/304976 (global step 133300/914928): losses={'lm loss': 1.5449942350387573} grad_norm=0.8144 lr=1.00e-04 gpu_mem cur=2979MiB peak=8611MiB
Epoch 1/3 step 133400/304976 (global step 133400/914928): losses={'lm loss': 1.533707857131958} grad_norm=0.8698 lr=1.00e-04 gpu_mem cur=2979MiB peak=8611MiB
Epoch 1/3 step 133500/304976 (global step 133500/914928): losses={'lm loss': 1.741715669631958} grad_norm=0.9419 lr=1.00e-04 gpu_mem cur=2979MiB peak=8611MiB
Epoch 1/3 step 133600/304976 (global step 133600/914928): losses={'lm loss': 1.731749415397644} grad_norm=0.9153 lr=1.00e-04 gpu_mem cur=2979MiB peak=8611MiB
Epoch 1/3 step 133700/304976 (global step 133700/914928): losses={'lm loss': 1.55104660987854} grad_norm=0.8342 lr=1.00e-04 gpu_mem cur=2979MiB peak=8611MiB
Epoch 1/3 step 133800/304976 (global step 133800/914928): losses={'lm loss': 1.4528523683547974} grad_norm=0.8003 lr=1.00e-04 gpu_mem cur=2979MiB peak=8611MiB
Epoch 1/3 step 133900/304976 (global step 133900/914928): losses={'lm loss': 1.5508003234863281} grad_norm=0.8472 lr=1.00e-04 gpu_mem cur=2979MiB peak=8611MiB
Epoch 1/3 step 134000/304976 (global step 134000/914928): losses={'lm loss': 1.5443034172058105} grad_norm=0.8395 lr=1.00e-04 gpu_mem cur=2979MiB peak=8611MiB
Epoch 1/3 step 134100/304976 (global step 134100/914928): losses={'lm loss': 1.6541987657546997} grad_norm=0.8355 lr=1.00e-04 gpu_mem cur=2979MiB peak=8611MiB
Epoch 1/3 step 134200/304976 (global step 134200/914928): losses={'lm loss': 1.5569086074829102} grad_norm=0.9084 lr=1.00e-04 gpu_mem cur=2979MiB peak=8611MiB
Epoch 1/3 step 134300/304976 (global step 134300/914928): losses={'lm loss': 1.413859486579895} grad_norm=0.8181 lr=1.00e-04 gpu_mem cur=2979MiB peak=8611MiB
Epoch 1/3 step 134400/304976 (global step 134400/914928): losses={'lm loss': 1.696926236152649} grad_norm=0.8977 lr=1.00e-04 gpu_mem cur=2979MiB peak=8611MiB
Epoch 1/3 step 134500/304976 (global step 134500/914928): losses={'lm loss': 1.563216209411621} grad_norm=0.8057 lr=1.00e-04 gpu_mem cur=2979MiB peak=8611MiB
Epoch 1/3 step 134600/304976 (global step 134600/914928): losses={'lm loss': 1.7977184057235718} grad_norm=0.9040 lr=1.00e-04 gpu_mem cur=2979MiB peak=8611MiB
Epoch 1/3 step 134700/304976 (global step 134700/914928): losses={'lm loss': 1.789666771888733} grad_norm=0.8944 lr=1.00e-04 gpu_mem cur=2979MiB peak=8611MiB
Epoch 1/3 step 134800/304976 (global step 134800/914928): losses={'lm loss': 1.7468461990356445} grad_norm=0.8754 lr=1.00e-04 gpu_mem cur=2979MiB peak=8611MiB
Epoch 1/3 step 134900/304976 (global step 134900/914928): losses={'lm loss': 1.662719488143921} grad_norm=0.9225 lr=1.00e-04 gpu_mem cur=2979MiB peak=8611MiB
Epoch 1/3 step 135000/304976 (global step 135000/914928): losses={'lm loss': 1.7684175968170166} grad_norm=0.8837 lr=1.00e-04 gpu_mem cur=2979MiB peak=8611MiB
Checkpoint saved to /home/lxk/PycharmProjects/My_megatron/examples/ckpt/step_135000
Removing old checkpoint: /home/lxk/PycharmProjects/My_megatron/examples/ckpt/step_120000
[eval] step_135000: eval_loss=1.5806
[sample 1 @ step_135000] ing by. They thought it was a sign. But the squirrel did not help them. The shadows grew long, and the chill of night set in. The tiny animals felt the weight of their choice. They knew they had to act.

The next day, the animals gathered by the stream. They shared their fear and hope. Each animal felt the weight of the little squirrel's sorrow. They decided to work together. They made a plan to gather food for all
[sample 2 @ step_135000]  set out, thinking today would be an adventure of a lifetime.

The path was slippery and muddy from the rain. Some little animals were scared of the dark woods. Others were worried but kept going. Anne felt brave. She wanted to help everyone. After a while, they found a little rabbit trapped under a fallen branch. 

The rabbit was small and scared. Anne rushed to help it. With gentle hands, she freed
[mem] gpu_mem cur=2979MiB peak=8611MiB
Epoch 1/3 step 135100/304976 (global step 135100/914928): losses={'lm loss': 1.5703797340393066} grad_norm=0.8610 lr=1.00e-04 gpu_mem cur=2979MiB peak=8611MiB
Epoch 1/3 step 135200/304976 (global step 135200/914928): losses={'lm loss': 1.559443473815918} grad_norm=0.8509 lr=1.00e-04 gpu_mem cur=2979MiB peak=8611MiB
Epoch 1/3 step 135300/304976 (global step 135300/914928): losses={'lm loss': 1.6266382932662964} grad_norm=0.8640 lr=1.00e-04 gpu_mem cur=2979MiB peak=8611MiB
Epoch 1/3 step 135400/304976 (global step 135400/914928): losses={'lm loss': 1.659504771232605} grad_norm=0.8416 lr=1.00e-04 gpu_mem cur=2979MiB peak=8611MiB
Epoch 1/3 step 135500/304976 (global step 135500/914928): losses={'lm loss': 1.5271599292755127} grad_norm=0.8526 lr=1.00e-04 gpu_mem cur=2979MiB peak=8611MiB
Epoch 1/3 step 135600/304976 (global step 135600/914928): losses={'lm loss': 1.5871949195861816} grad_norm=0.9184 lr=1.00e-04 gpu_mem cur=2979MiB peak=8611MiB
Epoch 1/3 step 135700/304976 (global step 135700/914928): losses={'lm loss': 1.829014539718628} grad_norm=0.9440 lr=1.00e-04 gpu_mem cur=2979MiB peak=8611MiB
Epoch 1/3 step 135800/304976 (global step 135800/914928): losses={'lm loss': 1.5871115922927856} grad_norm=0.8866 lr=1.00e-04 gpu_mem cur=2979MiB peak=8611MiB
Epoch 1/3 step 135900/304976 (global step 135900/914928): losses={'lm loss': 1.6960946321487427} grad_norm=0.8892 lr=1.00e-04 gpu_mem cur=2979MiB peak=8611MiB
Epoch 1/3 step 136000/304976 (global step 136000/914928): losses={'lm loss': 1.5200988054275513} grad_norm=0.8111 lr=1.00e-04 gpu_mem cur=2979MiB peak=8611MiB
Epoch 1/3 step 136100/304976 (global step 136100/914928): losses={'lm loss': 1.6675820350646973} grad_norm=0.8900 lr=1.00e-04 gpu_mem cur=2979MiB peak=8611MiB
Epoch 1/3 step 136200/304976 (global step 136200/914928): losses={'lm loss': 1.6476222276687622} grad_norm=0.8659 lr=1.00e-04 gpu_mem cur=2979MiB peak=8611MiB
Epoch 1/3 step 136300/304976 (global step 136300/914928): losses={'lm loss': 1.5627717971801758} grad_norm=0.8543 lr=1.00e-04 gpu_mem cur=2979MiB peak=8611MiB
Epoch 1/3 step 136400/304976 (global step 136400/914928): losses={'lm loss': 1.7376682758331299} grad_norm=0.8714 lr=1.00e-04 gpu_mem cur=2979MiB peak=8611MiB
Epoch 1/3 step 136500/304976 (global step 136500/914928): losses={'lm loss': 1.4417567253112793} grad_norm=0.8425 lr=1.00e-04 gpu_mem cur=2979MiB peak=8611MiB
Epoch 1/3 step 136600/304976 (global step 136600/914928): losses={'lm loss': 1.7076677083969116} grad_norm=0.9080 lr=1.00e-04 gpu_mem cur=2979MiB peak=8611MiB
Epoch 1/3 step 136700/304976 (global step 136700/914928): losses={'lm loss': 1.5818153619766235} grad_norm=0.8433 lr=1.00e-04 gpu_mem cur=2979MiB peak=8611MiB
Epoch 1/3 step 136800/304976 (global step 136800/914928): losses={'lm loss': 1.6398823261260986} grad_norm=0.8513 lr=1.00e-04 gpu_mem cur=2979MiB peak=8611MiB
Epoch 1/3 step 136900/304976 (global step 136900/914928): losses={'lm loss': 1.569568395614624} grad_norm=0.8532 lr=1.00e-04 gpu_mem cur=2979MiB peak=8611MiB
Epoch 1/3 step 137000/304976 (global step 137000/914928): losses={'lm loss': 1.5952092409133911} grad_norm=0.8651 lr=1.00e-04 gpu_mem cur=2979MiB peak=8611MiB
Epoch 1/3 step 137100/304976 (global step 137100/914928): losses={'lm loss': 1.7879915237426758} grad_norm=0.8871 lr=1.00e-04 gpu_mem cur=2979MiB peak=8611MiB
Epoch 1/3 step 137200/304976 (global step 137200/914928): losses={'lm loss': 1.7019379138946533} grad_norm=0.8725 lr=1.00e-04 gpu_mem cur=2979MiB peak=8611MiB
Epoch 1/3 step 137300/304976 (global step 137300/914928): losses={'lm loss': 1.6161143779754639} grad_norm=0.8984 lr=1.00e-04 gpu_mem cur=2979MiB peak=8611MiB
Epoch 1/3 step 137400/304976 (global step 137400/914928): losses={'lm loss': 1.5707039833068848} grad_norm=0.8418 lr=1.00e-04 gpu_mem cur=2979MiB peak=8611MiB
Epoch 1/3 step 137500/304976 (global step 137500/914928): losses={'lm loss': 1.531589150428772} grad_norm=0.8428 lr=1.00e-04 gpu_mem cur=2979MiB peak=8611MiB
Epoch 1/3 step 137600/304976 (global step 137600/914928): losses={'lm loss': 1.5563749074935913} grad_norm=0.8733 lr=1.00e-04 gpu_mem cur=2979MiB peak=8611MiB
Epoch 1/3 step 137700/304976 (global step 137700/914928): losses={'lm loss': 1.5215520858764648} grad_norm=0.8353 lr=1.00e-04 gpu_mem cur=2979MiB peak=8611MiB
Epoch 1/3 step 137800/304976 (global step 137800/914928): losses={'lm loss': 1.5538761615753174} grad_norm=0.8554 lr=1.00e-04 gpu_mem cur=2979MiB peak=8611MiB
Epoch 1/3 step 137900/304976 (global step 137900/914928): losses={'lm loss': 1.7014946937561035} grad_norm=0.9017 lr=1.00e-04 gpu_mem cur=2979MiB peak=8611MiB
Epoch 1/3 step 138000/304976 (global step 138000/914928): losses={'lm loss': 1.5950816869735718} grad_norm=0.8753 lr=1.00e-04 gpu_mem cur=2979MiB peak=8611MiB
Epoch 1/3 step 138100/304976 (global step 138100/914928): losses={'lm loss': 1.5882246494293213} grad_norm=0.8540 lr=1.00e-04 gpu_mem cur=2979MiB peak=8611MiB
Epoch 1/3 step 138200/304976 (global step 138200/914928): losses={'lm loss': 1.585798978805542} grad_norm=0.8780 lr=1.00e-04 gpu_mem cur=2979MiB peak=8611MiB
Epoch 1/3 step 138300/304976 (global step 138300/914928): losses={'lm loss': 1.523683786392212} grad_norm=0.8416 lr=1.00e-04 gpu_mem cur=2979MiB peak=8611MiB
Epoch 1/3 step 138400/304976 (global step 138400/914928): losses={'lm loss': 1.7589449882507324} grad_norm=0.9065 lr=1.00e-04 gpu_mem cur=2979MiB peak=8611MiB
Epoch 1/3 step 138500/304976 (global step 138500/914928): losses={'lm loss': 1.6732707023620605} grad_norm=0.8905 lr=1.00e-04 gpu_mem cur=2979MiB peak=8611MiB
Epoch 1/3 step 138600/304976 (global step 138600/914928): losses={'lm loss': 1.6371731758117676} grad_norm=0.8814 lr=1.00e-04 gpu_mem cur=2979MiB peak=8611MiB
Epoch 1/3 step 138700/304976 (global step 138700/914928): losses={'lm loss': 1.7678476572036743} grad_norm=0.9211 lr=1.00e-04 gpu_mem cur=2979MiB peak=8611MiB
Epoch 1/3 step 138800/304976 (global step 138800/914928): losses={'lm loss': 1.7129535675048828} grad_norm=0.9009 lr=1.00e-04 gpu_mem cur=2979MiB peak=8611MiB
Epoch 1/3 step 138900/304976 (global step 138900/914928): losses={'lm loss': 1.6401817798614502} grad_norm=0.8590 lr=1.00e-04 gpu_mem cur=2979MiB peak=8611MiB
Epoch 1/3 step 139000/304976 (global step 139000/914928): losses={'lm loss': 1.4812402725219727} grad_norm=0.8390 lr=1.00e-04 gpu_mem cur=2979MiB peak=8611MiB
Epoch 1/3 step 139100/304976 (global step 139100/914928): losses={'lm loss': 1.5903689861297607} grad_norm=0.8555 lr=1.00e-04 gpu_mem cur=2979MiB peak=8611MiB
Epoch 1/3 step 139200/304976 (global step 139200/914928): losses={'lm loss': 1.6347581148147583} grad_norm=0.8705 lr=1.00e-04 gpu_mem cur=2979MiB peak=8611MiB
Epoch 1/3 step 139300/304976 (global step 139300/914928): losses={'lm loss': 1.7102206945419312} grad_norm=0.8775 lr=1.00e-04 gpu_mem cur=2979MiB peak=8611MiB
Epoch 1/3 step 139400/304976 (global step 139400/914928): losses={'lm loss': 1.6490139961242676} grad_norm=0.8758 lr=1.00e-04 gpu_mem cur=2979MiB peak=8611MiB
Epoch 1/3 step 139500/304976 (global step 139500/914928): losses={'lm loss': 1.5458884239196777} grad_norm=0.8702 lr=1.00e-04 gpu_mem cur=2979MiB peak=8611MiB
Epoch 1/3 step 139600/304976 (global step 139600/914928): losses={'lm loss': 1.5867691040039062} grad_norm=0.8495 lr=1.00e-04 gpu_mem cur=2979MiB peak=8611MiB
Epoch 1/3 step 139700/304976 (global step 139700/914928): losses={'lm loss': 1.6234712600708008} grad_norm=0.8629 lr=1.00e-04 gpu_mem cur=2979MiB peak=8611MiB
Epoch 1/3 step 139800/304976 (global step 139800/914928): losses={'lm loss': 1.6831636428833008} grad_norm=0.8683 lr=1.00e-04 gpu_mem cur=2979MiB peak=8611MiB
Epoch 1/3 step 139900/304976 (global step 139900/914928): losses={'lm loss': 1.5115162134170532} grad_norm=0.8066 lr=1.00e-04 gpu_mem cur=2979MiB peak=8611MiB
Epoch 1/3 step 140000/304976 (global step 140000/914928): losses={'lm loss': 1.5123891830444336} grad_norm=0.8661 lr=1.00e-04 gpu_mem cur=2979MiB peak=8611MiB
Checkpoint saved to /home/lxk/PycharmProjects/My_megatron/examples/ckpt/step_140000
Removing old checkpoint: /home/lxk/PycharmProjects/My_megatron/examples/ckpt/step_125000
[eval] step_140000: eval_loss=1.5757
[sample 1 @ step_140000] ing by. They thought it was a sign. But the squirrel did not help them. The shadows grew long, and the chill of night set in. The friends felt lost and scared.

Finally, the girl decided to leave. She wanted to find the squirrel. She walked through the dark streets, calling his name. The shadows seemed to close in. Suddenly, she heard a soft sound. It was the squirrel, stuck in a bush. The girl rushed toward it
[sample 2 @ step_140000]  set out, thinking today would be an adventure of a lifetime.

The path was slippery and muddy from the rain. Alex felt tired and wanted to give up. But then he remembered the warmth of his mother's smile. "Every step forward is taken with care," he told himself. So, he took a deep breath and pushed through the puddles, feeling brave.

Soon, he reached the edge of a sparkling cave.
[mem] gpu_mem cur=2979MiB peak=8611MiB
Epoch 1/3 step 140100/304976 (global step 140100/914928): losses={'lm loss': 1.7511794567108154} grad_norm=0.8770 lr=1.00e-04 gpu_mem cur=2979MiB peak=8611MiB
Epoch 1/3 step 140200/304976 (global step 140200/914928): losses={'lm loss': 1.741971731185913} grad_norm=0.8871 lr=1.00e-04 gpu_mem cur=2979MiB peak=8611MiB
Epoch 1/3 step 140300/304976 (global step 140300/914928): losses={'lm loss': 1.7393333911895752} grad_norm=0.8769 lr=1.00e-04 gpu_mem cur=2979MiB peak=8611MiB
Epoch 1/3 step 140400/304976 (global step 140400/914928): losses={'lm loss': 1.5353224277496338} grad_norm=0.8237 lr=1.00e-04 gpu_mem cur=2979MiB peak=8611MiB
Epoch 1/3 step 140500/304976 (global step 140500/914928): losses={'lm loss': 1.6059906482696533} grad_norm=0.8725 lr=1.00e-04 gpu_mem cur=2979MiB peak=8611MiB
Epoch 1/3 step 140600/304976 (global step 140600/914928): losses={'lm loss': 1.5630186796188354} grad_norm=0.8430 lr=1.00e-04 gpu_mem cur=2979MiB peak=8611MiB
Epoch 1/3 step 140700/304976 (global step 140700/914928): losses={'lm loss': 1.6687870025634766} grad_norm=0.8662 lr=1.00e-04 gpu_mem cur=2979MiB peak=8611MiB
Epoch 1/3 step 140800/304976 (global step 140800/914928): losses={'lm loss': 1.814050555229187} grad_norm=0.8813 lr=1.00e-04 gpu_mem cur=2979MiB peak=8611MiB
Epoch 1/3 step 140900/304976 (global step 140900/914928): losses={'lm loss': 1.6240732669830322} grad_norm=0.8299 lr=1.00e-04 gpu_mem cur=2979MiB peak=8611MiB
Epoch 1/3 step 141000/304976 (global step 141000/914928): losses={'lm loss': 1.6604878902435303} grad_norm=0.8613 lr=1.00e-04 gpu_mem cur=2979MiB peak=8611MiB
Epoch 1/3 step 141100/304976 (global step 141100/914928): losses={'lm loss': 1.6952166557312012} grad_norm=0.9059 lr=1.00e-04 gpu_mem cur=2979MiB peak=8611MiB
Epoch 1/3 step 141200/304976 (global step 141200/914928): losses={'lm loss': 1.4450697898864746} grad_norm=0.8521 lr=1.00e-04 gpu_mem cur=2979MiB peak=8611MiB
Epoch 1/3 step 141300/304976 (global step 141300/914928): losses={'lm loss': 1.642927885055542} grad_norm=0.8657 lr=1.00e-04 gpu_mem cur=2979MiB peak=8611MiB
Epoch 1/3 step 141400/304976 (global step 141400/914928): losses={'lm loss': 1.528069257736206} grad_norm=0.8773 lr=1.00e-04 gpu_mem cur=2979MiB peak=8611MiB
Epoch 1/3 step 141500/304976 (global step 141500/914928): losses={'lm loss': 1.6942336559295654} grad_norm=0.9220 lr=1.00e-04 gpu_mem cur=2979MiB peak=8611MiB
Epoch 1/3 step 141600/304976 (global step 141600/914928): losses={'lm loss': 1.8978561162948608} grad_norm=0.9331 lr=1.00e-04 gpu_mem cur=2979MiB peak=8611MiB
Epoch 1/3 step 141700/304976 (global step 141700/914928): losses={'lm loss': 1.5853345394134521} grad_norm=0.8489 lr=1.00e-04 gpu_mem cur=2979MiB peak=8611MiB
Epoch 1/3 step 141800/304976 (global step 141800/914928): losses={'lm loss': 1.5787615776062012} grad_norm=0.8337 lr=1.00e-04 gpu_mem cur=2979MiB peak=8611MiB
Epoch 1/3 step 141900/304976 (global step 141900/914928): losses={'lm loss': 1.4901642799377441} grad_norm=0.7825 lr=1.00e-04 gpu_mem cur=2979MiB peak=8611MiB
Epoch 1/3 step 142000/304976 (global step 142000/914928): losses={'lm loss': 1.6633460521697998} grad_norm=0.8815 lr=1.00e-04 gpu_mem cur=2979MiB peak=8611MiB
Epoch 1/3 step 142100/304976 (global step 142100/914928): losses={'lm loss': 1.5347977876663208} grad_norm=0.8446 lr=1.00e-04 gpu_mem cur=2979MiB peak=8611MiB
Epoch 1/3 step 142200/304976 (global step 142200/914928): losses={'lm loss': 1.576813817024231} grad_norm=0.8931 lr=1.00e-04 gpu_mem cur=2979MiB peak=8611MiB
Epoch 1/3 step 142300/304976 (global step 142300/914928): losses={'lm loss': 1.5337642431259155} grad_norm=0.8087 lr=1.00e-04 gpu_mem cur=2979MiB peak=8611MiB
Epoch 1/3 step 142400/304976 (global step 142400/914928): losses={'lm loss': 1.5211042165756226} grad_norm=0.8507 lr=1.00e-04 gpu_mem cur=2979MiB peak=8611MiB
Epoch 1/3 step 142500/304976 (global step 142500/914928): losses={'lm loss': 1.6057193279266357} grad_norm=0.8624 lr=1.00e-04 gpu_mem cur=2979MiB peak=8611MiB
Epoch 1/3 step 142600/304976 (global step 142600/914928): losses={'lm loss': 1.4784114360809326} grad_norm=0.8292 lr=1.00e-04 gpu_mem cur=2979MiB peak=8611MiB
Epoch 1/3 step 142700/304976 (global step 142700/914928): losses={'lm loss': 1.5534453392028809} grad_norm=0.8791 lr=1.00e-04 gpu_mem cur=2979MiB peak=8611MiB
Epoch 1/3 step 142800/304976 (global step 142800/914928): losses={'lm loss': 1.5949344635009766} grad_norm=0.8381 lr=1.00e-04 gpu_mem cur=2979MiB peak=8611MiB
Epoch 1/3 step 142900/304976 (global step 142900/914928): losses={'lm loss': 1.6344752311706543} grad_norm=0.8358 lr=1.00e-04 gpu_mem cur=2979MiB peak=8611MiB
Epoch 1/3 step 143000/304976 (global step 143000/914928): losses={'lm loss': 1.6883119344711304} grad_norm=0.8769 lr=1.00e-04 gpu_mem cur=2979MiB peak=8611MiB
Epoch 1/3 step 143100/304976 (global step 143100/914928): losses={'lm loss': 1.6691945791244507} grad_norm=0.8708 lr=1.00e-04 gpu_mem cur=2979MiB peak=8611MiB
Epoch 1/3 step 143200/304976 (global step 143200/914928): losses={'lm loss': 1.6121065616607666} grad_norm=0.8724 lr=1.00e-04 gpu_mem cur=2979MiB peak=8611MiB
Epoch 1/3 step 143300/304976 (global step 143300/914928): losses={'lm loss': 1.528775930404663} grad_norm=0.8282 lr=1.00e-04 gpu_mem cur=2979MiB peak=8611MiB
Epoch 1/3 step 143400/304976 (global step 143400/914928): losses={'lm loss': 1.5790174007415771} grad_norm=0.8423 lr=1.00e-04 gpu_mem cur=2979MiB peak=8611MiB
Epoch 1/3 step 143500/304976 (global step 143500/914928): losses={'lm loss': 1.6549097299575806} grad_norm=0.8916 lr=1.00e-04 gpu_mem cur=2979MiB peak=8611MiB
Epoch 1/3 step 143600/304976 (global step 143600/914928): losses={'lm loss': 1.5328543186187744} grad_norm=0.8328 lr=1.00e-04 gpu_mem cur=2979MiB peak=8611MiB
Epoch 1/3 step 143700/304976 (global step 143700/914928): losses={'lm loss': 1.534883737564087} grad_norm=0.8320 lr=1.00e-04 gpu_mem cur=2979MiB peak=8611MiB
Epoch 1/3 step 143800/304976 (global step 143800/914928): losses={'lm loss': 1.5873709917068481} grad_norm=0.8794 lr=1.00e-04 gpu_mem cur=2979MiB peak=8611MiB
Epoch 1/3 step 143900/304976 (global step 143900/914928): losses={'lm loss': 1.5491570234298706} grad_norm=0.8332 lr=1.00e-04 gpu_mem cur=2979MiB peak=8611MiB
Epoch 1/3 step 144000/304976 (global step 144000/914928): losses={'lm loss': 1.7696967124938965} grad_norm=0.9184 lr=1.00e-04 gpu_mem cur=2979MiB peak=8611MiB
Epoch 1/3 step 144100/304976 (global step 144100/914928): losses={'lm loss': 1.4826714992523193} grad_norm=0.8510 lr=1.00e-04 gpu_mem cur=2979MiB peak=8611MiB
Epoch 1/3 step 144200/304976 (global step 144200/914928): losses={'lm loss': 1.4899530410766602} grad_norm=0.8733 lr=1.00e-04 gpu_mem cur=2979MiB peak=8611MiB
Epoch 1/3 step 144300/304976 (global step 144300/914928): losses={'lm loss': 1.5998377799987793} grad_norm=0.8379 lr=1.00e-04 gpu_mem cur=2979MiB peak=8611MiB
Epoch 1/3 step 144400/304976 (global step 144400/914928): losses={'lm loss': 1.5503857135772705} grad_norm=0.8255 lr=1.00e-04 gpu_mem cur=2979MiB peak=8611MiB
Epoch 1/3 step 144500/304976 (global step 144500/914928): losses={'lm loss': 1.571903944015503} grad_norm=0.8362 lr=1.00e-04 gpu_mem cur=2979MiB peak=8611MiB
Epoch 1/3 step 144600/304976 (global step 144600/914928): losses={'lm loss': 1.636664628982544} grad_norm=0.8804 lr=1.00e-04 gpu_mem cur=2979MiB peak=8611MiB
Epoch 1/3 step 144700/304976 (global step 144700/914928): losses={'lm loss': 1.686261534690857} grad_norm=0.8715 lr=1.00e-04 gpu_mem cur=2979MiB peak=8611MiB
Epoch 1/3 step 144800/304976 (global step 144800/914928): losses={'lm loss': 1.6881966590881348} grad_norm=0.8787 lr=1.00e-04 gpu_mem cur=2979MiB peak=8611MiB
Epoch 1/3 step 144900/304976 (global step 144900/914928): losses={'lm loss': 1.4999594688415527} grad_norm=0.8598 lr=1.00e-04 gpu_mem cur=2979MiB peak=8611MiB
Epoch 1/3 step 145000/304976 (global step 145000/914928): losses={'lm loss': 1.7387324571609497} grad_norm=0.8818 lr=1.00e-04 gpu_mem cur=2979MiB peak=8611MiB
Checkpoint saved to /home/lxk/PycharmProjects/My_megatron/examples/ckpt/step_145000
Removing old checkpoint: /home/lxk/PycharmProjects/My_megatron/examples/ckpt/step_130000
[eval] step_145000: eval_loss=1.5711
[sample 1 @ step_145000] ing by. They thought it was a sign. But the squirrel did not help them. The shadows grew long, and the chill of night set in. The girl felt the weight of her family's tradition on her shoulders.

Suddenly, she heard a noise. It was the tiny creatures, but they looked scared. "Help us!" they cried. "The Great Oak is near!" The girl's heart raced. What did they need? She knew she had
[sample 2 @ step_145000]  set out, thinking today would be an adventure of a lifetime.

The path was slippery and muddy from the rain. Kim slipped and fell, trying to get up. The robot, a good friend, watched her from above. "You can do it!" it cheered. Kim laughed, but soon, she got tired and cold. 

The robot's footsteps echoed in the quiet woods. "Are you okay?" it asked. Kim
[mem] gpu_mem cur=2979MiB peak=8611MiB
Epoch 1/3 step 145100/304976 (global step 145100/914928): losses={'lm loss': 1.5047588348388672} grad_norm=0.8182 lr=1.00e-04 gpu_mem cur=2979MiB peak=8611MiB
Epoch 1/3 step 145200/304976 (global step 145200/914928): losses={'lm loss': 1.5691704750061035} grad_norm=0.8056 lr=1.00e-04 gpu_mem cur=2979MiB peak=8611MiB
Epoch 1/3 step 145300/304976 (global step 145300/914928): losses={'lm loss': 1.7365984916687012} grad_norm=0.9114 lr=1.00e-04 gpu_mem cur=2979MiB peak=8611MiB
Epoch 1/3 step 145400/304976 (global step 145400/914928): losses={'lm loss': 1.5988037586212158} grad_norm=0.8185 lr=1.00e-04 gpu_mem cur=2979MiB peak=8611MiB
Epoch 1/3 step 145500/304976 (global step 145500/914928): losses={'lm loss': 1.5220646858215332} grad_norm=0.8233 lr=1.00e-04 gpu_mem cur=2979MiB peak=8611MiB
Epoch 1/3 step 145600/304976 (global step 145600/914928): losses={'lm loss': 1.6120871305465698} grad_norm=0.8710 lr=1.00e-04 gpu_mem cur=2979MiB peak=8611MiB
Epoch 1/3 step 145700/304976 (global step 145700/914928): losses={'lm loss': 1.5747098922729492} grad_norm=0.8409 lr=1.00e-04 gpu_mem cur=2979MiB peak=8611MiB
Epoch 1/3 step 145800/304976 (global step 145800/914928): losses={'lm loss': 1.3772456645965576} grad_norm=0.8044 lr=1.00e-04 gpu_mem cur=2979MiB peak=8611MiB
Epoch 1/3 step 145900/304976 (global step 145900/914928): losses={'lm loss': 1.5601818561553955} grad_norm=0.8348 lr=1.00e-04 gpu_mem cur=2979MiB peak=8611MiB
Epoch 1/3 step 146000/304976 (global step 146000/914928): losses={'lm loss': 1.5366530418395996} grad_norm=0.8401 lr=1.00e-04 gpu_mem cur=2979MiB peak=8611MiB
Epoch 1/3 step 146100/304976 (global step 146100/914928): losses={'lm loss': 1.7076719999313354} grad_norm=0.8880 lr=1.00e-04 gpu_mem cur=2979MiB peak=8611MiB
Epoch 1/3 step 146200/304976 (global step 146200/914928): losses={'lm loss': 1.5447396039962769} grad_norm=0.8380 lr=1.00e-04 gpu_mem cur=2979MiB peak=8611MiB
Epoch 1/3 step 146300/304976 (global step 146300/914928): losses={'lm loss': 1.6330904960632324} grad_norm=0.8377 lr=1.00e-04 gpu_mem cur=2979MiB peak=8611MiB
Epoch 1/3 step 146400/304976 (global step 146400/914928): losses={'lm loss': 1.586737871170044} grad_norm=0.8464 lr=1.00e-04 gpu_mem cur=2979MiB peak=8611MiB
Epoch 1/3 step 146500/304976 (global step 146500/914928): losses={'lm loss': 1.5461575984954834} grad_norm=0.8396 lr=1.00e-04 gpu_mem cur=2979MiB peak=8611MiB
Epoch 1/3 step 146600/304976 (global step 146600/914928): losses={'lm loss': 1.6429705619812012} grad_norm=0.8484 lr=1.00e-04 gpu_mem cur=2979MiB peak=8611MiB
Epoch 1/3 step 146700/304976 (global step 146700/914928): losses={'lm loss': 1.47206449508667} grad_norm=0.8126 lr=1.00e-04 gpu_mem cur=2979MiB peak=8611MiB
Epoch 1/3 step 146800/304976 (global step 146800/914928): losses={'lm loss': 1.557227611541748} grad_norm=0.8199 lr=1.00e-04 gpu_mem cur=2979MiB peak=8611MiB
Epoch 1/3 step 146900/304976 (global step 146900/914928): losses={'lm loss': 1.6503770351409912} grad_norm=0.8327 lr=1.00e-04 gpu_mem cur=2979MiB peak=8611MiB
Epoch 1/3 step 147000/304976 (global step 147000/914928): losses={'lm loss': 1.6016019582748413} grad_norm=0.8564 lr=1.00e-04 gpu_mem cur=2979MiB peak=8611MiB
Epoch 1/3 step 147100/304976 (global step 147100/914928): losses={'lm loss': 1.657297968864441} grad_norm=0.8602 lr=1.00e-04 gpu_mem cur=2979MiB peak=8611MiB
Epoch 1/3 step 147200/304976 (global step 147200/914928): losses={'lm loss': 1.6193326711654663} grad_norm=0.8674 lr=1.00e-04 gpu_mem cur=2979MiB peak=8611MiB
Epoch 1/3 step 147300/304976 (global step 147300/914928): losses={'lm loss': 1.6708952188491821} grad_norm=0.8532 lr=1.00e-04 gpu_mem cur=2979MiB peak=8611MiB
Epoch 1/3 step 147400/304976 (global step 147400/914928): losses={'lm loss': 1.734168529510498} grad_norm=0.8686 lr=1.00e-04 gpu_mem cur=2979MiB peak=8611MiB
Epoch 1/3 step 147500/304976 (global step 147500/914928): losses={'lm loss': 1.5353832244873047} grad_norm=0.9061 lr=1.00e-04 gpu_mem cur=2979MiB peak=8611MiB
Epoch 1/3 step 147600/304976 (global step 147600/914928): losses={'lm loss': 1.557915210723877} grad_norm=0.8372 lr=1.00e-04 gpu_mem cur=2979MiB peak=8611MiB
Epoch 1/3 step 147700/304976 (global step 147700/914928): losses={'lm loss': 1.6336618661880493} grad_norm=0.8772 lr=1.00e-04 gpu_mem cur=2979MiB peak=8611MiB
Epoch 1/3 step 147800/304976 (global step 147800/914928): losses={'lm loss': 1.6966712474822998} grad_norm=0.8899 lr=1.00e-04 gpu_mem cur=2979MiB peak=8611MiB
Epoch 1/3 step 147900/304976 (global step 147900/914928): losses={'lm loss': 1.6839016675949097} grad_norm=0.8681 lr=1.00e-04 gpu_mem cur=2979MiB peak=8611MiB
Epoch 1/3 step 148000/304976 (global step 148000/914928): losses={'lm loss': 1.7320122718811035} grad_norm=0.8778 lr=1.00e-04 gpu_mem cur=2979MiB peak=8611MiB
Epoch 1/3 step 148100/304976 (global step 148100/914928): losses={'lm loss': 1.6099772453308105} grad_norm=0.8459 lr=1.00e-04 gpu_mem cur=2979MiB peak=8611MiB
Epoch 1/3 step 148200/304976 (global step 148200/914928): losses={'lm loss': 1.5764895677566528} grad_norm=0.8430 lr=1.00e-04 gpu_mem cur=2979MiB peak=8611MiB
Epoch 1/3 step 148300/304976 (global step 148300/914928): losses={'lm loss': 1.5906245708465576} grad_norm=0.8536 lr=1.00e-04 gpu_mem cur=2979MiB peak=8611MiB
Epoch 1/3 step 148400/304976 (global step 148400/914928): losses={'lm loss': 1.6219226121902466} grad_norm=0.8521 lr=1.00e-04 gpu_mem cur=2979MiB peak=8611MiB
Epoch 1/3 step 148500/304976 (global step 148500/914928): losses={'lm loss': 1.5799922943115234} grad_norm=0.8414 lr=1.00e-04 gpu_mem cur=2979MiB peak=8611MiB
Epoch 1/3 step 148600/304976 (global step 148600/914928): losses={'lm loss': 1.6259589195251465} grad_norm=0.8591 lr=1.00e-04 gpu_mem cur=2979MiB peak=8611MiB
Epoch 1/3 step 148700/304976 (global step 148700/914928): losses={'lm loss': 1.6835520267486572} grad_norm=0.8667 lr=1.00e-04 gpu_mem cur=2979MiB peak=8611MiB
Epoch 1/3 step 148800/304976 (global step 148800/914928): losses={'lm loss': 1.6533284187316895} grad_norm=0.8765 lr=1.00e-04 gpu_mem cur=2979MiB peak=8611MiB
Epoch 1/3 step 148900/304976 (global step 148900/914928): losses={'lm loss': 1.5428658723831177} grad_norm=0.8587 lr=1.00e-04 gpu_mem cur=2979MiB peak=8611MiB
Epoch 1/3 step 149000/304976 (global step 149000/914928): losses={'lm loss': 1.7153007984161377} grad_norm=0.8864 lr=1.00e-04 gpu_mem cur=2979MiB peak=8611MiB
Epoch 1/3 step 149100/304976 (global step 149100/914928): losses={'lm loss': 1.496642827987671} grad_norm=0.7868 lr=1.00e-04 gpu_mem cur=2979MiB peak=8611MiB
Epoch 1/3 step 149200/304976 (global step 149200/914928): losses={'lm loss': 1.7374098300933838} grad_norm=0.8454 lr=1.00e-04 gpu_mem cur=2979MiB peak=8611MiB
Epoch 1/3 step 149300/304976 (global step 149300/914928): losses={'lm loss': 1.5885772705078125} grad_norm=0.8412 lr=1.00e-04 gpu_mem cur=2979MiB peak=8611MiB
Epoch 1/3 step 149400/304976 (global step 149400/914928): losses={'lm loss': 1.6550571918487549} grad_norm=0.8810 lr=1.00e-04 gpu_mem cur=2979MiB peak=8611MiB
Epoch 1/3 step 149500/304976 (global step 149500/914928): losses={'lm loss': 1.603910207748413} grad_norm=0.8403 lr=1.00e-04 gpu_mem cur=2979MiB peak=8611MiB
Epoch 1/3 step 149600/304976 (global step 149600/914928): losses={'lm loss': 1.6800342798233032} grad_norm=0.8874 lr=1.00e-04 gpu_mem cur=2979MiB peak=8611MiB
Epoch 1/3 step 149700/304976 (global step 149700/914928): losses={'lm loss': 1.6815177202224731} grad_norm=0.8329 lr=1.00e-04 gpu_mem cur=2979MiB peak=8611MiB
Epoch 1/3 step 149800/304976 (global step 149800/914928): losses={'lm loss': 1.5815998315811157} grad_norm=0.8005 lr=1.00e-04 gpu_mem cur=2979MiB peak=8611MiB
Epoch 1/3 step 149900/304976 (global step 149900/914928): losses={'lm loss': 1.554405927658081} grad_norm=0.8329 lr=1.00e-04 gpu_mem cur=2979MiB peak=8611MiB
Epoch 1/3 step 150000/304976 (global step 150000/914928): losses={'lm loss': 1.544143795967102} grad_norm=0.8331 lr=1.00e-04 gpu_mem cur=2979MiB peak=8611MiB
Checkpoint saved to /home/lxk/PycharmProjects/My_megatron/examples/ckpt/step_150000
Removing old checkpoint: /home/lxk/PycharmProjects/My_megatron/examples/ckpt/step_135000
[eval] step_150000: eval_loss=1.5636
[sample 1 @ step_150000] ing by. They thought it was a sign. But the squirrel did not help them. The shadows grew long, and the chill of night set in. The kids were trapped.

One day, the squirrel found a shiny stone. It was the prize! The kids were so happy. They decided to give the stone to the squirrel. The squirrel was excited, but it was greedy. The squirrel did not know. It had the stone just for good. The squirrel
[sample 2 @ step_150000]  set out, thinking today would be an adventure of a lifetime.

The path was slippery and muddy from the rain. Lena followed closely, her heart racing with each step. "I'm not scared!" she told herself, pushing through the doubts. The woods were alive with sounds, each rustle made her turn, but she pressed on. 

Suddenly, she stumbled upon a clearing. In the center stood a glowing orb, pul
[mem] gpu_mem cur=2979MiB peak=8611MiB
Epoch 1/3 step 150100/304976 (global step 150100/914928): losses={'lm loss': 1.6329452991485596} grad_norm=0.8235 lr=1.00e-04 gpu_mem cur=2979MiB peak=8611MiB
Epoch 1/3 step 150200/304976 (global step 150200/914928): losses={'lm loss': 1.5392951965332031} grad_norm=0.8455 lr=1.00e-04 gpu_mem cur=2979MiB peak=8611MiB
Epoch 1/3 step 150300/304976 (global step 150300/914928): losses={'lm loss': 1.6580913066864014} grad_norm=0.8380 lr=1.00e-04 gpu_mem cur=2979MiB peak=8611MiB
Epoch 1/3 step 150400/304976 (global step 150400/914928): losses={'lm loss': 1.6047210693359375} grad_norm=0.8307 lr=1.00e-04 gpu_mem cur=2979MiB peak=8611MiB
Epoch 1/3 step 150500/304976 (global step 150500/914928): losses={'lm loss': 1.6205030679702759} grad_norm=0.8399 lr=1.00e-04 gpu_mem cur=2979MiB peak=8611MiB
Epoch 1/3 step 150600/304976 (global step 150600/914928): losses={'lm loss': 1.5312774181365967} grad_norm=0.8337 lr=1.00e-04 gpu_mem cur=2979MiB peak=8611MiB
Epoch 1/3 step 150700/304976 (global step 150700/914928): losses={'lm loss': 1.5450592041015625} grad_norm=0.8418 lr=1.00e-04 gpu_mem cur=2979MiB peak=8611MiB
Epoch 1/3 step 150800/304976 (global step 150800/914928): losses={'lm loss': 1.6809957027435303} grad_norm=0.8592 lr=1.00e-04 gpu_mem cur=2979MiB peak=8611MiB
Epoch 1/3 step 150900/304976 (global step 150900/914928): losses={'lm loss': 1.5446171760559082} grad_norm=0.8398 lr=1.00e-04 gpu_mem cur=2979MiB peak=8611MiB
Epoch 1/3 step 151000/304976 (global step 151000/914928): losses={'lm loss': 1.5733156204223633} grad_norm=0.8299 lr=1.00e-04 gpu_mem cur=2979MiB peak=8611MiB
Epoch 1/3 step 151100/304976 (global step 151100/914928): losses={'lm loss': 1.4919313192367554} grad_norm=0.8219 lr=1.00e-04 gpu_mem cur=2979MiB peak=8611MiB
Epoch 1/3 step 151200/304976 (global step 151200/914928): losses={'lm loss': 1.6065316200256348} grad_norm=0.8283 lr=1.00e-04 gpu_mem cur=2979MiB peak=8611MiB
Epoch 1/3 step 151300/304976 (global step 151300/914928): losses={'lm loss': 1.5017006397247314} grad_norm=0.8232 lr=1.00e-04 gpu_mem cur=2979MiB peak=8611MiB
Epoch 1/3 step 151400/304976 (global step 151400/914928): losses={'lm loss': 1.6461102962493896} grad_norm=0.8500 lr=1.00e-04 gpu_mem cur=2979MiB peak=8611MiB
Epoch 1/3 step 151500/304976 (global step 151500/914928): losses={'lm loss': 1.466374158859253} grad_norm=0.7900 lr=1.00e-04 gpu_mem cur=2979MiB peak=8611MiB
Epoch 1/3 step 151600/304976 (global step 151600/914928): losses={'lm loss': 1.571602463722229} grad_norm=0.8250 lr=1.00e-04 gpu_mem cur=2979MiB peak=8611MiB
Epoch 1/3 step 151700/304976 (global step 151700/914928): losses={'lm loss': 1.5128192901611328} grad_norm=0.8431 lr=1.00e-04 gpu_mem cur=2979MiB peak=8611MiB
Epoch 1/3 step 151800/304976 (global step 151800/914928): losses={'lm loss': 1.702073574066162} grad_norm=0.8343 lr=1.00e-04 gpu_mem cur=2979MiB peak=8611MiB
Epoch 1/3 step 151900/304976 (global step 151900/914928): losses={'lm loss': 1.5765739679336548} grad_norm=0.8216 lr=1.00e-04 gpu_mem cur=2979MiB peak=8611MiB
Epoch 1/3 step 152000/304976 (global step 152000/914928): losses={'lm loss': 1.549217939376831} grad_norm=0.8344 lr=1.00e-04 gpu_mem cur=2979MiB peak=8611MiB
Epoch 1/3 step 152100/304976 (global step 152100/914928): losses={'lm loss': 1.5636823177337646} grad_norm=0.7912 lr=1.00e-04 gpu_mem cur=2979MiB peak=8611MiB
Epoch 1/3 step 152200/304976 (global step 152200/914928): losses={'lm loss': 1.5928010940551758} grad_norm=0.8464 lr=1.00e-04 gpu_mem cur=2979MiB peak=8611MiB
Epoch 1/3 step 152300/304976 (global step 152300/914928): losses={'lm loss': 1.6697232723236084} grad_norm=0.8491 lr=1.00e-04 gpu_mem cur=2979MiB peak=8611MiB
Epoch 1/3 step 152400/304976 (global step 152400/914928): losses={'lm loss': 1.6501257419586182} grad_norm=0.8614 lr=1.00e-04 gpu_mem cur=2979MiB peak=8611MiB
Epoch 1/3 step 152500/304976 (global step 152500/914928): losses={'lm loss': 1.3543249368667603} grad_norm=0.7629 lr=1.00e-04 gpu_mem cur=2979MiB peak=8611MiB
Epoch 1/3 step 152600/304976 (global step 152600/914928): losses={'lm loss': 1.7115308046340942} grad_norm=0.8765 lr=1.00e-04 gpu_mem cur=2979MiB peak=8611MiB
Epoch 1/3 step 152700/304976 (global step 152700/914928): losses={'lm loss': 1.731955885887146} grad_norm=0.8679 lr=1.00e-04 gpu_mem cur=2979MiB peak=8611MiB
Epoch 1/3 step 152800/304976 (global step 152800/914928): losses={'lm loss': 1.4921002388000488} grad_norm=0.8096 lr=1.00e-04 gpu_mem cur=2979MiB peak=8611MiB
Epoch 1/3 step 152900/304976 (global step 152900/914928): losses={'lm loss': 1.5881927013397217} grad_norm=0.8535 lr=1.00e-04 gpu_mem cur=2979MiB peak=8611MiB
Epoch 1/3 step 153000/304976 (global step 153000/914928): losses={'lm loss': 1.6487139463424683} grad_norm=0.8354 lr=1.00e-04 gpu_mem cur=2979MiB peak=8611MiB
Epoch 1/3 step 153100/304976 (global step 153100/914928): losses={'lm loss': 1.3996191024780273} grad_norm=0.7986 lr=1.00e-04 gpu_mem cur=2979MiB peak=8611MiB
Epoch 1/3 step 153200/304976 (global step 153200/914928): losses={'lm loss': 1.773249626159668} grad_norm=0.8797 lr=1.00e-04 gpu_mem cur=2979MiB peak=8611MiB
Epoch 1/3 step 153300/304976 (global step 153300/914928): losses={'lm loss': 1.6017632484436035} grad_norm=0.8704 lr=1.00e-04 gpu_mem cur=2979MiB peak=8611MiB
Epoch 1/3 step 153400/304976 (global step 153400/914928): losses={'lm loss': 1.5866873264312744} grad_norm=0.8194 lr=1.00e-04 gpu_mem cur=2979MiB peak=8611MiB
Epoch 1/3 step 153500/304976 (global step 153500/914928): losses={'lm loss': 1.6701381206512451} grad_norm=0.8305 lr=1.00e-04 gpu_mem cur=2979MiB peak=8611MiB
Epoch 1/3 step 153600/304976 (global step 153600/914928): losses={'lm loss': 1.6270354986190796} grad_norm=0.8538 lr=1.00e-04 gpu_mem cur=2979MiB peak=8611MiB
Epoch 1/3 step 153700/304976 (global step 153700/914928): losses={'lm loss': 1.5966482162475586} grad_norm=0.8567 lr=1.00e-04 gpu_mem cur=2979MiB peak=8611MiB
Epoch 1/3 step 153800/304976 (global step 153800/914928): losses={'lm loss': 1.6846551895141602} grad_norm=0.8609 lr=1.00e-04 gpu_mem cur=2979MiB peak=8611MiB
Epoch 1/3 step 153900/304976 (global step 153900/914928): losses={'lm loss': 1.7056787014007568} grad_norm=0.8700 lr=1.00e-04 gpu_mem cur=2979MiB peak=8611MiB
Epoch 1/3 step 154000/304976 (global step 154000/914928): losses={'lm loss': 1.4911353588104248} grad_norm=0.8201 lr=1.00e-04 gpu_mem cur=2979MiB peak=8611MiB
Epoch 1/3 step 154100/304976 (global step 154100/914928): losses={'lm loss': 1.5654590129852295} grad_norm=0.8552 lr=1.00e-04 gpu_mem cur=2979MiB peak=8611MiB
Epoch 1/3 step 154200/304976 (global step 154200/914928): losses={'lm loss': 1.6597380638122559} grad_norm=0.8300 lr=1.00e-04 gpu_mem cur=2979MiB peak=8611MiB
Epoch 1/3 step 154300/304976 (global step 154300/914928): losses={'lm loss': 1.60685396194458} grad_norm=0.8690 lr=1.00e-04 gpu_mem cur=2979MiB peak=8611MiB
Epoch 1/3 step 154400/304976 (global step 154400/914928): losses={'lm loss': 1.5448713302612305} grad_norm=0.8731 lr=1.00e-04 gpu_mem cur=2979MiB peak=8611MiB
Epoch 1/3 step 154500/304976 (global step 154500/914928): losses={'lm loss': 1.4479620456695557} grad_norm=0.8108 lr=1.00e-04 gpu_mem cur=2979MiB peak=8611MiB
Epoch 1/3 step 154600/304976 (global step 154600/914928): losses={'lm loss': 1.692333459854126} grad_norm=0.8670 lr=1.00e-04 gpu_mem cur=2979MiB peak=8611MiB
Epoch 1/3 step 154700/304976 (global step 154700/914928): losses={'lm loss': 1.6005529165267944} grad_norm=0.8313 lr=1.00e-04 gpu_mem cur=2979MiB peak=8611MiB
Epoch 1/3 step 154800/304976 (global step 154800/914928): losses={'lm loss': 1.5675902366638184} grad_norm=0.8513 lr=1.00e-04 gpu_mem cur=2979MiB peak=8611MiB
Epoch 1/3 step 154900/304976 (global step 154900/914928): losses={'lm loss': 1.6196808815002441} grad_norm=0.8214 lr=1.00e-04 gpu_mem cur=2979MiB peak=8611MiB
Epoch 1/3 step 155000/304976 (global step 155000/914928): losses={'lm loss': 1.5714085102081299} grad_norm=0.8195 lr=1.00e-04 gpu_mem cur=2979MiB peak=8611MiB
Checkpoint saved to /home/lxk/PycharmProjects/My_megatron/examples/ckpt/step_155000
Removing old checkpoint: /home/lxk/PycharmProjects/My_megatron/examples/ckpt/step_140000
[eval] step_155000: eval_loss=1.5599
[sample 1 @ step_155000] ing by. They thought it was a sign. But the squirrel did not help them. The shadows grew long, and the chill of night set in. The forest felt empty without their laughter.

One day, a little squirrel came to the tree. "Why are you sad?" it asked. The little squirrel sighed, "I lost my acorns. They were gone." The squirrel looked up, remembering the joy they used to play. The squirrel's eyes lit up
[sample 2 @ step_155000]  set out, thinking today would be an adventure of a lifetime.

The path was slippery and muddy from the rain. Alex laughed at the noise of the city. Suddenly, he saw a big dog chasing a ball! "Hey, dog! Do you want to play?" he called. The dog stopped and stared. It was barking at the ball, and Alex laughed even more. The dog had a big tail and a big
[mem] gpu_mem cur=2979MiB peak=8611MiB
Epoch 1/3 step 155100/304976 (global step 155100/914928): losses={'lm loss': 1.482450008392334} grad_norm=0.8258 lr=1.00e-04 gpu_mem cur=2979MiB peak=8611MiB
Epoch 1/3 step 155200/304976 (global step 155200/914928): losses={'lm loss': 1.5170140266418457} grad_norm=0.8406 lr=1.00e-04 gpu_mem cur=2979MiB peak=8611MiB
Epoch 1/3 step 155300/304976 (global step 155300/914928): losses={'lm loss': 1.6738622188568115} grad_norm=0.8596 lr=1.00e-04 gpu_mem cur=2979MiB peak=8611MiB
Epoch 1/3 step 155400/304976 (global step 155400/914928): losses={'lm loss': 1.5510894060134888} grad_norm=0.8285 lr=1.00e-04 gpu_mem cur=2979MiB peak=8611MiB
Epoch 1/3 step 155500/304976 (global step 155500/914928): losses={'lm loss': 1.490374207496643} grad_norm=0.8125 lr=1.00e-04 gpu_mem cur=2979MiB peak=8611MiB
Epoch 1/3 step 155600/304976 (global step 155600/914928): losses={'lm loss': 1.6055583953857422} grad_norm=0.8321 lr=1.00e-04 gpu_mem cur=2979MiB peak=8611MiB
Epoch 1/3 step 155700/304976 (global step 155700/914928): losses={'lm loss': 1.593618392944336} grad_norm=0.8288 lr=1.00e-04 gpu_mem cur=2979MiB peak=8611MiB
Epoch 1/3 step 155800/304976 (global step 155800/914928): losses={'lm loss': 1.5523711442947388} grad_norm=0.7946 lr=1.00e-04 gpu_mem cur=2979MiB peak=8611MiB
Epoch 1/3 step 155900/304976 (global step 155900/914928): losses={'lm loss': 1.5821526050567627} grad_norm=0.8379 lr=1.00e-04 gpu_mem cur=2979MiB peak=8611MiB
Epoch 1/3 step 156000/304976 (global step 156000/914928): losses={'lm loss': 1.5942389965057373} grad_norm=0.8550 lr=1.00e-04 gpu_mem cur=2979MiB peak=8611MiB
Epoch 1/3 step 156100/304976 (global step 156100/914928): losses={'lm loss': 1.5973196029663086} grad_norm=0.8477 lr=1.00e-04 gpu_mem cur=2979MiB peak=8611MiB
Epoch 1/3 step 156200/304976 (global step 156200/914928): losses={'lm loss': 1.6088831424713135} grad_norm=0.8490 lr=1.00e-04 gpu_mem cur=2979MiB peak=8611MiB
Epoch 1/3 step 156300/304976 (global step 156300/914928): losses={'lm loss': 1.5894930362701416} grad_norm=0.8496 lr=1.00e-04 gpu_mem cur=2979MiB peak=8611MiB
Epoch 1/3 step 156400/304976 (global step 156400/914928): losses={'lm loss': 1.5189225673675537} grad_norm=0.8276 lr=1.00e-04 gpu_mem cur=2979MiB peak=8611MiB
Epoch 1/3 step 156500/304976 (global step 156500/914928): losses={'lm loss': 1.5816646814346313} grad_norm=0.8361 lr=1.00e-04 gpu_mem cur=2979MiB peak=8611MiB
Epoch 1/3 step 156600/304976 (global step 156600/914928): losses={'lm loss': 1.5692862272262573} grad_norm=0.8521 lr=1.00e-04 gpu_mem cur=2979MiB peak=8611MiB
Epoch 1/3 step 156700/304976 (global step 156700/914928): losses={'lm loss': 1.6362128257751465} grad_norm=0.8659 lr=1.00e-04 gpu_mem cur=2979MiB peak=8611MiB
Epoch 1/3 step 156800/304976 (global step 156800/914928): losses={'lm loss': 1.8080079555511475} grad_norm=0.8801 lr=1.00e-04 gpu_mem cur=2979MiB peak=8611MiB
Epoch 1/3 step 156900/304976 (global step 156900/914928): losses={'lm loss': 1.4991798400878906} grad_norm=0.8032 lr=1.00e-04 gpu_mem cur=2979MiB peak=8611MiB
Epoch 1/3 step 157000/304976 (global step 157000/914928): losses={'lm loss': 1.5368506908416748} grad_norm=0.7908 lr=1.00e-04 gpu_mem cur=2979MiB peak=8611MiB
Epoch 1/3 step 157100/304976 (global step 157100/914928): losses={'lm loss': 1.4477872848510742} grad_norm=0.7928 lr=1.00e-04 gpu_mem cur=2979MiB peak=8611MiB
Epoch 1/3 step 157200/304976 (global step 157200/914928): losses={'lm loss': 1.587433934211731} grad_norm=0.8285 lr=1.00e-04 gpu_mem cur=2979MiB peak=8611MiB
Epoch 1/3 step 157300/304976 (global step 157300/914928): losses={'lm loss': 1.5836842060089111} grad_norm=0.8274 lr=1.00e-04 gpu_mem cur=2979MiB peak=8611MiB
Epoch 1/3 step 157400/304976 (global step 157400/914928): losses={'lm loss': 1.5908191204071045} grad_norm=0.8228 lr=1.00e-04 gpu_mem cur=2979MiB peak=8611MiB
Epoch 1/3 step 157500/304976 (global step 157500/914928): losses={'lm loss': 1.566537618637085} grad_norm=0.8287 lr=1.00e-04 gpu_mem cur=2979MiB peak=8611MiB
Epoch 1/3 step 157600/304976 (global step 157600/914928): losses={'lm loss': 1.4927539825439453} grad_norm=0.8032 lr=1.00e-04 gpu_mem cur=2979MiB peak=8611MiB
Epoch 1/3 step 157700/304976 (global step 157700/914928): losses={'lm loss': 1.511276364326477} grad_norm=0.8200 lr=1.00e-04 gpu_mem cur=2979MiB peak=8611MiB
Epoch 1/3 step 157800/304976 (global step 157800/914928): losses={'lm loss': 1.6114245653152466} grad_norm=0.8103 lr=1.00e-04 gpu_mem cur=2979MiB peak=8611MiB
Epoch 1/3 step 157900/304976 (global step 157900/914928): losses={'lm loss': 1.60904860496521} grad_norm=0.8447 lr=1.00e-04 gpu_mem cur=2979MiB peak=8611MiB
Epoch 1/3 step 158000/304976 (global step 158000/914928): losses={'lm loss': 1.5845372676849365} grad_norm=0.8281 lr=1.00e-04 gpu_mem cur=2979MiB peak=8611MiB
Epoch 1/3 step 158100/304976 (global step 158100/914928): losses={'lm loss': 1.5963420867919922} grad_norm=0.8193 lr=1.00e-04 gpu_mem cur=2979MiB peak=8611MiB
Epoch 1/3 step 158200/304976 (global step 158200/914928): losses={'lm loss': 1.5997629165649414} grad_norm=0.8216 lr=1.00e-04 gpu_mem cur=2979MiB peak=8611MiB
Epoch 1/3 step 158300/304976 (global step 158300/914928): losses={'lm loss': 1.6822220087051392} grad_norm=0.8308 lr=1.00e-04 gpu_mem cur=2979MiB peak=8611MiB
Epoch 1/3 step 158400/304976 (global step 158400/914928): losses={'lm loss': 1.4975531101226807} grad_norm=0.8012 lr=1.00e-04 gpu_mem cur=2979MiB peak=8611MiB
Epoch 1/3 step 158500/304976 (global step 158500/914928): losses={'lm loss': 1.7411208152770996} grad_norm=0.8630 lr=1.00e-04 gpu_mem cur=2979MiB peak=8611MiB
Epoch 1/3 step 158600/304976 (global step 158600/914928): losses={'lm loss': 1.5507616996765137} grad_norm=0.8191 lr=1.00e-04 gpu_mem cur=2979MiB peak=8611MiB
Epoch 1/3 step 158700/304976 (global step 158700/914928): losses={'lm loss': 1.7175146341323853} grad_norm=0.8505 lr=1.00e-04 gpu_mem cur=2979MiB peak=8611MiB
Epoch 1/3 step 158800/304976 (global step 158800/914928): losses={'lm loss': 1.498809814453125} grad_norm=0.8165 lr=1.00e-04 gpu_mem cur=2979MiB peak=8611MiB
Epoch 1/3 step 158900/304976 (global step 158900/914928): losses={'lm loss': 1.7971099615097046} grad_norm=0.8835 lr=1.00e-04 gpu_mem cur=2979MiB peak=8611MiB
Epoch 1/3 step 159000/304976 (global step 159000/914928): losses={'lm loss': 1.4968149662017822} grad_norm=0.8019 lr=1.00e-04 gpu_mem cur=2979MiB peak=8611MiB
Epoch 1/3 step 159100/304976 (global step 159100/914928): losses={'lm loss': 1.4925384521484375} grad_norm=0.8212 lr=1.00e-04 gpu_mem cur=2979MiB peak=8611MiB
Epoch 1/3 step 159200/304976 (global step 159200/914928): losses={'lm loss': 1.7511682510375977} grad_norm=0.8830 lr=1.00e-04 gpu_mem cur=2979MiB peak=8611MiB
Epoch 1/3 step 159300/304976 (global step 159300/914928): losses={'lm loss': 1.69096839427948} grad_norm=0.8538 lr=1.00e-04 gpu_mem cur=2979MiB peak=8611MiB
Epoch 1/3 step 159400/304976 (global step 159400/914928): losses={'lm loss': 1.6036906242370605} grad_norm=0.8369 lr=1.00e-04 gpu_mem cur=2979MiB peak=8611MiB
Epoch 1/3 step 159500/304976 (global step 159500/914928): losses={'lm loss': 1.699232578277588} grad_norm=0.8626 lr=1.00e-04 gpu_mem cur=2979MiB peak=8611MiB
Epoch 1/3 step 159600/304976 (global step 159600/914928): losses={'lm loss': 1.593180537223816} grad_norm=0.8112 lr=1.00e-04 gpu_mem cur=2979MiB peak=8611MiB
Epoch 1/3 step 159700/304976 (global step 159700/914928): losses={'lm loss': 1.5155589580535889} grad_norm=0.8244 lr=1.00e-04 gpu_mem cur=2979MiB peak=8611MiB
Epoch 1/3 step 159800/304976 (global step 159800/914928): losses={'lm loss': 1.5146870613098145} grad_norm=0.8544 lr=1.00e-04 gpu_mem cur=2979MiB peak=8611MiB
Epoch 1/3 step 159900/304976 (global step 159900/914928): losses={'lm loss': 1.4780982732772827} grad_norm=0.7962 lr=1.00e-04 gpu_mem cur=2979MiB peak=8611MiB
Epoch 1/3 step 160000/304976 (global step 160000/914928): losses={'lm loss': 1.6058794260025024} grad_norm=0.8226 lr=1.00e-04 gpu_mem cur=2979MiB peak=8611MiB
Checkpoint saved to /home/lxk/PycharmProjects/My_megatron/examples/ckpt/step_160000
Removing old checkpoint: /home/lxk/PycharmProjects/My_megatron/examples/ckpt/step_145000
[eval] step_160000: eval_loss=1.5531
[sample 1 @ step_160000] ing by. They thought it was a sign. But the squirrel did not help them. The shadows grew long, and the chill of night set in. The owl felt a tear fall. He had wanted to catch them, but they were too caught up in their own thoughts. 

Suddenly, a rustle in the bushes caught the attention. A rabbit hopped out, looking hungry. The owl watched closely. The rabbit was packing the nuts in its tiny pa
[sample 2 @ step_160000]  set out, thinking today would be an adventure of a lifetime.

The path was slippery and muddy from the rain. Alex stumbled a few times but got back up. He saw a muddy path and followed it, thinking it might lead to treasure. As he walked, he recalled stories about lost cities buried beneath the ground. But now, he was alone, the treasure slipping away like sand.

After a long walk,
[mem] gpu_mem cur=2979MiB peak=8611MiB
Epoch 1/3 step 160100/304976 (global step 160100/914928): losses={'lm loss': 1.5191727876663208} grad_norm=0.8089 lr=1.00e-04 gpu_mem cur=2979MiB peak=8611MiB
Epoch 1/3 step 160200/304976 (global step 160200/914928): losses={'lm loss': 1.668814778327942} grad_norm=0.8498 lr=1.00e-04 gpu_mem cur=2979MiB peak=8611MiB
Epoch 1/3 step 160300/304976 (global step 160300/914928): losses={'lm loss': 1.6111853122711182} grad_norm=0.7977 lr=1.00e-04 gpu_mem cur=2979MiB peak=8611MiB
Epoch 1/3 step 160400/304976 (global step 160400/914928): losses={'lm loss': 1.5069607496261597} grad_norm=0.8850 lr=1.00e-04 gpu_mem cur=2979MiB peak=8611MiB
Epoch 1/3 step 160500/304976 (global step 160500/914928): losses={'lm loss': 1.7148340940475464} grad_norm=0.8565 lr=1.00e-04 gpu_mem cur=2979MiB peak=8611MiB
Epoch 1/3 step 160600/304976 (global step 160600/914928): losses={'lm loss': 1.6002817153930664} grad_norm=0.8459 lr=1.00e-04 gpu_mem cur=2979MiB peak=8611MiB
Epoch 1/3 step 160700/304976 (global step 160700/914928): losses={'lm loss': 1.5001477003097534} grad_norm=0.7770 lr=1.00e-04 gpu_mem cur=2979MiB peak=8611MiB
Epoch 1/3 step 160800/304976 (global step 160800/914928): losses={'lm loss': 1.6699953079223633} grad_norm=0.8536 lr=1.00e-04 gpu_mem cur=2979MiB peak=8611MiB
Epoch 1/3 step 160900/304976 (global step 160900/914928): losses={'lm loss': 1.5885283946990967} grad_norm=0.8038 lr=1.00e-04 gpu_mem cur=2979MiB peak=8611MiB
Epoch 1/3 step 161000/304976 (global step 161000/914928): losses={'lm loss': 1.7258293628692627} grad_norm=0.8327 lr=1.00e-04 gpu_mem cur=2979MiB peak=8611MiB
Epoch 1/3 step 161100/304976 (global step 161100/914928): losses={'lm loss': 1.4553368091583252} grad_norm=0.7971 lr=1.00e-04 gpu_mem cur=2979MiB peak=8611MiB
Epoch 1/3 step 161200/304976 (global step 161200/914928): losses={'lm loss': 1.590245246887207} grad_norm=0.8619 lr=1.00e-04 gpu_mem cur=2979MiB peak=8611MiB
Epoch 1/3 step 161300/304976 (global step 161300/914928): losses={'lm loss': 1.635939359664917} grad_norm=0.8138 lr=1.00e-04 gpu_mem cur=2979MiB peak=8611MiB
Epoch 1/3 step 161400/304976 (global step 161400/914928): losses={'lm loss': 1.6560826301574707} grad_norm=0.8195 lr=1.00e-04 gpu_mem cur=2979MiB peak=8611MiB
Epoch 1/3 step 161500/304976 (global step 161500/914928): losses={'lm loss': 1.6180167198181152} grad_norm=0.8595 lr=1.00e-04 gpu_mem cur=2979MiB peak=8611MiB
Epoch 1/3 step 161600/304976 (global step 161600/914928): losses={'lm loss': 1.5395170450210571} grad_norm=0.8165 lr=1.00e-04 gpu_mem cur=2979MiB peak=8611MiB
Epoch 1/3 step 161700/304976 (global step 161700/914928): losses={'lm loss': 1.5764412879943848} grad_norm=0.8196 lr=1.00e-04 gpu_mem cur=2979MiB peak=8611MiB
Epoch 1/3 step 161800/304976 (global step 161800/914928): losses={'lm loss': 1.6473850011825562} grad_norm=0.8368 lr=1.00e-04 gpu_mem cur=2979MiB peak=8611MiB
Epoch 1/3 step 161900/304976 (global step 161900/914928): losses={'lm loss': 1.68068528175354} grad_norm=0.8355 lr=1.00e-04 gpu_mem cur=2979MiB peak=8611MiB
Epoch 1/3 step 162000/304976 (global step 162000/914928): losses={'lm loss': 1.4637056589126587} grad_norm=0.7958 lr=1.00e-04 gpu_mem cur=2979MiB peak=8611MiB
Epoch 1/3 step 162100/304976 (global step 162100/914928): losses={'lm loss': 1.6187431812286377} grad_norm=0.9189 lr=1.00e-04 gpu_mem cur=2979MiB peak=8611MiB
Epoch 1/3 step 162200/304976 (global step 162200/914928): losses={'lm loss': 1.5237265825271606} grad_norm=0.7938 lr=1.00e-04 gpu_mem cur=2979MiB peak=8611MiB
Epoch 1/3 step 162300/304976 (global step 162300/914928): losses={'lm loss': 1.5637887716293335} grad_norm=0.8188 lr=1.00e-04 gpu_mem cur=2979MiB peak=8611MiB
Epoch 1/3 step 162400/304976 (global step 162400/914928): losses={'lm loss': 1.7982151508331299} grad_norm=0.8583 lr=1.00e-04 gpu_mem cur=2979MiB peak=8611MiB
Epoch 1/3 step 162500/304976 (global step 162500/914928): losses={'lm loss': 1.4924250841140747} grad_norm=0.7853 lr=1.00e-04 gpu_mem cur=2979MiB peak=8611MiB
Epoch 1/3 step 162600/304976 (global step 162600/914928): losses={'lm loss': 1.7448385953903198} grad_norm=0.9095 lr=1.00e-04 gpu_mem cur=2979MiB peak=8611MiB
Epoch 1/3 step 162700/304976 (global step 162700/914928): losses={'lm loss': 1.462489128112793} grad_norm=0.8249 lr=1.00e-04 gpu_mem cur=2979MiB peak=8611MiB
Epoch 1/3 step 162800/304976 (global step 162800/914928): losses={'lm loss': 1.638190746307373} grad_norm=0.8314 lr=1.00e-04 gpu_mem cur=2979MiB peak=8611MiB
Epoch 1/3 step 162900/304976 (global step 162900/914928): losses={'lm loss': 1.4665343761444092} grad_norm=0.7661 lr=1.00e-04 gpu_mem cur=2979MiB peak=8611MiB
Epoch 1/3 step 163000/304976 (global step 163000/914928): losses={'lm loss': 1.5228331089019775} grad_norm=0.8064 lr=1.00e-04 gpu_mem cur=2979MiB peak=8611MiB
Epoch 1/3 step 163100/304976 (global step 163100/914928): losses={'lm loss': 1.5857007503509521} grad_norm=0.8161 lr=1.00e-04 gpu_mem cur=2979MiB peak=8611MiB
Epoch 1/3 step 163200/304976 (global step 163200/914928): losses={'lm loss': 1.6603758335113525} grad_norm=0.8329 lr=1.00e-04 gpu_mem cur=2979MiB peak=8611MiB
Epoch 1/3 step 163300/304976 (global step 163300/914928): losses={'lm loss': 1.5333460569381714} grad_norm=0.8060 lr=1.00e-04 gpu_mem cur=2979MiB peak=8611MiB
Epoch 1/3 step 163400/304976 (global step 163400/914928): losses={'lm loss': 1.5167617797851562} grad_norm=0.7996 lr=1.00e-04 gpu_mem cur=2979MiB peak=8611MiB
Epoch 1/3 step 163500/304976 (global step 163500/914928): losses={'lm loss': 1.5725212097167969} grad_norm=0.8377 lr=1.00e-04 gpu_mem cur=2979MiB peak=8611MiB
Epoch 1/3 step 163600/304976 (global step 163600/914928): losses={'lm loss': 1.4279351234436035} grad_norm=0.8083 lr=1.00e-04 gpu_mem cur=2979MiB peak=8611MiB
Epoch 1/3 step 163700/304976 (global step 163700/914928): losses={'lm loss': 1.4694733619689941} grad_norm=0.7785 lr=1.00e-04 gpu_mem cur=2979MiB peak=8611MiB
Epoch 1/3 step 163800/304976 (global step 163800/914928): losses={'lm loss': 1.769653081893921} grad_norm=0.8851 lr=1.00e-04 gpu_mem cur=2979MiB peak=8611MiB
Epoch 1/3 step 163900/304976 (global step 163900/914928): losses={'lm loss': 1.4672141075134277} grad_norm=0.7740 lr=1.00e-04 gpu_mem cur=2979MiB peak=8611MiB
Epoch 1/3 step 164000/304976 (global step 164000/914928): losses={'lm loss': 1.5920939445495605} grad_norm=0.8090 lr=1.00e-04 gpu_mem cur=2979MiB peak=8611MiB
Epoch 1/3 step 164100/304976 (global step 164100/914928): losses={'lm loss': 1.6271240711212158} grad_norm=0.8127 lr=1.00e-04 gpu_mem cur=2979MiB peak=8611MiB
Epoch 1/3 step 164200/304976 (global step 164200/914928): losses={'lm loss': 1.5645135641098022} grad_norm=0.8357 lr=1.00e-04 gpu_mem cur=2979MiB peak=8611MiB
Epoch 1/3 step 164300/304976 (global step 164300/914928): losses={'lm loss': 1.6174404621124268} grad_norm=0.8171 lr=1.00e-04 gpu_mem cur=2979MiB peak=8611MiB
Epoch 1/3 step 164400/304976 (global step 164400/914928): losses={'lm loss': 1.464660882949829} grad_norm=0.8188 lr=1.00e-04 gpu_mem cur=2979MiB peak=8611MiB
Epoch 1/3 step 164500/304976 (global step 164500/914928): losses={'lm loss': 1.6604413986206055} grad_norm=0.8244 lr=1.00e-04 gpu_mem cur=2979MiB peak=8611MiB
Epoch 1/3 step 164600/304976 (global step 164600/914928): losses={'lm loss': 1.5043424367904663} grad_norm=0.8230 lr=1.00e-04 gpu_mem cur=2979MiB peak=8611MiB
Epoch 1/3 step 164700/304976 (global step 164700/914928): losses={'lm loss': 1.6172527074813843} grad_norm=0.8316 lr=1.00e-04 gpu_mem cur=2979MiB peak=8611MiB
Epoch 1/3 step 164800/304976 (global step 164800/914928): losses={'lm loss': 1.6031477451324463} grad_norm=0.8295 lr=1.00e-04 gpu_mem cur=2979MiB peak=8611MiB
Epoch 1/3 step 164900/304976 (global step 164900/914928): losses={'lm loss': 1.7855792045593262} grad_norm=0.8912 lr=1.00e-04 gpu_mem cur=2979MiB peak=8611MiB
Epoch 1/3 step 165000/304976 (global step 165000/914928): losses={'lm loss': 1.6708335876464844} grad_norm=0.7905 lr=1.00e-04 gpu_mem cur=2979MiB peak=8611MiB
Checkpoint saved to /home/lxk/PycharmProjects/My_megatron/examples/ckpt/step_165000
Removing old checkpoint: /home/lxk/PycharmProjects/My_megatron/examples/ckpt/step_150000
[eval] step_165000: eval_loss=1.5497
[sample 1 @ step_165000] ing by. They thought it was a sign. But the squirrel did not help them. The shadows grew long, and the chill of night set in. The girl felt a chill in the air. Was it just her imagination, or did it feel so far away?

Climbing higher, they spotted a door half-hidden by leaves. It was covered with moss, and it looked ancient. The girl felt a pull, as if the door
[sample 2 @ step_165000]  set out, thinking today would be an adventure of a lifetime.

The path was slippery and muddy from the rain. As the rain fell, the rabbit hopped along, thinking of carrots and nuts. Suddenly, the rabbit remembered the giant tree that grew near their home. It was said that the tree could grant wishes, but only if the rabbit was kind.

After a long journey, the rabbit found the tree.
[mem] gpu_mem cur=2979MiB peak=8611MiB
Epoch 1/3 step 165100/304976 (global step 165100/914928): losses={'lm loss': 1.5958116054534912} grad_norm=0.8096 lr=1.00e-04 gpu_mem cur=2979MiB peak=8611MiB
Epoch 1/3 step 165200/304976 (global step 165200/914928): losses={'lm loss': 1.4846482276916504} grad_norm=0.8173 lr=1.00e-04 gpu_mem cur=2979MiB peak=8611MiB
Epoch 1/3 step 165300/304976 (global step 165300/914928): losses={'lm loss': 1.557669758796692} grad_norm=0.8157 lr=1.00e-04 gpu_mem cur=2979MiB peak=8611MiB
Epoch 1/3 step 165400/304976 (global step 165400/914928): losses={'lm loss': 1.4975019693374634} grad_norm=0.7829 lr=1.00e-04 gpu_mem cur=2979MiB peak=8611MiB
Epoch 1/3 step 165500/304976 (global step 165500/914928): losses={'lm loss': 1.5900354385375977} grad_norm=0.8406 lr=1.00e-04 gpu_mem cur=2979MiB peak=8611MiB
Epoch 1/3 step 165600/304976 (global step 165600/914928): losses={'lm loss': 1.6427258253097534} grad_norm=0.9001 lr=1.00e-04 gpu_mem cur=2979MiB peak=8611MiB
Epoch 1/3 step 165700/304976 (global step 165700/914928): losses={'lm loss': 1.6752222776412964} grad_norm=0.8185 lr=1.00e-04 gpu_mem cur=2979MiB peak=8611MiB
Epoch 1/3 step 165800/304976 (global step 165800/914928): losses={'lm loss': 1.6139291524887085} grad_norm=0.8159 lr=1.00e-04 gpu_mem cur=2979MiB peak=8611MiB
Epoch 1/3 step 165900/304976 (global step 165900/914928): losses={'lm loss': 1.7592902183532715} grad_norm=0.8840 lr=1.00e-04 gpu_mem cur=2979MiB peak=8611MiB
Epoch 1/3 step 166000/304976 (global step 166000/914928): losses={'lm loss': 1.6298717260360718} grad_norm=0.8147 lr=1.00e-04 gpu_mem cur=2979MiB peak=8611MiB
Epoch 1/3 step 166100/304976 (global step 166100/914928): losses={'lm loss': 1.631731390953064} grad_norm=0.8540 lr=1.00e-04 gpu_mem cur=2979MiB peak=8611MiB
Epoch 1/3 step 166200/304976 (global step 166200/914928): losses={'lm loss': 1.645313024520874} grad_norm=0.8355 lr=1.00e-04 gpu_mem cur=2979MiB peak=8611MiB
Epoch 1/3 step 166300/304976 (global step 166300/914928): losses={'lm loss': 1.5401583909988403} grad_norm=0.8012 lr=1.00e-04 gpu_mem cur=2979MiB peak=8611MiB
Epoch 1/3 step 166400/304976 (global step 166400/914928): losses={'lm loss': 1.5094555616378784} grad_norm=0.7977 lr=1.00e-04 gpu_mem cur=2979MiB peak=8611MiB
Epoch 1/3 step 166500/304976 (global step 166500/914928): losses={'lm loss': 1.5460083484649658} grad_norm=0.8050 lr=1.00e-04 gpu_mem cur=2979MiB peak=8611MiB
Epoch 1/3 step 166600/304976 (global step 166600/914928): losses={'lm loss': 1.687048316001892} grad_norm=0.8331 lr=1.00e-04 gpu_mem cur=2979MiB peak=8611MiB
Epoch 1/3 step 166700/304976 (global step 166700/914928): losses={'lm loss': 1.5136513710021973} grad_norm=0.7757 lr=1.00e-04 gpu_mem cur=2979MiB peak=8611MiB
Epoch 1/3 step 166800/304976 (global step 166800/914928): losses={'lm loss': 1.5455634593963623} grad_norm=0.8470 lr=1.00e-04 gpu_mem cur=2979MiB peak=8611MiB
Epoch 1/3 step 166900/304976 (global step 166900/914928): losses={'lm loss': 1.5819159746170044} grad_norm=0.8054 lr=1.00e-04 gpu_mem cur=2979MiB peak=8611MiB
Epoch 1/3 step 167000/304976 (global step 167000/914928): losses={'lm loss': 1.6784818172454834} grad_norm=0.8498 lr=1.00e-04 gpu_mem cur=2979MiB peak=8611MiB
Epoch 1/3 step 167100/304976 (global step 167100/914928): losses={'lm loss': 1.5809824466705322} grad_norm=0.8036 lr=1.00e-04 gpu_mem cur=2979MiB peak=8611MiB
Epoch 1/3 step 167200/304976 (global step 167200/914928): losses={'lm loss': 1.6983604431152344} grad_norm=0.8688 lr=1.00e-04 gpu_mem cur=2979MiB peak=8611MiB
Epoch 1/3 step 167300/304976 (global step 167300/914928): losses={'lm loss': 1.7280340194702148} grad_norm=0.8604 lr=1.00e-04 gpu_mem cur=2979MiB peak=8611MiB
Epoch 1/3 step 167400/304976 (global step 167400/914928): losses={'lm loss': 1.5794589519500732} grad_norm=0.8154 lr=1.00e-04 gpu_mem cur=2979MiB peak=8611MiB
Epoch 1/3 step 167500/304976 (global step 167500/914928): losses={'lm loss': 1.6803014278411865} grad_norm=0.8256 lr=1.00e-04 gpu_mem cur=2979MiB peak=8611MiB
Epoch 1/3 step 167600/304976 (global step 167600/914928): losses={'lm loss': 1.576337456703186} grad_norm=0.8316 lr=1.00e-04 gpu_mem cur=2979MiB peak=8611MiB
Epoch 1/3 step 167700/304976 (global step 167700/914928): losses={'lm loss': 1.5659759044647217} grad_norm=0.8034 lr=1.00e-04 gpu_mem cur=2979MiB peak=8611MiB
Epoch 1/3 step 167800/304976 (global step 167800/914928): losses={'lm loss': 1.7630054950714111} grad_norm=0.8449 lr=1.00e-04 gpu_mem cur=2979MiB peak=8611MiB
Epoch 1/3 step 167900/304976 (global step 167900/914928): losses={'lm loss': 1.5922605991363525} grad_norm=0.8281 lr=1.00e-04 gpu_mem cur=2979MiB peak=8611MiB
Epoch 1/3 step 168000/304976 (global step 168000/914928): losses={'lm loss': 1.4656610488891602} grad_norm=0.8155 lr=1.00e-04 gpu_mem cur=2979MiB peak=8611MiB
Epoch 1/3 step 168100/304976 (global step 168100/914928): losses={'lm loss': 1.4718832969665527} grad_norm=0.7865 lr=1.00e-04 gpu_mem cur=2979MiB peak=8611MiB
Epoch 1/3 step 168200/304976 (global step 168200/914928): losses={'lm loss': 1.5172785520553589} grad_norm=0.8009 lr=1.00e-04 gpu_mem cur=2979MiB peak=8611MiB
Epoch 1/3 step 168300/304976 (global step 168300/914928): losses={'lm loss': 1.501082181930542} grad_norm=0.7755 lr=1.00e-04 gpu_mem cur=2979MiB peak=8611MiB
Epoch 1/3 step 168400/304976 (global step 168400/914928): losses={'lm loss': 1.5340619087219238} grad_norm=0.8244 lr=1.00e-04 gpu_mem cur=2979MiB peak=8611MiB
Epoch 1/3 step 168500/304976 (global step 168500/914928): losses={'lm loss': 1.577172040939331} grad_norm=0.7984 lr=1.00e-04 gpu_mem cur=2979MiB peak=8611MiB
Epoch 1/3 step 168600/304976 (global step 168600/914928): losses={'lm loss': 1.5216376781463623} grad_norm=0.7978 lr=1.00e-04 gpu_mem cur=2979MiB peak=8611MiB
Epoch 1/3 step 168700/304976 (global step 168700/914928): losses={'lm loss': 1.680642008781433} grad_norm=0.8404 lr=1.00e-04 gpu_mem cur=2979MiB peak=8611MiB
Epoch 1/3 step 168800/304976 (global step 168800/914928): losses={'lm loss': 1.67950439453125} grad_norm=0.8377 lr=1.00e-04 gpu_mem cur=2979MiB peak=8611MiB
Epoch 1/3 step 168900/304976 (global step 168900/914928): losses={'lm loss': 1.6851191520690918} grad_norm=0.8351 lr=1.00e-04 gpu_mem cur=2979MiB peak=8611MiB
Epoch 1/3 step 169000/304976 (global step 169000/914928): losses={'lm loss': 1.7145336866378784} grad_norm=0.8307 lr=1.00e-04 gpu_mem cur=2979MiB peak=8611MiB
Epoch 1/3 step 169100/304976 (global step 169100/914928): losses={'lm loss': 1.7009828090667725} grad_norm=0.8334 lr=1.00e-04 gpu_mem cur=2979MiB peak=8611MiB
Epoch 1/3 step 169200/304976 (global step 169200/914928): losses={'lm loss': 1.5520732402801514} grad_norm=0.8095 lr=1.00e-04 gpu_mem cur=2979MiB peak=8611MiB
Epoch 1/3 step 169300/304976 (global step 169300/914928): losses={'lm loss': 1.6042523384094238} grad_norm=0.8449 lr=1.00e-04 gpu_mem cur=2979MiB peak=8611MiB
Epoch 1/3 step 169400/304976 (global step 169400/914928): losses={'lm loss': 1.4681512117385864} grad_norm=0.7922 lr=1.00e-04 gpu_mem cur=2979MiB peak=8611MiB
Epoch 1/3 step 169500/304976 (global step 169500/914928): losses={'lm loss': 1.495369791984558} grad_norm=0.7829 lr=1.00e-04 gpu_mem cur=2979MiB peak=8611MiB
Epoch 1/3 step 169600/304976 (global step 169600/914928): losses={'lm loss': 1.4338884353637695} grad_norm=0.8127 lr=1.00e-04 gpu_mem cur=2979MiB peak=8611MiB
Epoch 1/3 step 169700/304976 (global step 169700/914928): losses={'lm loss': 1.6372864246368408} grad_norm=0.8397 lr=1.00e-04 gpu_mem cur=2979MiB peak=8611MiB
Epoch 1/3 step 169800/304976 (global step 169800/914928): losses={'lm loss': 1.502516746520996} grad_norm=0.8168 lr=1.00e-04 gpu_mem cur=2979MiB peak=8611MiB
Epoch 1/3 step 169900/304976 (global step 169900/914928): losses={'lm loss': 1.5794498920440674} grad_norm=0.8402 lr=1.00e-04 gpu_mem cur=2979MiB peak=8611MiB
Epoch 1/3 step 170000/304976 (global step 170000/914928): losses={'lm loss': 1.6559408903121948} grad_norm=0.8284 lr=1.00e-04 gpu_mem cur=2979MiB peak=8611MiB
Checkpoint saved to /home/lxk/PycharmProjects/My_megatron/examples/ckpt/step_170000
Removing old checkpoint: /home/lxk/PycharmProjects/My_megatron/examples/ckpt/step_155000
[eval] step_170000: eval_loss=1.5440
[sample 1 @ step_170000] ing by. They thought it was a sign. But the squirrel did not help them. The shadows grew long, and the chill of night set in. The brave hero felt a rush of fear. 

Suddenly, a bright light appeared in the distance. The brave hero moved closer, but it was just a shadow, a red herring. The real hero came from behind a tree, laughing. They had been nothing but a red herring. The real hero was in
[sample 2 @ step_170000]  set out, thinking today would be an adventure of a lifetime.

The path was slippery and muddy from the rain. I slipped, but I kept going. I thought of the lost treasures waiting to be found. I could almost see them shining in my mind. As I climbed over a rock, I saw a glimmer of light ahead. My heart raced with hope.

At last, I reached the place. The city was really
[mem] gpu_mem cur=2979MiB peak=8611MiB
Epoch 1/3 step 170100/304976 (global step 170100/914928): losses={'lm loss': 1.5369274616241455} grad_norm=0.8101 lr=1.00e-04 gpu_mem cur=2979MiB peak=8611MiB
Epoch 1/3 step 170200/304976 (global step 170200/914928): losses={'lm loss': 1.4870187044143677} grad_norm=0.7872 lr=1.00e-04 gpu_mem cur=2979MiB peak=8611MiB
Epoch 1/3 step 170300/304976 (global step 170300/914928): losses={'lm loss': 1.6323094367980957} grad_norm=0.8052 lr=1.00e-04 gpu_mem cur=2979MiB peak=8611MiB
Epoch 1/3 step 170400/304976 (global step 170400/914928): losses={'lm loss': 1.5732502937316895} grad_norm=0.7984 lr=1.00e-04 gpu_mem cur=2979MiB peak=8611MiB
Epoch 1/3 step 170500/304976 (global step 170500/914928): losses={'lm loss': 1.4879913330078125} grad_norm=0.8016 lr=1.00e-04 gpu_mem cur=2979MiB peak=8611MiB
Epoch 1/3 step 170600/304976 (global step 170600/914928): losses={'lm loss': 1.5621283054351807} grad_norm=0.8311 lr=1.00e-04 gpu_mem cur=2979MiB peak=8611MiB
Epoch 1/3 step 170700/304976 (global step 170700/914928): losses={'lm loss': 1.4792394638061523} grad_norm=0.7958 lr=1.00e-04 gpu_mem cur=2979MiB peak=8611MiB
Epoch 1/3 step 170800/304976 (global step 170800/914928): losses={'lm loss': 1.6196982860565186} grad_norm=0.8751 lr=1.00e-04 gpu_mem cur=2979MiB peak=8611MiB
Epoch 1/3 step 170900/304976 (global step 170900/914928): losses={'lm loss': 1.53477144241333} grad_norm=0.7793 lr=1.00e-04 gpu_mem cur=2979MiB peak=8611MiB
Epoch 1/3 step 171000/304976 (global step 171000/914928): losses={'lm loss': 1.5743308067321777} grad_norm=0.8043 lr=1.00e-04 gpu_mem cur=2979MiB peak=8611MiB
Epoch 1/3 step 171100/304976 (global step 171100/914928): losses={'lm loss': 1.4674537181854248} grad_norm=0.7766 lr=1.00e-04 gpu_mem cur=2979MiB peak=8611MiB
Epoch 1/3 step 171200/304976 (global step 171200/914928): losses={'lm loss': 1.6028317213058472} grad_norm=0.8342 lr=1.00e-04 gpu_mem cur=2979MiB peak=8611MiB
Epoch 1/3 step 171300/304976 (global step 171300/914928): losses={'lm loss': 1.4765541553497314} grad_norm=0.7942 lr=1.00e-04 gpu_mem cur=2979MiB peak=8611MiB
Epoch 1/3 step 171400/304976 (global step 171400/914928): losses={'lm loss': 1.512730598449707} grad_norm=0.8904 lr=1.00e-04 gpu_mem cur=2979MiB peak=8611MiB
Epoch 1/3 step 171500/304976 (global step 171500/914928): losses={'lm loss': 1.4473295211791992} grad_norm=0.7726 lr=1.00e-04 gpu_mem cur=2979MiB peak=8611MiB
Epoch 1/3 step 171600/304976 (global step 171600/914928): losses={'lm loss': 1.3908379077911377} grad_norm=0.7605 lr=1.00e-04 gpu_mem cur=2979MiB peak=8611MiB
Epoch 1/3 step 171700/304976 (global step 171700/914928): losses={'lm loss': 1.4588574171066284} grad_norm=0.7657 lr=1.00e-04 gpu_mem cur=2979MiB peak=8611MiB
Epoch 1/3 step 171800/304976 (global step 171800/914928): losses={'lm loss': 1.5206091403961182} grad_norm=0.7911 lr=1.00e-04 gpu_mem cur=2979MiB peak=8611MiB
Epoch 1/3 step 171900/304976 (global step 171900/914928): losses={'lm loss': 1.528024673461914} grad_norm=0.7811 lr=1.00e-04 gpu_mem cur=2979MiB peak=8611MiB
Epoch 1/3 step 172000/304976 (global step 172000/914928): losses={'lm loss': 1.6107302904129028} grad_norm=0.8229 lr=1.00e-04 gpu_mem cur=2979MiB peak=8611MiB
Epoch 1/3 step 172100/304976 (global step 172100/914928): losses={'lm loss': 1.6523720026016235} grad_norm=0.8473 lr=1.00e-04 gpu_mem cur=2979MiB peak=8611MiB
Epoch 1/3 step 172200/304976 (global step 172200/914928): losses={'lm loss': 1.7108933925628662} grad_norm=0.8407 lr=1.00e-04 gpu_mem cur=2979MiB peak=8611MiB
Epoch 1/3 step 172300/304976 (global step 172300/914928): losses={'lm loss': 1.4167506694793701} grad_norm=0.8187 lr=1.00e-04 gpu_mem cur=2979MiB peak=8611MiB
Epoch 1/3 step 172400/304976 (global step 172400/914928): losses={'lm loss': 1.6090298891067505} grad_norm=0.8392 lr=1.00e-04 gpu_mem cur=2979MiB peak=8611MiB
Epoch 1/3 step 172500/304976 (global step 172500/914928): losses={'lm loss': 1.5233651399612427} grad_norm=0.8059 lr=1.00e-04 gpu_mem cur=2979MiB peak=8611MiB
Epoch 1/3 step 172600/304976 (global step 172600/914928): losses={'lm loss': 1.6121220588684082} grad_norm=0.8317 lr=1.00e-04 gpu_mem cur=2979MiB peak=8611MiB
Epoch 1/3 step 172700/304976 (global step 172700/914928): losses={'lm loss': 1.572981595993042} grad_norm=0.7969 lr=1.00e-04 gpu_mem cur=2979MiB peak=8611MiB
Epoch 1/3 step 172800/304976 (global step 172800/914928): losses={'lm loss': 1.4692078828811646} grad_norm=0.7919 lr=1.00e-04 gpu_mem cur=2979MiB peak=8611MiB
Epoch 1/3 step 172900/304976 (global step 172900/914928): losses={'lm loss': 1.5684020519256592} grad_norm=0.8157 lr=1.00e-04 gpu_mem cur=2979MiB peak=8611MiB
Epoch 1/3 step 173000/304976 (global step 173000/914928): losses={'lm loss': 1.5938947200775146} grad_norm=0.8174 lr=1.00e-04 gpu_mem cur=2979MiB peak=8611MiB
Epoch 1/3 step 173100/304976 (global step 173100/914928): losses={'lm loss': 1.4695074558258057} grad_norm=0.7810 lr=1.00e-04 gpu_mem cur=2979MiB peak=8611MiB
Epoch 1/3 step 173200/304976 (global step 173200/914928): losses={'lm loss': 1.5794365406036377} grad_norm=0.8000 lr=1.00e-04 gpu_mem cur=2979MiB peak=8611MiB
Epoch 1/3 step 173300/304976 (global step 173300/914928): losses={'lm loss': 1.6662464141845703} grad_norm=0.8252 lr=1.00e-04 gpu_mem cur=2979MiB peak=8611MiB
Epoch 1/3 step 173400/304976 (global step 173400/914928): losses={'lm loss': 1.6797277927398682} grad_norm=0.8474 lr=1.00e-04 gpu_mem cur=2979MiB peak=8611MiB
Epoch 1/3 step 173500/304976 (global step 173500/914928): losses={'lm loss': 1.742464542388916} grad_norm=0.8633 lr=1.00e-04 gpu_mem cur=2979MiB peak=8611MiB
Epoch 1/3 step 173600/304976 (global step 173600/914928): losses={'lm loss': 1.6553142070770264} grad_norm=0.8504 lr=1.00e-04 gpu_mem cur=2979MiB peak=8611MiB
Epoch 1/3 step 173700/304976 (global step 173700/914928): losses={'lm loss': 1.4130909442901611} grad_norm=0.9079 lr=1.00e-04 gpu_mem cur=2979MiB peak=8611MiB
Epoch 1/3 step 173800/304976 (global step 173800/914928): losses={'lm loss': 1.5759613513946533} grad_norm=0.8234 lr=1.00e-04 gpu_mem cur=2979MiB peak=8611MiB
Epoch 1/3 step 173900/304976 (global step 173900/914928): losses={'lm loss': 1.6108415126800537} grad_norm=0.8441 lr=1.00e-04 gpu_mem cur=2979MiB peak=8611MiB
Epoch 1/3 step 174000/304976 (global step 174000/914928): losses={'lm loss': 1.6670480966567993} grad_norm=0.8231 lr=1.00e-04 gpu_mem cur=2979MiB peak=8611MiB
Epoch 1/3 step 174100/304976 (global step 174100/914928): losses={'lm loss': 1.4676933288574219} grad_norm=0.7838 lr=1.00e-04 gpu_mem cur=2979MiB peak=8611MiB
Epoch 1/3 step 174200/304976 (global step 174200/914928): losses={'lm loss': 1.5723859071731567} grad_norm=0.8096 lr=1.00e-04 gpu_mem cur=2979MiB peak=8611MiB
Epoch 1/3 step 174300/304976 (global step 174300/914928): losses={'lm loss': 1.7174835205078125} grad_norm=0.8822 lr=1.00e-04 gpu_mem cur=2979MiB peak=8611MiB
Epoch 1/3 step 174400/304976 (global step 174400/914928): losses={'lm loss': 1.6860581636428833} grad_norm=0.8412 lr=1.00e-04 gpu_mem cur=2979MiB peak=8611MiB
Epoch 1/3 step 174500/304976 (global step 174500/914928): losses={'lm loss': 1.5393829345703125} grad_norm=0.8102 lr=1.00e-04 gpu_mem cur=2979MiB peak=8611MiB
Epoch 1/3 step 174600/304976 (global step 174600/914928): losses={'lm loss': 1.5760836601257324} grad_norm=0.8250 lr=1.00e-04 gpu_mem cur=2979MiB peak=8611MiB
Epoch 1/3 step 174700/304976 (global step 174700/914928): losses={'lm loss': 1.474219560623169} grad_norm=0.7798 lr=1.00e-04 gpu_mem cur=2979MiB peak=8611MiB
Epoch 1/3 step 174800/304976 (global step 174800/914928): losses={'lm loss': 1.526876449584961} grad_norm=0.7983 lr=1.00e-04 gpu_mem cur=2979MiB peak=8611MiB
Epoch 1/3 step 174900/304976 (global step 174900/914928): losses={'lm loss': 1.5928373336791992} grad_norm=0.8283 lr=1.00e-04 gpu_mem cur=2979MiB peak=8611MiB
Epoch 1/3 step 175000/304976 (global step 175000/914928): losses={'lm loss': 1.631415605545044} grad_norm=0.7967 lr=1.00e-04 gpu_mem cur=2979MiB peak=8611MiB
Checkpoint saved to /home/lxk/PycharmProjects/My_megatron/examples/ckpt/step_175000
Removing old checkpoint: /home/lxk/PycharmProjects/My_megatron/examples/ckpt/step_160000
[eval] step_175000: eval_loss=1.5394
[sample 1 @ step_175000] ing by. They thought it was a sign. But the squirrel did not help them. The shadows grew long, and the chill of night set in. The girl felt a deep sadness. She thought about what they did not understand.

One day, she saw something to move. A little bird had fallen from its nest. It struggled against the dark. The girl felt a rush of compassion. She knew she had to help the bird. It was her chance to
[sample 2 @ step_175000]  set out, thinking today would be an adventure of a lifetime.

The path was slippery and muddy from the rain. Kim slipped and fell, but she got back up. "Keep going, Kim!" she told herself. As she walked, she saw a small cave hidden behind a waterfall. Curious, she peeked inside and found an old box. Excitedly, she opened it, only to find a bunch of rubber
[mem] gpu_mem cur=2979MiB peak=8611MiB
Epoch 1/3 step 175100/304976 (global step 175100/914928): losses={'lm loss': 1.484421968460083} grad_norm=0.7866 lr=1.00e-04 gpu_mem cur=2979MiB peak=8611MiB
Epoch 1/3 step 175200/304976 (global step 175200/914928): losses={'lm loss': 1.5757123231887817} grad_norm=0.8034 lr=1.00e-04 gpu_mem cur=2979MiB peak=8611MiB
Epoch 1/3 step 175300/304976 (global step 175300/914928): losses={'lm loss': 1.5440939664840698} grad_norm=0.8235 lr=1.00e-04 gpu_mem cur=2979MiB peak=8611MiB
Epoch 1/3 step 175400/304976 (global step 175400/914928): losses={'lm loss': 1.4732224941253662} grad_norm=0.7852 lr=1.00e-04 gpu_mem cur=2979MiB peak=8611MiB
Epoch 1/3 step 175500/304976 (global step 175500/914928): losses={'lm loss': 1.5856013298034668} grad_norm=0.8370 lr=1.00e-04 gpu_mem cur=2979MiB peak=8611MiB
Epoch 1/3 step 175600/304976 (global step 175600/914928): losses={'lm loss': 1.6839922666549683} grad_norm=0.8203 lr=1.00e-04 gpu_mem cur=2979MiB peak=8611MiB
Epoch 1/3 step 175700/304976 (global step 175700/914928): losses={'lm loss': 1.4452767372131348} grad_norm=0.7862 lr=1.00e-04 gpu_mem cur=2979MiB peak=8611MiB
Epoch 1/3 step 175800/304976 (global step 175800/914928): losses={'lm loss': 1.553513526916504} grad_norm=0.8011 lr=1.00e-04 gpu_mem cur=2979MiB peak=8611MiB
Epoch 1/3 step 175900/304976 (global step 175900/914928): losses={'lm loss': 1.5319981575012207} grad_norm=0.7870 lr=1.00e-04 gpu_mem cur=2979MiB peak=8611MiB
Epoch 1/3 step 176000/304976 (global step 176000/914928): losses={'lm loss': 1.5434720516204834} grad_norm=0.8076 lr=1.00e-04 gpu_mem cur=2979MiB peak=8611MiB
Epoch 1/3 step 176100/304976 (global step 176100/914928): losses={'lm loss': 1.5763859748840332} grad_norm=0.8177 lr=1.00e-04 gpu_mem cur=2979MiB peak=8611MiB
Epoch 1/3 step 176200/304976 (global step 176200/914928): losses={'lm loss': 1.4148948192596436} grad_norm=0.7667 lr=1.00e-04 gpu_mem cur=2979MiB peak=8611MiB
Epoch 1/3 step 176300/304976 (global step 176300/914928): losses={'lm loss': 1.4559237957000732} grad_norm=0.7658 lr=1.00e-04 gpu_mem cur=2979MiB peak=8611MiB
Epoch 1/3 step 176400/304976 (global step 176400/914928): losses={'lm loss': 1.6416435241699219} grad_norm=0.8342 lr=1.00e-04 gpu_mem cur=2979MiB peak=8611MiB
Epoch 1/3 step 176500/304976 (global step 176500/914928): losses={'lm loss': 1.6401817798614502} grad_norm=0.8821 lr=1.00e-04 gpu_mem cur=2979MiB peak=8611MiB
Epoch 1/3 step 176600/304976 (global step 176600/914928): losses={'lm loss': 1.4520375728607178} grad_norm=0.7993 lr=1.00e-04 gpu_mem cur=2979MiB peak=8611MiB
Epoch 1/3 step 176700/304976 (global step 176700/914928): losses={'lm loss': 1.619963526725769} grad_norm=0.8257 lr=1.00e-04 gpu_mem cur=2979MiB peak=8611MiB
Epoch 1/3 step 176800/304976 (global step 176800/914928): losses={'lm loss': 1.637505054473877} grad_norm=0.8297 lr=1.00e-04 gpu_mem cur=2979MiB peak=8611MiB
Epoch 1/3 step 176900/304976 (global step 176900/914928): losses={'lm loss': 1.5413055419921875} grad_norm=0.7960 lr=1.00e-04 gpu_mem cur=2979MiB peak=8611MiB
Epoch 1/3 step 177000/304976 (global step 177000/914928): losses={'lm loss': 1.7991961240768433} grad_norm=0.8590 lr=1.00e-04 gpu_mem cur=2979MiB peak=8611MiB
Epoch 1/3 step 177100/304976 (global step 177100/914928): losses={'lm loss': 1.6216813325881958} grad_norm=0.8868 lr=1.00e-04 gpu_mem cur=2979MiB peak=8611MiB
Epoch 1/3 step 177200/304976 (global step 177200/914928): losses={'lm loss': 1.5863789319992065} grad_norm=0.8564 lr=1.00e-04 gpu_mem cur=2979MiB peak=8611MiB
Epoch 1/3 step 177300/304976 (global step 177300/914928): losses={'lm loss': 1.6247211694717407} grad_norm=0.8289 lr=1.00e-04 gpu_mem cur=2979MiB peak=8611MiB
Epoch 1/3 step 177400/304976 (global step 177400/914928): losses={'lm loss': 1.4760020971298218} grad_norm=0.7889 lr=1.00e-04 gpu_mem cur=2979MiB peak=8611MiB
Epoch 1/3 step 177500/304976 (global step 177500/914928): losses={'lm loss': 1.462807297706604} grad_norm=0.7725 lr=1.00e-04 gpu_mem cur=2979MiB peak=8611MiB
Epoch 1/3 step 177600/304976 (global step 177600/914928): losses={'lm loss': 1.6922450065612793} grad_norm=0.8163 lr=1.00e-04 gpu_mem cur=2979MiB peak=8611MiB
Epoch 1/3 step 177700/304976 (global step 177700/914928): losses={'lm loss': 1.566189169883728} grad_norm=0.8082 lr=1.00e-04 gpu_mem cur=2979MiB peak=8611MiB
Epoch 1/3 step 177800/304976 (global step 177800/914928): losses={'lm loss': 1.6301589012145996} grad_norm=0.9145 lr=1.00e-04 gpu_mem cur=2979MiB peak=8611MiB
Epoch 1/3 step 177900/304976 (global step 177900/914928): losses={'lm loss': 1.5838608741760254} grad_norm=0.8595 lr=1.00e-04 gpu_mem cur=2979MiB peak=8611MiB
Epoch 1/3 step 178000/304976 (global step 178000/914928): losses={'lm loss': 1.625223159790039} grad_norm=0.8634 lr=1.00e-04 gpu_mem cur=2979MiB peak=8611MiB
Epoch 1/3 step 178100/304976 (global step 178100/914928): losses={'lm loss': 1.5871524810791016} grad_norm=0.8561 lr=1.00e-04 gpu_mem cur=2979MiB peak=8611MiB
Epoch 1/3 step 178200/304976 (global step 178200/914928): losses={'lm loss': 1.562948226928711} grad_norm=0.8037 lr=1.00e-04 gpu_mem cur=2979MiB peak=8611MiB
Epoch 1/3 step 178300/304976 (global step 178300/914928): losses={'lm loss': 1.6380534172058105} grad_norm=0.8286 lr=1.00e-04 gpu_mem cur=2979MiB peak=8611MiB
Epoch 1/3 step 178400/304976 (global step 178400/914928): losses={'lm loss': 1.6231660842895508} grad_norm=0.7976 lr=1.00e-04 gpu_mem cur=2979MiB peak=8611MiB
Epoch 1/3 step 178500/304976 (global step 178500/914928): losses={'lm loss': 1.642157793045044} grad_norm=0.8234 lr=1.00e-04 gpu_mem cur=2979MiB peak=8611MiB
Epoch 1/3 step 178600/304976 (global step 178600/914928): losses={'lm loss': 1.5627325773239136} grad_norm=0.7871 lr=1.00e-04 gpu_mem cur=2979MiB peak=8611MiB
Epoch 1/3 step 178700/304976 (global step 178700/914928): losses={'lm loss': 1.4642387628555298} grad_norm=0.7787 lr=1.00e-04 gpu_mem cur=2979MiB peak=8611MiB
Epoch 1/3 step 178800/304976 (global step 178800/914928): losses={'lm loss': 1.4874534606933594} grad_norm=0.7689 lr=1.00e-04 gpu_mem cur=2979MiB peak=8611MiB
Epoch 1/3 step 178900/304976 (global step 178900/914928): losses={'lm loss': 1.5231974124908447} grad_norm=0.8114 lr=1.00e-04 gpu_mem cur=2979MiB peak=8611MiB
Epoch 1/3 step 179000/304976 (global step 179000/914928): losses={'lm loss': 1.4927701950073242} grad_norm=0.7859 lr=1.00e-04 gpu_mem cur=2979MiB peak=8611MiB
Epoch 1/3 step 179100/304976 (global step 179100/914928): losses={'lm loss': 1.5377373695373535} grad_norm=0.8070 lr=1.00e-04 gpu_mem cur=2979MiB peak=8611MiB
Epoch 1/3 step 179200/304976 (global step 179200/914928): losses={'lm loss': 1.5489150285720825} grad_norm=0.8320 lr=1.00e-04 gpu_mem cur=2979MiB peak=8611MiB
Epoch 1/3 step 179300/304976 (global step 179300/914928): losses={'lm loss': 1.6257362365722656} grad_norm=0.7845 lr=1.00e-04 gpu_mem cur=2979MiB peak=8611MiB
Epoch 1/3 step 179400/304976 (global step 179400/914928): losses={'lm loss': 1.511458158493042} grad_norm=0.7971 lr=1.00e-04 gpu_mem cur=2979MiB peak=8611MiB
Epoch 1/3 step 179500/304976 (global step 179500/914928): losses={'lm loss': 1.6012029647827148} grad_norm=0.8246 lr=1.00e-04 gpu_mem cur=2979MiB peak=8611MiB
Epoch 1/3 step 179600/304976 (global step 179600/914928): losses={'lm loss': 1.5373098850250244} grad_norm=0.7522 lr=1.00e-04 gpu_mem cur=2979MiB peak=8611MiB
Epoch 1/3 step 179700/304976 (global step 179700/914928): losses={'lm loss': 1.5949949026107788} grad_norm=0.8100 lr=1.00e-04 gpu_mem cur=2979MiB peak=8611MiB
Epoch 1/3 step 179800/304976 (global step 179800/914928): losses={'lm loss': 1.5254002809524536} grad_norm=0.7940 lr=1.00e-04 gpu_mem cur=2979MiB peak=8611MiB
Epoch 1/3 step 179900/304976 (global step 179900/914928): losses={'lm loss': 1.4952043294906616} grad_norm=0.8162 lr=1.00e-04 gpu_mem cur=2979MiB peak=8611MiB
Epoch 1/3 step 180000/304976 (global step 180000/914928): losses={'lm loss': 1.4900941848754883} grad_norm=0.8016 lr=1.00e-04 gpu_mem cur=2979MiB peak=8611MiB
Checkpoint saved to /home/lxk/PycharmProjects/My_megatron/examples/ckpt/step_180000
Removing old checkpoint: /home/lxk/PycharmProjects/My_megatron/examples/ckpt/step_165000
[eval] step_180000: eval_loss=1.5360
[sample 1 @ step_180000] ing by. They thought it was a sign. But the squirrel did not help them. The shadows grew long, and the chill of night set in. The squirrel looked up at the giant. It seemed confused and alone.

Suddenly, a loud crash came from upstairs. The squirrel felt a rush of fear. He thought he was not brave enough to climb over. But then, he remembered his mother's words: "Courage is not the absence of
[sample 2 @ step_180000]  set out, thinking today would be an adventure of a lifetime.

The path was slippery and muddy from the rain. Rita slipped and fell. Instead of feeling sad, she got up and laughed. "This is the best day ever!" she thought. She realized that sometimes, the best times come from unexpected fun. 

As she walked home, Rita smiled. The world was beautiful, even in the rain. She learned that plans
[mem] gpu_mem cur=2979MiB peak=8611MiB
Epoch 1/3 step 180100/304976 (global step 180100/914928): losses={'lm loss': 1.5114696025848389} grad_norm=0.7931 lr=1.00e-04 gpu_mem cur=2979MiB peak=8611MiB
Epoch 1/3 step 180200/304976 (global step 180200/914928): losses={'lm loss': 1.5135968923568726} grad_norm=0.7620 lr=1.00e-04 gpu_mem cur=2979MiB peak=8611MiB
Epoch 1/3 step 180300/304976 (global step 180300/914928): losses={'lm loss': 1.4532761573791504} grad_norm=0.7807 lr=1.00e-04 gpu_mem cur=2979MiB peak=8611MiB
Epoch 1/3 step 180400/304976 (global step 180400/914928): losses={'lm loss': 1.4820727109909058} grad_norm=0.7850 lr=1.00e-04 gpu_mem cur=2979MiB peak=8611MiB
Epoch 1/3 step 180500/304976 (global step 180500/914928): losses={'lm loss': 1.6627050638198853} grad_norm=0.8390 lr=1.00e-04 gpu_mem cur=2979MiB peak=8611MiB
Epoch 1/3 step 180600/304976 (global step 180600/914928): losses={'lm loss': 1.5276265144348145} grad_norm=0.7890 lr=1.00e-04 gpu_mem cur=2979MiB peak=8611MiB
Epoch 1/3 step 180700/304976 (global step 180700/914928): losses={'lm loss': 1.5379376411437988} grad_norm=0.7853 lr=1.00e-04 gpu_mem cur=2979MiB peak=8611MiB
Epoch 1/3 step 180800/304976 (global step 180800/914928): losses={'lm loss': 1.3316664695739746} grad_norm=0.7328 lr=1.00e-04 gpu_mem cur=2979MiB peak=8611MiB
Epoch 1/3 step 180900/304976 (global step 180900/914928): losses={'lm loss': 1.6017632484436035} grad_norm=0.8233 lr=1.00e-04 gpu_mem cur=2979MiB peak=8611MiB
Epoch 1/3 step 181000/304976 (global step 181000/914928): losses={'lm loss': 1.5743155479431152} grad_norm=0.8048 lr=1.00e-04 gpu_mem cur=2979MiB peak=8611MiB
Epoch 1/3 step 181100/304976 (global step 181100/914928): losses={'lm loss': 1.4991121292114258} grad_norm=0.7896 lr=1.00e-04 gpu_mem cur=2979MiB peak=8611MiB
Epoch 1/3 step 181200/304976 (global step 181200/914928): losses={'lm loss': 1.7205123901367188} grad_norm=0.8657 lr=1.00e-04 gpu_mem cur=2979MiB peak=8611MiB
Epoch 1/3 step 181300/304976 (global step 181300/914928): losses={'lm loss': 1.4023866653442383} grad_norm=0.7810 lr=1.00e-04 gpu_mem cur=2979MiB peak=8611MiB
Epoch 1/3 step 181400/304976 (global step 181400/914928): losses={'lm loss': 1.6441524028778076} grad_norm=0.7856 lr=1.00e-04 gpu_mem cur=2979MiB peak=8611MiB
Epoch 1/3 step 181500/304976 (global step 181500/914928): losses={'lm loss': 1.5698094367980957} grad_norm=0.8265 lr=1.00e-04 gpu_mem cur=2979MiB peak=8611MiB
Epoch 1/3 step 181600/304976 (global step 181600/914928): losses={'lm loss': 1.754599928855896} grad_norm=0.8313 lr=1.00e-04 gpu_mem cur=2979MiB peak=8611MiB
Epoch 1/3 step 181700/304976 (global step 181700/914928): losses={'lm loss': 1.4787404537200928} grad_norm=0.7612 lr=1.00e-04 gpu_mem cur=2979MiB peak=8611MiB
Epoch 1/3 step 181800/304976 (global step 181800/914928): losses={'lm loss': 1.639193058013916} grad_norm=0.8574 lr=1.00e-04 gpu_mem cur=2979MiB peak=8611MiB
Epoch 1/3 step 181900/304976 (global step 181900/914928): losses={'lm loss': 1.5277457237243652} grad_norm=0.7711 lr=1.00e-04 gpu_mem cur=2979MiB peak=8611MiB
Epoch 1/3 step 182000/304976 (global step 182000/914928): losses={'lm loss': 1.531569004058838} grad_norm=0.8076 lr=1.00e-04 gpu_mem cur=2979MiB peak=8611MiB
Epoch 1/3 step 182100/304976 (global step 182100/914928): losses={'lm loss': 1.6211817264556885} grad_norm=0.7935 lr=1.00e-04 gpu_mem cur=2979MiB peak=8611MiB
Epoch 1/3 step 182200/304976 (global step 182200/914928): losses={'lm loss': 1.5703508853912354} grad_norm=0.8029 lr=1.00e-04 gpu_mem cur=2979MiB peak=8611MiB
Epoch 1/3 step 182300/304976 (global step 182300/914928): losses={'lm loss': 1.5242637395858765} grad_norm=0.7757 lr=1.00e-04 gpu_mem cur=2979MiB peak=8611MiB
Epoch 1/3 step 182400/304976 (global step 182400/914928): losses={'lm loss': 1.6446962356567383} grad_norm=0.8239 lr=1.00e-04 gpu_mem cur=2979MiB peak=8611MiB
Epoch 1/3 step 182500/304976 (global step 182500/914928): losses={'lm loss': 1.491575002670288} grad_norm=0.8083 lr=1.00e-04 gpu_mem cur=2979MiB peak=8611MiB
Epoch 1/3 step 182600/304976 (global step 182600/914928): losses={'lm loss': 1.6302472352981567} grad_norm=0.8112 lr=1.00e-04 gpu_mem cur=2979MiB peak=8611MiB
Epoch 1/3 step 182700/304976 (global step 182700/914928): losses={'lm loss': 1.4200336933135986} grad_norm=0.7783 lr=1.00e-04 gpu_mem cur=2979MiB peak=8611MiB
Epoch 1/3 step 182800/304976 (global step 182800/914928): losses={'lm loss': 1.5912284851074219} grad_norm=0.7785 lr=1.00e-04 gpu_mem cur=2979MiB peak=8611MiB
Epoch 1/3 step 182900/304976 (global step 182900/914928): losses={'lm loss': 1.540226936340332} grad_norm=0.8018 lr=1.00e-04 gpu_mem cur=2979MiB peak=8611MiB
Epoch 1/3 step 183000/304976 (global step 183000/914928): losses={'lm loss': 1.5985996723175049} grad_norm=0.7831 lr=1.00e-04 gpu_mem cur=2979MiB peak=8611MiB
Epoch 1/3 step 183100/304976 (global step 183100/914928): losses={'lm loss': 1.7178277969360352} grad_norm=0.8409 lr=1.00e-04 gpu_mem cur=2979MiB peak=8611MiB
Epoch 1/3 step 183200/304976 (global step 183200/914928): losses={'lm loss': 1.6273207664489746} grad_norm=0.8242 lr=1.00e-04 gpu_mem cur=2979MiB peak=8611MiB
Epoch 1/3 step 183300/304976 (global step 183300/914928): losses={'lm loss': 1.5999188423156738} grad_norm=0.8085 lr=1.00e-04 gpu_mem cur=2979MiB peak=8611MiB
Epoch 1/3 step 183400/304976 (global step 183400/914928): losses={'lm loss': 1.5591883659362793} grad_norm=0.7897 lr=1.00e-04 gpu_mem cur=2979MiB peak=8611MiB
Epoch 1/3 step 183500/304976 (global step 183500/914928): losses={'lm loss': 1.553990364074707} grad_norm=0.7748 lr=1.00e-04 gpu_mem cur=2979MiB peak=8611MiB
Epoch 1/3 step 183600/304976 (global step 183600/914928): losses={'lm loss': 1.5574500560760498} grad_norm=0.7839 lr=1.00e-04 gpu_mem cur=2979MiB peak=8611MiB
Epoch 1/3 step 183700/304976 (global step 183700/914928): losses={'lm loss': 1.4718059301376343} grad_norm=0.7742 lr=1.00e-04 gpu_mem cur=2979MiB peak=8611MiB
Epoch 1/3 step 183800/304976 (global step 183800/914928): losses={'lm loss': 1.457618236541748} grad_norm=0.8356 lr=1.00e-04 gpu_mem cur=2979MiB peak=8611MiB
Epoch 1/3 step 183900/304976 (global step 183900/914928): losses={'lm loss': 1.484005093574524} grad_norm=0.7971 lr=1.00e-04 gpu_mem cur=2979MiB peak=8611MiB
Epoch 1/3 step 184000/304976 (global step 184000/914928): losses={'lm loss': 1.5973201990127563} grad_norm=0.7847 lr=1.00e-04 gpu_mem cur=2979MiB peak=8611MiB
Epoch 1/3 step 184100/304976 (global step 184100/914928): losses={'lm loss': 1.388909101486206} grad_norm=0.7444 lr=1.00e-04 gpu_mem cur=2979MiB peak=8611MiB
Epoch 1/3 step 184200/304976 (global step 184200/914928): losses={'lm loss': 1.5441542863845825} grad_norm=0.7869 lr=1.00e-04 gpu_mem cur=2979MiB peak=8611MiB
Epoch 1/3 step 184300/304976 (global step 184300/914928): losses={'lm loss': 1.5514841079711914} grad_norm=0.7676 lr=1.00e-04 gpu_mem cur=2979MiB peak=8611MiB
Epoch 1/3 step 184400/304976 (global step 184400/914928): losses={'lm loss': 1.532186508178711} grad_norm=0.7705 lr=1.00e-04 gpu_mem cur=2979MiB peak=8611MiB
Epoch 1/3 step 184500/304976 (global step 184500/914928): losses={'lm loss': 1.5984907150268555} grad_norm=0.7841 lr=1.00e-04 gpu_mem cur=2979MiB peak=8611MiB
Epoch 1/3 step 184600/304976 (global step 184600/914928): losses={'lm loss': 1.6653649806976318} grad_norm=0.8032 lr=1.00e-04 gpu_mem cur=2979MiB peak=8611MiB
Epoch 1/3 step 184700/304976 (global step 184700/914928): losses={'lm loss': 1.5255110263824463} grad_norm=0.7631 lr=1.00e-04 gpu_mem cur=2979MiB peak=8611MiB
Epoch 1/3 step 184800/304976 (global step 184800/914928): losses={'lm loss': 1.5611209869384766} grad_norm=0.7967 lr=1.00e-04 gpu_mem cur=2979MiB peak=8611MiB
Epoch 1/3 step 184900/304976 (global step 184900/914928): losses={'lm loss': 1.7437148094177246} grad_norm=0.8428 lr=1.00e-04 gpu_mem cur=2979MiB peak=8611MiB
Epoch 1/3 step 185000/304976 (global step 185000/914928): losses={'lm loss': 1.481170654296875} grad_norm=0.7800 lr=1.00e-04 gpu_mem cur=2979MiB peak=8611MiB
Checkpoint saved to /home/lxk/PycharmProjects/My_megatron/examples/ckpt/step_185000
Removing old checkpoint: /home/lxk/PycharmProjects/My_megatron/examples/ckpt/step_170000
[eval] step_185000: eval_loss=1.5312
[sample 1 @ step_185000] ing by. They thought it was a sign. But the squirrel did not help them. The shadows grew long, and the chill of night set in. The boy and Mia felt the weight of fear wrap around them like a cold blanket. "What if we never find the star?" Mia whispered. The others nodded, but they held onto hope.

Suddenly, a loud crash broke the stillness. The sky darkened, and the first stars appeared in a gift
[sample 2 @ step_185000]  set out, thinking today would be an adventure of a lifetime.

The path was slippery and muddy from the rain. Lena slipped and fell into a puddle. "Oops!" she laughed. "Not a good laugh!" But Lena loved the water. She jumped out of bed and splashed everywhere. "Look at me! I'm a mud splash swimmer!" she shouted, making everyone laugh.

After the rain stopped,
[mem] gpu_mem cur=2979MiB peak=8611MiB
Epoch 1/3 step 185100/304976 (global step 185100/914928): losses={'lm loss': 1.651017427444458} grad_norm=0.8384 lr=1.00e-04 gpu_mem cur=2979MiB peak=8611MiB
Epoch 1/3 step 185200/304976 (global step 185200/914928): losses={'lm loss': 1.4946973323822021} grad_norm=0.8048 lr=1.00e-04 gpu_mem cur=2979MiB peak=8611MiB
Epoch 1/3 step 185300/304976 (global step 185300/914928): losses={'lm loss': 1.6389918327331543} grad_norm=0.8444 lr=1.00e-04 gpu_mem cur=2979MiB peak=8611MiB
Epoch 1/3 step 185400/304976 (global step 185400/914928): losses={'lm loss': 1.4610977172851562} grad_norm=0.7803 lr=1.00e-04 gpu_mem cur=2979MiB peak=8611MiB
Epoch 1/3 step 185500/304976 (global step 185500/914928): losses={'lm loss': 1.4320889711380005} grad_norm=0.7827 lr=1.00e-04 gpu_mem cur=2979MiB peak=8611MiB
Epoch 1/3 step 185600/304976 (global step 185600/914928): losses={'lm loss': 1.556431531906128} grad_norm=0.8229 lr=1.00e-04 gpu_mem cur=2979MiB peak=8611MiB
Epoch 1/3 step 185700/304976 (global step 185700/914928): losses={'lm loss': 1.5594764947891235} grad_norm=0.7765 lr=1.00e-04 gpu_mem cur=2979MiB peak=8611MiB
Epoch 1/3 step 185800/304976 (global step 185800/914928): losses={'lm loss': 1.5396736860275269} grad_norm=0.7978 lr=1.00e-04 gpu_mem cur=2979MiB peak=8611MiB
Epoch 1/3 step 185900/304976 (global step 185900/914928): losses={'lm loss': 1.698643684387207} grad_norm=0.8224 lr=1.00e-04 gpu_mem cur=2979MiB peak=8611MiB
Epoch 1/3 step 186000/304976 (global step 186000/914928): losses={'lm loss': 1.6344025135040283} grad_norm=0.8205 lr=1.00e-04 gpu_mem cur=2979MiB peak=8611MiB
Epoch 1/3 step 186100/304976 (global step 186100/914928): losses={'lm loss': 1.606708288192749} grad_norm=0.8051 lr=1.00e-04 gpu_mem cur=2979MiB peak=8611MiB
Epoch 1/3 step 186200/304976 (global step 186200/914928): losses={'lm loss': 1.5550298690795898} grad_norm=0.7990 lr=1.00e-04 gpu_mem cur=2979MiB peak=8611MiB
Epoch 1/3 step 186300/304976 (global step 186300/914928): losses={'lm loss': 1.6225643157958984} grad_norm=0.8409 lr=1.00e-04 gpu_mem cur=2979MiB peak=8611MiB
Epoch 1/3 step 186400/304976 (global step 186400/914928): losses={'lm loss': 1.638200044631958} grad_norm=0.7794 lr=1.00e-04 gpu_mem cur=2979MiB peak=8611MiB
Epoch 1/3 step 186500/304976 (global step 186500/914928): losses={'lm loss': 1.443690538406372} grad_norm=0.7828 lr=1.00e-04 gpu_mem cur=2979MiB peak=8611MiB
Epoch 1/3 step 186600/304976 (global step 186600/914928): losses={'lm loss': 1.6028629541397095} grad_norm=0.7953 lr=1.00e-04 gpu_mem cur=2979MiB peak=8611MiB
Epoch 1/3 step 186700/304976 (global step 186700/914928): losses={'lm loss': 1.6483765840530396} grad_norm=0.8471 lr=1.00e-04 gpu_mem cur=2979MiB peak=8611MiB
Epoch 1/3 step 186800/304976 (global step 186800/914928): losses={'lm loss': 1.4652504920959473} grad_norm=0.7979 lr=1.00e-04 gpu_mem cur=2979MiB peak=8611MiB
Epoch 1/3 step 186900/304976 (global step 186900/914928): losses={'lm loss': 1.6094468832015991} grad_norm=0.8232 lr=1.00e-04 gpu_mem cur=2979MiB peak=8611MiB
Epoch 1/3 step 187000/304976 (global step 187000/914928): losses={'lm loss': 1.546165108680725} grad_norm=0.7662 lr=1.00e-04 gpu_mem cur=2979MiB peak=8611MiB
Epoch 1/3 step 187100/304976 (global step 187100/914928): losses={'lm loss': 1.6172423362731934} grad_norm=0.7937 lr=1.00e-04 gpu_mem cur=2979MiB peak=8611MiB
Epoch 1/3 step 187200/304976 (global step 187200/914928): losses={'lm loss': 1.5292227268218994} grad_norm=0.7841 lr=1.00e-04 gpu_mem cur=2979MiB peak=8611MiB
Epoch 1/3 step 187300/304976 (global step 187300/914928): losses={'lm loss': 1.597612738609314} grad_norm=0.8161 lr=1.00e-04 gpu_mem cur=2979MiB peak=8611MiB
Epoch 1/3 step 187400/304976 (global step 187400/914928): losses={'lm loss': 1.6684467792510986} grad_norm=0.8315 lr=1.00e-04 gpu_mem cur=2979MiB peak=8611MiB
Epoch 1/3 step 187500/304976 (global step 187500/914928): losses={'lm loss': 1.5040967464447021} grad_norm=0.7672 lr=1.00e-04 gpu_mem cur=2979MiB peak=8611MiB
Epoch 1/3 step 187600/304976 (global step 187600/914928): losses={'lm loss': 1.538233757019043} grad_norm=0.7834 lr=1.00e-04 gpu_mem cur=2979MiB peak=8611MiB
Epoch 1/3 step 187700/304976 (global step 187700/914928): losses={'lm loss': 1.4958124160766602} grad_norm=0.7568 lr=1.00e-04 gpu_mem cur=2979MiB peak=8611MiB
Epoch 1/3 step 187800/304976 (global step 187800/914928): losses={'lm loss': 1.6041133403778076} grad_norm=0.8059 lr=1.00e-04 gpu_mem cur=2979MiB peak=8611MiB
Epoch 1/3 step 187900/304976 (global step 187900/914928): losses={'lm loss': 1.5995509624481201} grad_norm=0.7950 lr=1.00e-04 gpu_mem cur=2979MiB peak=8611MiB
Epoch 1/3 step 188000/304976 (global step 188000/914928): losses={'lm loss': 1.6489661931991577} grad_norm=0.7846 lr=1.00e-04 gpu_mem cur=2979MiB peak=8611MiB
Epoch 1/3 step 188100/304976 (global step 188100/914928): losses={'lm loss': 1.5054137706756592} grad_norm=0.7718 lr=1.00e-04 gpu_mem cur=2979MiB peak=8611MiB
Epoch 1/3 step 188200/304976 (global step 188200/914928): losses={'lm loss': 1.592043161392212} grad_norm=0.8052 lr=1.00e-04 gpu_mem cur=2979MiB peak=8611MiB
Epoch 1/3 step 188300/304976 (global step 188300/914928): losses={'lm loss': 1.46720290184021} grad_norm=0.7984 lr=1.00e-04 gpu_mem cur=2979MiB peak=8611MiB
Epoch 1/3 step 188400/304976 (global step 188400/914928): losses={'lm loss': 1.5512970685958862} grad_norm=0.8074 lr=1.00e-04 gpu_mem cur=2979MiB peak=8611MiB
Epoch 1/3 step 188500/304976 (global step 188500/914928): losses={'lm loss': 1.6629087924957275} grad_norm=0.8266 lr=1.00e-04 gpu_mem cur=2979MiB peak=8611MiB
Epoch 1/3 step 188600/304976 (global step 188600/914928): losses={'lm loss': 1.4999444484710693} grad_norm=0.8158 lr=1.00e-04 gpu_mem cur=2979MiB peak=8611MiB
Epoch 1/3 step 188700/304976 (global step 188700/914928): losses={'lm loss': 1.587446928024292} grad_norm=0.7902 lr=1.00e-04 gpu_mem cur=2979MiB peak=8611MiB
Epoch 1/3 step 188800/304976 (global step 188800/914928): losses={'lm loss': 1.6801114082336426} grad_norm=0.8089 lr=1.00e-04 gpu_mem cur=2979MiB peak=8611MiB
Epoch 1/3 step 188900/304976 (global step 188900/914928): losses={'lm loss': 1.5320217609405518} grad_norm=0.8035 lr=1.00e-04 gpu_mem cur=2979MiB peak=8611MiB
Epoch 1/3 step 189000/304976 (global step 189000/914928): losses={'lm loss': 1.6765739917755127} grad_norm=0.8249 lr=1.00e-04 gpu_mem cur=2979MiB peak=8611MiB
Epoch 1/3 step 189100/304976 (global step 189100/914928): losses={'lm loss': 1.4569931030273438} grad_norm=0.7794 lr=1.00e-04 gpu_mem cur=2979MiB peak=8611MiB
Epoch 1/3 step 189200/304976 (global step 189200/914928): losses={'lm loss': 1.5841219425201416} grad_norm=0.8080 lr=1.00e-04 gpu_mem cur=2979MiB peak=8611MiB
Epoch 1/3 step 189300/304976 (global step 189300/914928): losses={'lm loss': 1.4405767917633057} grad_norm=0.7593 lr=1.00e-04 gpu_mem cur=2979MiB peak=8611MiB
Epoch 1/3 step 189400/304976 (global step 189400/914928): losses={'lm loss': 1.542333722114563} grad_norm=0.7889 lr=1.00e-04 gpu_mem cur=2979MiB peak=8611MiB
Epoch 1/3 step 189500/304976 (global step 189500/914928): losses={'lm loss': 1.6355587244033813} grad_norm=0.8044 lr=1.00e-04 gpu_mem cur=2979MiB peak=8611MiB
Epoch 1/3 step 189600/304976 (global step 189600/914928): losses={'lm loss': 1.480761170387268} grad_norm=0.7340 lr=1.00e-04 gpu_mem cur=2979MiB peak=8611MiB
Epoch 1/3 step 189700/304976 (global step 189700/914928): losses={'lm loss': 1.6168477535247803} grad_norm=0.7963 lr=1.00e-04 gpu_mem cur=2979MiB peak=8611MiB
Epoch 1/3 step 189800/304976 (global step 189800/914928): losses={'lm loss': 1.516487956047058} grad_norm=0.7480 lr=1.00e-04 gpu_mem cur=2979MiB peak=8611MiB
Epoch 1/3 step 189900/304976 (global step 189900/914928): losses={'lm loss': 1.6646392345428467} grad_norm=0.8097 lr=1.00e-04 gpu_mem cur=2979MiB peak=8611MiB
Epoch 1/3 step 190000/304976 (global step 190000/914928): losses={'lm loss': 1.4205472469329834} grad_norm=0.7591 lr=1.00e-04 gpu_mem cur=2979MiB peak=8611MiB
Checkpoint saved to /home/lxk/PycharmProjects/My_megatron/examples/ckpt/step_190000
Removing old checkpoint: /home/lxk/PycharmProjects/My_megatron/examples/ckpt/step_175000
[eval] step_190000: eval_loss=1.5278
[sample 1 @ step_190000] ing by. They thought it was a sign. But the squirrel did not help them. The shadows grew long, and the chill of night set in. The villagers began to feel afraid. The man then said, "We can't stay here forever." The others looked confused. They wanted to go home but didn't know how.

At the end of the night, the moon was bright again. The moon shone brightly, and the people thanked the stars for their gifts
[sample 2 @ step_190000]  set out, thinking today would be an adventure of a lifetime.

The path was slippery and muddy from the rain. Jose slipped and fell right into a mud puddle. "I'm a muddy frog!" he croaked, laughing. The other animals joined in, wearing their silly helmets. They all cheered for Jose, who had driven muddy shoes. It was the best day ever, and Jose learned
[mem] gpu_mem cur=2979MiB peak=8611MiB
Epoch 1/3 step 190100/304976 (global step 190100/914928): losses={'lm loss': 1.5856709480285645} grad_norm=0.7922 lr=1.00e-04 gpu_mem cur=2979MiB peak=8611MiB
Epoch 1/3 step 190200/304976 (global step 190200/914928): losses={'lm loss': 1.5287668704986572} grad_norm=0.8147 lr=1.00e-04 gpu_mem cur=2979MiB peak=8611MiB
Epoch 1/3 step 190300/304976 (global step 190300/914928): losses={'lm loss': 1.5346120595932007} grad_norm=0.7876 lr=1.00e-04 gpu_mem cur=2979MiB peak=8611MiB
Epoch 1/3 step 190400/304976 (global step 190400/914928): losses={'lm loss': 1.6953855752944946} grad_norm=0.8736 lr=1.00e-04 gpu_mem cur=2979MiB peak=8611MiB
Epoch 1/3 step 190500/304976 (global step 190500/914928): losses={'lm loss': 1.7060041427612305} grad_norm=0.8222 lr=1.00e-04 gpu_mem cur=2979MiB peak=8611MiB
Epoch 1/3 step 190600/304976 (global step 190600/914928): losses={'lm loss': 1.597093939781189} grad_norm=0.7931 lr=1.00e-04 gpu_mem cur=2979MiB peak=8611MiB
Epoch 1/3 step 190700/304976 (global step 190700/914928): losses={'lm loss': 1.6594804525375366} grad_norm=0.7707 lr=1.00e-04 gpu_mem cur=2979MiB peak=8611MiB
Epoch 1/3 step 190800/304976 (global step 190800/914928): losses={'lm loss': 1.4727814197540283} grad_norm=0.7657 lr=1.00e-04 gpu_mem cur=2979MiB peak=8611MiB
Epoch 1/3 step 190900/304976 (global step 190900/914928): losses={'lm loss': 1.7149507999420166} grad_norm=0.8510 lr=1.00e-04 gpu_mem cur=2979MiB peak=8611MiB
Epoch 1/3 step 191000/304976 (global step 191000/914928): losses={'lm loss': 1.4114140272140503} grad_norm=0.7707 lr=1.00e-04 gpu_mem cur=2979MiB peak=8611MiB
Epoch 1/3 step 191100/304976 (global step 191100/914928): losses={'lm loss': 1.4761978387832642} grad_norm=0.7823 lr=1.00e-04 gpu_mem cur=2979MiB peak=8611MiB
Epoch 1/3 step 191200/304976 (global step 191200/914928): losses={'lm loss': 1.4829283952713013} grad_norm=0.7890 lr=1.00e-04 gpu_mem cur=2979MiB peak=8611MiB
Epoch 1/3 step 191300/304976 (global step 191300/914928): losses={'lm loss': 1.5075167417526245} grad_norm=0.7748 lr=1.00e-04 gpu_mem cur=2979MiB peak=8611MiB
Epoch 1/3 step 191400/304976 (global step 191400/914928): losses={'lm loss': 1.6084928512573242} grad_norm=0.7979 lr=1.00e-04 gpu_mem cur=2979MiB peak=8611MiB
Epoch 1/3 step 191500/304976 (global step 191500/914928): losses={'lm loss': 1.4962337017059326} grad_norm=0.7481 lr=1.00e-04 gpu_mem cur=2979MiB peak=8611MiB
Epoch 1/3 step 191600/304976 (global step 191600/914928): losses={'lm loss': 1.588686466217041} grad_norm=0.9561 lr=1.00e-04 gpu_mem cur=2979MiB peak=8611MiB
Epoch 1/3 step 191700/304976 (global step 191700/914928): losses={'lm loss': 1.5594316720962524} grad_norm=0.8092 lr=1.00e-04 gpu_mem cur=2979MiB peak=8611MiB
Epoch 1/3 step 191800/304976 (global step 191800/914928): losses={'lm loss': 1.5817830562591553} grad_norm=0.7851 lr=1.00e-04 gpu_mem cur=2979MiB peak=8611MiB
Epoch 1/3 step 191900/304976 (global step 191900/914928): losses={'lm loss': 1.580185890197754} grad_norm=0.7842 lr=1.00e-04 gpu_mem cur=2979MiB peak=8611MiB
Epoch 1/3 step 192000/304976 (global step 192000/914928): losses={'lm loss': 1.556966781616211} grad_norm=0.8063 lr=1.00e-04 gpu_mem cur=2979MiB peak=8611MiB
Epoch 1/3 step 192100/304976 (global step 192100/914928): losses={'lm loss': 1.473954677581787} grad_norm=0.7688 lr=1.00e-04 gpu_mem cur=2979MiB peak=8611MiB
Epoch 1/3 step 192200/304976 (global step 192200/914928): losses={'lm loss': 1.5423611402511597} grad_norm=0.7992 lr=1.00e-04 gpu_mem cur=2979MiB peak=8611MiB
Epoch 1/3 step 192300/304976 (global step 192300/914928): losses={'lm loss': 1.582655668258667} grad_norm=0.7990 lr=1.00e-04 gpu_mem cur=2979MiB peak=8611MiB
Epoch 1/3 step 192400/304976 (global step 192400/914928): losses={'lm loss': 1.4750380516052246} grad_norm=0.7993 lr=1.00e-04 gpu_mem cur=2979MiB peak=8611MiB
Epoch 1/3 step 192500/304976 (global step 192500/914928): losses={'lm loss': 1.6694238185882568} grad_norm=0.8169 lr=1.00e-04 gpu_mem cur=2979MiB peak=8611MiB
Epoch 1/3 step 192600/304976 (global step 192600/914928): losses={'lm loss': 1.4950240850448608} grad_norm=0.7948 lr=1.00e-04 gpu_mem cur=2979MiB peak=8611MiB
Epoch 1/3 step 192700/304976 (global step 192700/914928): losses={'lm loss': 1.5309772491455078} grad_norm=0.7807 lr=1.00e-04 gpu_mem cur=2979MiB peak=8611MiB
Epoch 1/3 step 192800/304976 (global step 192800/914928): losses={'lm loss': 1.5958975553512573} grad_norm=0.8044 lr=1.00e-04 gpu_mem cur=2979MiB peak=8611MiB
Epoch 1/3 step 192900/304976 (global step 192900/914928): losses={'lm loss': 1.5373764038085938} grad_norm=0.7784 lr=1.00e-04 gpu_mem cur=2979MiB peak=8611MiB
Epoch 1/3 step 193000/304976 (global step 193000/914928): losses={'lm loss': 1.5193300247192383} grad_norm=0.8127 lr=1.00e-04 gpu_mem cur=2979MiB peak=8611MiB
Epoch 1/3 step 193100/304976 (global step 193100/914928): losses={'lm loss': 1.5592396259307861} grad_norm=0.7952 lr=1.00e-04 gpu_mem cur=2979MiB peak=8611MiB
Epoch 1/3 step 193200/304976 (global step 193200/914928): losses={'lm loss': 1.695785641670227} grad_norm=0.7999 lr=1.00e-04 gpu_mem cur=2979MiB peak=8611MiB
Epoch 1/3 step 193300/304976 (global step 193300/914928): losses={'lm loss': 1.5612502098083496} grad_norm=0.7689 lr=1.00e-04 gpu_mem cur=2979MiB peak=8611MiB
Epoch 1/3 step 193400/304976 (global step 193400/914928): losses={'lm loss': 1.5682965517044067} grad_norm=0.7704 lr=1.00e-04 gpu_mem cur=2979MiB peak=8611MiB
Epoch 1/3 step 193500/304976 (global step 193500/914928): losses={'lm loss': 1.5149447917938232} grad_norm=0.7695 lr=1.00e-04 gpu_mem cur=2979MiB peak=8611MiB
Epoch 1/3 step 193600/304976 (global step 193600/914928): losses={'lm loss': 1.5076360702514648} grad_norm=0.7911 lr=1.00e-04 gpu_mem cur=2979MiB peak=8611MiB
Epoch 1/3 step 193700/304976 (global step 193700/914928): losses={'lm loss': 1.474778652191162} grad_norm=0.7801 lr=1.00e-04 gpu_mem cur=2979MiB peak=8611MiB
Epoch 1/3 step 193800/304976 (global step 193800/914928): losses={'lm loss': 1.5480735301971436} grad_norm=0.7931 lr=1.00e-04 gpu_mem cur=2979MiB peak=8611MiB
Epoch 1/3 step 193900/304976 (global step 193900/914928): losses={'lm loss': 1.7550455331802368} grad_norm=0.8573 lr=1.00e-04 gpu_mem cur=2979MiB peak=8611MiB
Epoch 1/3 step 194000/304976 (global step 194000/914928): losses={'lm loss': 1.5678956508636475} grad_norm=0.7805 lr=1.00e-04 gpu_mem cur=2979MiB peak=8611MiB
Epoch 1/3 step 194100/304976 (global step 194100/914928): losses={'lm loss': 1.4472845792770386} grad_norm=0.7598 lr=1.00e-04 gpu_mem cur=2979MiB peak=8611MiB
Epoch 1/3 step 194200/304976 (global step 194200/914928): losses={'lm loss': 1.4942173957824707} grad_norm=0.7632 lr=1.00e-04 gpu_mem cur=2979MiB peak=8611MiB
Epoch 1/3 step 194300/304976 (global step 194300/914928): losses={'lm loss': 1.7062746286392212} grad_norm=0.8547 lr=1.00e-04 gpu_mem cur=2979MiB peak=8611MiB
Epoch 1/3 step 194400/304976 (global step 194400/914928): losses={'lm loss': 1.6108964681625366} grad_norm=0.8034 lr=1.00e-04 gpu_mem cur=2979MiB peak=8611MiB
Epoch 1/3 step 194500/304976 (global step 194500/914928): losses={'lm loss': 1.5328949689865112} grad_norm=0.8115 lr=1.00e-04 gpu_mem cur=2979MiB peak=8611MiB
Epoch 1/3 step 194600/304976 (global step 194600/914928): losses={'lm loss': 1.4515339136123657} grad_norm=0.7716 lr=1.00e-04 gpu_mem cur=2979MiB peak=8611MiB
Epoch 1/3 step 194700/304976 (global step 194700/914928): losses={'lm loss': 1.5297367572784424} grad_norm=0.7997 lr=1.00e-04 gpu_mem cur=2979MiB peak=8611MiB
Epoch 1/3 step 194800/304976 (global step 194800/914928): losses={'lm loss': 1.5767955780029297} grad_norm=0.7916 lr=1.00e-04 gpu_mem cur=2979MiB peak=8611MiB
Epoch 1/3 step 194900/304976 (global step 194900/914928): losses={'lm loss': 1.5537604093551636} grad_norm=0.7722 lr=1.00e-04 gpu_mem cur=2979MiB peak=8611MiB
Epoch 1/3 step 195000/304976 (global step 195000/914928): losses={'lm loss': 1.5518933534622192} grad_norm=0.7925 lr=1.00e-04 gpu_mem cur=2979MiB peak=8611MiB
Checkpoint saved to /home/lxk/PycharmProjects/My_megatron/examples/ckpt/step_195000
Removing old checkpoint: /home/lxk/PycharmProjects/My_megatron/examples/ckpt/step_180000
[eval] step_195000: eval_loss=1.5226
[sample 1 @ step_195000] ing by. They thought it was a sign. But the squirrel did not help them. The shadows grew long, and the chill of night set in. The giant tree stood witness to their struggle. In their quest for revenge, they lost the very thing that held them power. The cruel man turned away, feeling no warmth back.<|endoftext|>Days passed in a small town where a girl named Anne lived. She loved to read stories about magic and adventure. One day, she
[sample 2 @ step_195000]  set out, thinking today would be an adventure of a lifetime.

The path was slippery and muddy from the rain. Yet, she didn't give up. As she walked, she looked closely at the trees and the animals. Each step was a part of her journey, a way to grow in her soul. The journey was not just about finding the flower, but about discovering herself along the way.

After a while, she
[mem] gpu_mem cur=2979MiB peak=8611MiB
Epoch 1/3 step 195100/304976 (global step 195100/914928): losses={'lm loss': 1.432952642440796} grad_norm=0.7698 lr=1.00e-04 gpu_mem cur=2979MiB peak=8611MiB
Epoch 1/3 step 195200/304976 (global step 195200/914928): losses={'lm loss': 1.499760627746582} grad_norm=0.7842 lr=1.00e-04 gpu_mem cur=2979MiB peak=8611MiB
Epoch 1/3 step 195300/304976 (global step 195300/914928): losses={'lm loss': 1.554304599761963} grad_norm=0.7866 lr=1.00e-04 gpu_mem cur=2979MiB peak=8611MiB
Epoch 1/3 step 195400/304976 (global step 195400/914928): losses={'lm loss': 1.593461275100708} grad_norm=0.7962 lr=1.00e-04 gpu_mem cur=2979MiB peak=8611MiB
Epoch 1/3 step 195500/304976 (global step 195500/914928): losses={'lm loss': 1.4341442584991455} grad_norm=0.7867 lr=1.00e-04 gpu_mem cur=2979MiB peak=8611MiB
Epoch 1/3 step 195600/304976 (global step 195600/914928): losses={'lm loss': 1.5692492723464966} grad_norm=0.7924 lr=1.00e-04 gpu_mem cur=2979MiB peak=8611MiB
Epoch 1/3 step 195700/304976 (global step 195700/914928): losses={'lm loss': 1.5811309814453125} grad_norm=0.7538 lr=1.00e-04 gpu_mem cur=2979MiB peak=8611MiB
Epoch 1/3 step 195800/304976 (global step 195800/914928): losses={'lm loss': 1.4348939657211304} grad_norm=0.7475 lr=1.00e-04 gpu_mem cur=2979MiB peak=8611MiB
Epoch 1/3 step 195900/304976 (global step 195900/914928): losses={'lm loss': 1.5682177543640137} grad_norm=0.7788 lr=1.00e-04 gpu_mem cur=2979MiB peak=8611MiB
Epoch 1/3 step 196000/304976 (global step 196000/914928): losses={'lm loss': 1.6781985759735107} grad_norm=0.8225 lr=1.00e-04 gpu_mem cur=2979MiB peak=8611MiB
Epoch 1/3 step 196100/304976 (global step 196100/914928): losses={'lm loss': 1.537877082824707} grad_norm=0.7805 lr=1.00e-04 gpu_mem cur=2979MiB peak=8611MiB
Epoch 1/3 step 196200/304976 (global step 196200/914928): losses={'lm loss': 1.426745891571045} grad_norm=0.7618 lr=1.00e-04 gpu_mem cur=2979MiB peak=8611MiB
Epoch 1/3 step 196300/304976 (global step 196300/914928): losses={'lm loss': 1.6934607028961182} grad_norm=0.7813 lr=1.00e-04 gpu_mem cur=2979MiB peak=8611MiB
                                                                                                                                                               